-- phpMyAdmin SQL Dump
-- version 5.0.4
-- https://www.phpmyadmin.net/
--
-- Servidor: 127.0.0.1
-- Tiempo de generación: 06-03-2021 a las 11:59:09
-- Versión del servidor: 10.4.17-MariaDB
-- Versión de PHP: 7.2.34

SET FOREIGN_KEY_CHECKS=0;
SET SQL_MODE = "NO_AUTO_VALUE_ON_ZERO";
START TRANSACTION;
SET time_zone = "+00:00";


/*!40101 SET @OLD_CHARACTER_SET_CLIENT=@@CHARACTER_SET_CLIENT */;
/*!40101 SET @OLD_CHARACTER_SET_RESULTS=@@CHARACTER_SET_RESULTS */;
/*!40101 SET @OLD_COLLATION_CONNECTION=@@COLLATION_CONNECTION */;
/*!40101 SET NAMES utf8mb4 */;

--
-- Base de datos: `hotel_db`
--
CREATE DATABASE IF NOT EXISTS `hotel_db` DEFAULT CHARACTER SET utf8 COLLATE utf8_spanish_ci;
USE `hotel_db`;

-- --------------------------------------------------------

--
-- Estructura de tabla para la tabla `agencia`
--

DROP TABLE IF EXISTS `agencia`;
CREATE TABLE IF NOT EXISTS `agencia` (
  `COD_AGENCIA` varchar(9) COLLATE utf8_spanish_ci NOT NULL,
  `ID_CLIENTE` varchar(9) COLLATE utf8_spanish_ci DEFAULT NULL,
  `NOMBRE` varchar(40) COLLATE utf8_spanish_ci NOT NULL,
  `FECHA_INICIO_RELACIONES` date NOT NULL,
  `PAIS_ORIGEN` varchar(40) COLLATE utf8_spanish_ci NOT NULL,
  `ES_VIRTUAL` enum('Sí','No') COLLATE utf8_spanish_ci NOT NULL,
  `VALORACION` decimal(2,0) NOT NULL,
  `ULTIMA_ACTUALIZACION` timestamp NOT NULL DEFAULT current_timestamp() ON UPDATE current_timestamp(),
  PRIMARY KEY (`COD_AGENCIA`),
  UNIQUE KEY `ID_CLIENTE` (`ID_CLIENTE`)
) ENGINE=InnoDB DEFAULT CHARSET=utf8 COLLATE=utf8_spanish_ci;

--
-- Volcado de datos para la tabla `agencia`
--

INSERT INTO `agencia` (`COD_AGENCIA`, `ID_CLIENTE`, `NOMBRE`, `FECHA_INICIO_RELACIONES`, `PAIS_ORIGEN`, `ES_VIRTUAL`, `VALORACION`, `ULTIMA_ACTUALIZACION`) VALUES
('024657456', '825139168', 'Rodriguez, Gleason and Conroy', '2019-09-21', 'Vietnam', 'Sí', '7', '2013-04-08 22:00:00'),
('030462740', '149955849', 'Towne, Kub and Thompson', '2019-11-14', 'Papua New Guinea', 'Sí', '4', '2020-08-11 22:00:00'),
('131222278', '821472405', 'Mills, Kovacek and Conn', '2012-09-02', 'Togo', 'Sí', '8', '2015-05-13 22:00:00'),
('173720155', '799968909', 'Gislason PLC', '2014-10-11', 'Comoros', 'Sí', '1', '2013-03-15 23:00:00'),
('194287141', '820823905', 'Adams Inc', '2012-01-12', 'Paraguay', 'Sí', '8', '2016-12-12 23:00:00'),
('207519251', '373712738', 'Adams, Waters and Powlowski', '2016-06-14', 'Timor-Leste', 'No', '3', '2012-05-05 22:00:00'),
('227401376', '087404612', 'Oberbrunner-Maggio', '2016-01-14', 'Vietnam', 'Sí', '8', '2017-11-08 23:00:00'),
('230378428', '579399762', 'Conn-Bergstrom', '2017-01-31', 'Bangladesh', 'Sí', '7', '2017-09-19 22:00:00'),
('244058984', '721849885', 'Medhurst, Lebsack and Torp', '2017-01-08', 'Australia', 'No', '3', '2017-12-14 23:00:00'),
('244719744', '062579368', 'Gutkowski, Padberg and Graham', '2012-02-15', 'Czech Republic', 'Sí', '1', '2014-09-04 22:00:00'),
('244939484', '705916417', 'Hammes-Wehner', '2013-05-25', 'Korea', 'Sí', '7', '2015-07-24 22:00:00'),
('293309788', '552361948', 'Emard Inc', '2016-04-03', 'Honduras', 'No', '9', '2013-03-21 23:00:00'),
('307577179', '682258747', 'Schulist, Buckridge and Jacobs', '2018-06-28', 'Cuba', 'No', '7', '2012-04-08 22:00:00'),
('314681567', '174181118', 'Koelpin, Hammes and Kohler', '2020-08-12', 'Netherlands Antilles', 'No', '3', '2019-02-19 23:00:00'),
('321216039', '677646264', 'Herzog-Thiel', '2017-09-04', 'Togo', 'Sí', '6', '2015-11-12 23:00:00'),
('329651085', '356362456', 'Pagac-Gerhold', '2012-08-08', 'Saint Lucia', 'No', '7', '2015-11-16 23:00:00'),
('343277836', '583515659', 'Gusikowski LLC', '2013-08-24', 'Brunei Darussalam', 'No', '10', '2020-03-04 23:00:00'),
('360930547', '697715355', 'Jacobi LLC', '2014-05-22', 'French Polynesia', 'No', '6', '2017-09-13 22:00:00'),
('434411167', '409911481', 'Yost Inc', '2021-02-19', 'Uzbekistan', 'Sí', '3', '2017-02-09 23:00:00'),
('460787113', '424334837', 'Von, Herman and Toy', '2011-08-20', 'Liberia', 'No', '2', '2016-12-16 23:00:00'),
('472105572', '837980657', 'Block-Jaskolski', '2017-09-19', 'Guinea-Bissau', 'No', '3', '2016-08-06 22:00:00'),
('501921633', '084364806', 'Kovacek PLC', '2020-07-02', 'Tokelau', 'No', '6', '2017-04-21 22:00:00'),
('517642314', '182330951', 'Howell-Jacobi', '2018-04-14', 'Tajikistan', 'Sí', '5', '2018-02-20 23:00:00'),
('529997978', '000304774', 'Gislason-Mohr', '2014-04-02', 'Nigeria', 'No', '7', '2011-10-24 22:00:00'),
('541693254', '236719989', 'Haley and Sons', '2018-11-11', 'Tunisia', 'No', '8', '2011-05-30 22:00:00'),
('558490641', '711879587', 'Gutkowski, Cruickshank and Corwin', '2015-11-14', 'Belgium', 'No', '2', '2019-01-24 23:00:00'),
('585757923', '468788790', 'Reichert-Corwin', '2013-08-25', 'Bulgaria', 'No', '1', '2016-03-28 22:00:00'),
('585840766', '951315873', 'Gaylord, O\'Reilly and Aufderhar', '2017-06-22', 'Palestinian Territory', 'Sí', '7', '2017-08-12 22:00:00'),
('629252090', '029574483', 'Gislason, Conn and Lemke', '2014-10-21', 'Yemen', 'No', '9', '2016-08-27 22:00:00'),
('649104544', '087384638', 'Reichert-Botsford', '2011-03-14', 'Uganda', 'No', '1', '2018-10-02 22:00:00'),
('655348841', '005856234', 'Klein, Buckridge and Corkery', '2016-04-28', 'Japan', 'No', '6', '2013-07-31 22:00:00'),
('680152862', '988051214', 'Nikolaus-Kulas', '2016-10-01', 'Netherlands', 'Sí', '2', '2014-03-30 22:00:00'),
('692820406', '529364369', 'O\'Kon LLC', '2011-03-26', 'United States Minor Outlying Islands', 'No', '9', '2019-11-23 23:00:00'),
('693722400', '392277893', 'Hartmann-Jerde', '2018-10-05', 'Cocos (Keeling) Islands', 'Sí', '3', '2018-05-16 22:00:00'),
('695726922', '410197019', 'Wintheiser Inc', '2014-07-24', 'Botswana', 'No', '1', '2013-10-21 22:00:00'),
('702555129', '111500268', 'White-Corkery', '2015-08-29', 'Singapore', 'No', '7', '2017-04-14 22:00:00'),
('711002467', '861662333', 'Reinger-Stiedemann', '2013-05-09', 'Papua New Guinea', 'Sí', '8', '2011-03-21 23:00:00'),
('719877667', '063735437', 'Morar, Gusikowski and Luettgen', '2019-09-01', 'Tuvalu', 'No', '5', '2015-08-23 22:00:00'),
('726237634', '918934310', 'Johns and Sons', '2019-04-19', 'Kiribati', 'No', '6', '2018-10-13 22:00:00'),
('727517819', '388236355', 'Kutch LLC', '2019-06-13', 'Singapore', 'No', '6', '2016-01-14 23:00:00'),
('730855118', '640641130', 'Runolfsson, Schmitt and Nienow', '2020-09-11', 'Cuba', 'Sí', '1', '2017-02-07 23:00:00'),
('737435805', '250332654', 'Runolfsson, Kassulke and Price', '2012-09-21', 'Jordan', 'No', '9', '2014-01-09 23:00:00'),
('766550270', '107147839', 'O\'Connell, Rosenbaum and Buckridge', '2019-07-24', 'Montenegro', 'Sí', '10', '2011-12-07 23:00:00'),
('781285050', '262566141', 'Donnelly-Leffler', '2015-12-02', 'Belarus', 'Sí', '6', '2016-09-05 22:00:00'),
('815577514', '180130133', 'Gaylord, Prohaska and Moore', '2016-08-13', 'Czech Republic', 'Sí', '6', '2017-11-14 23:00:00'),
('842140366', '228166234', 'Kovacek Ltd', '2018-01-14', 'Monaco', 'No', '4', '2015-09-10 22:00:00'),
('845946693', '645279720', 'Kozey-Torp', '2020-06-09', 'Montenegro', 'No', '5', '2011-07-23 22:00:00'),
('890343974', '712697150', 'Watsica, Koss and Simonis', '2019-07-13', 'Belgium', 'No', '9', '2012-04-20 22:00:00'),
('975793745', '476506633', 'Thiel, Hegmann and Kerluke', '2015-12-18', 'Italy', 'No', '6', '2018-01-29 23:00:00'),
('988817236', '100855193', 'Nolan Ltd', '2020-03-19', 'Trinidad and Tobago', 'Sí', '10', '2013-02-06 23:00:00');

-- --------------------------------------------------------

--
-- Estructura de tabla para la tabla `apartamento`
--

DROP TABLE IF EXISTS `apartamento`;
CREATE TABLE IF NOT EXISTS `apartamento` (
  `ID_ESPACIO` varchar(9) COLLATE utf8_spanish_ci NOT NULL,
  `TIENE_SALON` enum('Sí','No') COLLATE utf8_spanish_ci NOT NULL,
  `COCINA_ELECTRICA` enum('Sí','No') COLLATE utf8_spanish_ci NOT NULL,
  `NUM_PLANTAS` decimal(2,0) NOT NULL,
  `TIENE_ASCENSOR` enum('Sí','No') COLLATE utf8_spanish_ci NOT NULL,
  `NUM_HABITACIONES` int(1) NOT NULL,
  `ULTIMA_ACTUALIZACION` timestamp NOT NULL DEFAULT current_timestamp() ON UPDATE current_timestamp(),
  PRIMARY KEY (`ID_ESPACIO`)
) ENGINE=InnoDB DEFAULT CHARSET=utf8 COLLATE=utf8_spanish_ci;

--
-- Volcado de datos para la tabla `apartamento`
--

INSERT INTO `apartamento` (`ID_ESPACIO`, `TIENE_SALON`, `COCINA_ELECTRICA`, `NUM_PLANTAS`, `TIENE_ASCENSOR`, `NUM_HABITACIONES`, `ULTIMA_ACTUALIZACION`) VALUES
('722347687', 'Sí', 'No', '1', 'No', 2, '2019-03-27 23:00:00'),
('729519881', 'Sí', 'No', '1', 'Sí', 3, '2020-02-16 23:00:00'),
('738750803', 'No', 'Sí', '4', 'No', 9, '2019-12-28 23:00:00'),
('754842465', 'Sí', 'No', '2', 'No', 3, '2017-03-29 22:00:00'),
('764378255', 'No', 'Sí', '4', 'Sí', 6, '2018-05-25 22:00:00'),
('774622100', 'No', 'Sí', '5', 'No', 3, '2020-02-28 23:00:00'),
('786505741', 'No', 'Sí', '4', 'Sí', 8, '2020-07-09 22:00:00'),
('787074940', 'Sí', 'Sí', '2', 'No', 6, '2020-11-19 23:00:00'),
('791169840', 'No', 'No', '4', 'No', 2, '2013-01-06 23:00:00'),
('795590758', 'No', 'No', '5', 'No', 8, '2011-06-19 22:00:00'),
('803805649', 'No', 'Sí', '3', 'Sí', 5, '2014-02-07 23:00:00'),
('807362227', 'Sí', 'Sí', '5', 'No', 2, '2019-07-12 22:00:00'),
('809328115', 'Sí', 'Sí', '4', 'Sí', 8, '2020-01-26 23:00:00'),
('809489198', 'No', 'Sí', '4', 'No', 8, '2018-12-31 23:00:00'),
('809545814', 'No', 'No', '2', 'No', 6, '2013-02-10 23:00:00'),
('813326738', 'Sí', 'Sí', '1', 'Sí', 0, '2014-07-06 22:00:00'),
('815285853', 'No', 'No', '5', 'No', 8, '2014-05-24 22:00:00'),
('815902749', 'No', 'Sí', '1', 'No', 4, '2017-02-20 23:00:00'),
('817663881', 'No', 'No', '1', 'No', 0, '2011-07-03 22:00:00'),
('821702064', 'No', 'Sí', '2', 'Sí', 4, '2019-10-20 22:00:00'),
('822794929', 'Sí', 'Sí', '1', 'No', 2, '2013-10-21 22:00:00'),
('828935407', 'Sí', 'Sí', '3', 'No', 1, '2014-07-26 22:00:00'),
('829326610', 'No', 'No', '3', 'No', 5, '2019-04-04 22:00:00'),
('842221757', 'Sí', 'No', '2', 'Sí', 2, '2012-07-01 22:00:00'),
('846135370', 'Sí', 'Sí', '3', 'No', 9, '2017-01-07 23:00:00'),
('848318690', 'No', 'No', '3', 'No', 5, '2015-07-24 22:00:00'),
('854717185', 'Sí', 'No', '5', 'No', 8, '2012-08-19 22:00:00'),
('860005070', 'Sí', 'Sí', '5', 'No', 1, '2019-02-11 23:00:00'),
('860338284', 'Sí', 'Sí', '2', 'Sí', 2, '2019-11-17 23:00:00'),
('863246729', 'No', 'Sí', '4', 'Sí', 7, '2015-10-26 23:00:00'),
('866627877', 'No', 'Sí', '2', 'Sí', 9, '2020-11-20 23:00:00'),
('876834803', 'No', 'Sí', '1', 'Sí', 7, '2016-08-22 22:00:00'),
('881164449', 'Sí', 'Sí', '1', 'Sí', 6, '2014-10-18 22:00:00'),
('885837281', 'Sí', 'Sí', '2', 'Sí', 9, '2019-10-11 22:00:00'),
('910617325', 'No', 'No', '4', 'No', 6, '2019-07-20 22:00:00'),
('910737692', 'No', 'Sí', '1', 'No', 1, '2012-05-01 22:00:00'),
('920864754', 'No', 'Sí', '1', 'Sí', 9, '2014-11-14 23:00:00'),
('924370606', 'No', 'Sí', '4', 'Sí', 2, '2018-01-08 23:00:00'),
('927509350', 'No', 'Sí', '5', 'Sí', 9, '2019-03-16 23:00:00'),
('933760377', 'No', 'No', '1', 'No', 3, '2013-09-12 22:00:00'),
('935853427', 'No', 'Sí', '1', 'Sí', 6, '2013-11-29 23:00:00'),
('946316467', 'Sí', 'Sí', '2', 'No', 7, '2013-07-24 22:00:00'),
('955205550', 'Sí', 'Sí', '3', 'Sí', 1, '2013-08-13 22:00:00'),
('960925565', 'Sí', 'Sí', '4', 'No', 6, '2019-04-16 22:00:00'),
('966477448', 'Sí', 'Sí', '3', 'No', 9, '2018-10-01 22:00:00'),
('975154047', 'No', 'No', '4', 'No', 3, '2017-06-19 22:00:00'),
('976943165', 'No', 'No', '2', 'No', 1, '2017-12-10 23:00:00'),
('976972301', 'No', 'Sí', '4', 'Sí', 2, '2017-12-06 23:00:00'),
('979377000', 'No', 'No', '3', 'No', 1, '2012-07-21 22:00:00'),
('985228451', 'Sí', 'Sí', '2', 'No', 1, '2020-06-22 22:00:00');

-- --------------------------------------------------------

--
-- Estructura de tabla para la tabla `aprendiz`
--

DROP TABLE IF EXISTS `aprendiz`;
CREATE TABLE IF NOT EXISTS `aprendiz` (
  `NUM_ID` varchar(9) COLLATE utf8_spanish_ci NOT NULL,
  `FECHA_INGRESO` date DEFAULT NULL,
  PRIMARY KEY (`NUM_ID`)
) ENGINE=InnoDB DEFAULT CHARSET=utf8 COLLATE=utf8_spanish_ci;

-- --------------------------------------------------------

--
-- Estructura de tabla para la tabla `aprendiz_realiza_practica`
--

DROP TABLE IF EXISTS `aprendiz_realiza_practica`;
CREATE TABLE IF NOT EXISTS `aprendiz_realiza_practica` (
  `ID_APRENDIZ_PRACTICA` varchar(12) COLLATE utf8_spanish_ci NOT NULL,
  `NUM_ID_APRENDIZ` varchar(9) COLLATE utf8_spanish_ci NOT NULL,
  `ID_PRACTICA` varchar(3) COLLATE utf8_spanish_ci NOT NULL,
  `HORAS_REALIZADAS` float(7,2) UNSIGNED NOT NULL,
  PRIMARY KEY (`ID_APRENDIZ_PRACTICA`),
  UNIQUE KEY `NUM_ID_APRENDIZ` (`NUM_ID_APRENDIZ`),
  UNIQUE KEY `ID_PRACTICA` (`ID_PRACTICA`)
) ENGINE=InnoDB DEFAULT CHARSET=utf8 COLLATE=utf8_spanish_ci;

-- --------------------------------------------------------

--
-- Estructura de tabla para la tabla `cliente`
--

DROP TABLE IF EXISTS `cliente`;
CREATE TABLE IF NOT EXISTS `cliente` (
  `ID_CLIENTE` varchar(9) COLLATE utf8_spanish_ci NOT NULL,
  `FECHA_PRIMER_CONTRATO` date NOT NULL,
  `ES_CLIENTE_VIP` enum('Sí','No') COLLATE utf8_spanish_ci DEFAULT NULL,
  `ULTIMA_ACTUALIZACION` timestamp NOT NULL DEFAULT current_timestamp() ON UPDATE current_timestamp(),
  PRIMARY KEY (`ID_CLIENTE`)
) ENGINE=InnoDB DEFAULT CHARSET=utf8 COLLATE=utf8_spanish_ci;

--
-- Volcado de datos para la tabla `cliente`
--

INSERT INTO `cliente` (`ID_CLIENTE`, `FECHA_PRIMER_CONTRATO`, `ES_CLIENTE_VIP`, `ULTIMA_ACTUALIZACION`) VALUES
('000304774', '2019-12-12', 'No', '2017-07-13 22:00:00'),
('002877211', '2019-10-15', 'No', '2018-05-15 22:00:00'),
('005856234', '2011-09-16', 'No', '2017-12-25 23:00:00'),
('007300498', '2019-05-14', 'No', '2014-03-22 23:00:00'),
('008614403', '2019-07-21', 'No', '2014-11-28 23:00:00'),
('009180650', '2020-02-06', 'Sí', '2016-07-17 22:00:00'),
('013636187', '2013-02-11', 'Sí', '2020-05-22 22:00:00'),
('015043199', '2017-08-19', 'No', '2011-09-07 22:00:00'),
('015196233', '2012-03-08', 'Sí', '2018-05-23 22:00:00'),
('018165937', '2016-06-16', 'Sí', '2012-10-10 22:00:00'),
('021941126', '2018-05-27', 'Sí', '2017-05-19 22:00:00'),
('025775867', '2014-03-12', 'No', '2011-05-26 22:00:00'),
('029253089', '2013-04-14', 'No', '2015-11-18 23:00:00'),
('029574483', '2014-06-19', 'No', '2015-11-19 23:00:00'),
('031026346', '2011-10-01', 'No', '2012-11-11 23:00:00'),
('032466338', '2012-06-03', 'Sí', '2018-03-11 23:00:00'),
('032976109', '2012-03-07', 'Sí', '2012-08-07 22:00:00'),
('034708862', '2012-06-25', 'No', '2018-01-15 23:00:00'),
('040035116', '2015-08-20', 'No', '2012-11-10 23:00:00'),
('040402339', '2016-10-04', 'Sí', '2012-01-06 23:00:00'),
('041647314', '2016-08-29', 'No', '2012-06-14 22:00:00'),
('044587413', '2014-11-02', 'Sí', '2014-04-27 22:00:00'),
('049373595', '2020-06-15', 'Sí', '2014-10-19 22:00:00'),
('051716265', '2016-11-05', 'Sí', '2019-06-24 22:00:00'),
('052500175', '2017-10-24', 'Sí', '2014-01-08 23:00:00'),
('055168179', '2020-05-21', 'Sí', '2011-10-25 22:00:00'),
('058493582', '2021-02-19', 'No', '2012-01-25 23:00:00'),
('058828362', '2011-12-17', 'Sí', '2011-03-11 23:00:00'),
('062579368', '2020-01-21', 'Sí', '2015-08-22 22:00:00'),
('063735437', '2012-06-02', 'Sí', '2014-10-13 22:00:00'),
('063907023', '2016-08-06', 'No', '2018-12-08 23:00:00'),
('065430522', '2015-12-26', 'Sí', '2012-08-18 22:00:00'),
('070720677', '2016-10-05', 'Sí', '2020-09-20 22:00:00'),
('071356741', '2019-12-23', 'Sí', '2018-03-30 22:00:00'),
('073311373', '2015-04-01', 'No', '2017-09-05 22:00:00'),
('074789560', '2019-08-20', 'No', '2011-03-18 23:00:00'),
('078123836', '2019-12-27', 'No', '2018-01-04 23:00:00'),
('082658737', '2013-11-07', 'Sí', '2012-02-09 23:00:00'),
('084364806', '2017-02-04', 'No', '2011-09-16 22:00:00'),
('087384638', '2020-05-18', 'Sí', '2011-03-19 23:00:00'),
('087404612', '2020-05-30', 'No', '2017-06-11 22:00:00'),
('097160594', '2012-02-16', 'Sí', '2017-04-17 22:00:00'),
('098771607', '2011-05-29', 'Sí', '2012-12-01 23:00:00'),
('100855193', '2018-09-09', 'Sí', '2012-10-31 23:00:00'),
('103864093', '2011-11-03', 'Sí', '2019-09-03 22:00:00'),
('107147839', '2013-11-25', 'Sí', '2019-06-21 22:00:00'),
('108032579', '2016-01-25', 'No', '2017-10-06 22:00:00'),
('110009394', '2018-10-29', 'Sí', '2014-05-07 22:00:00'),
('111396591', '2018-01-04', 'Sí', '2017-11-07 23:00:00'),
('111500268', '2020-09-11', 'Sí', '2020-02-17 23:00:00'),
('112802296', '2016-09-26', 'Sí', '2013-10-11 22:00:00'),
('113288492', '2016-10-12', 'No', '2012-08-28 22:00:00'),
('115318112', '2015-03-21', 'Sí', '2013-07-19 22:00:00'),
('117549111', '2019-10-18', 'No', '2013-05-05 22:00:00'),
('119670936', '2019-04-11', 'Sí', '2020-01-23 23:00:00'),
('120479354', '2017-01-08', 'Sí', '2013-02-21 23:00:00'),
('123288674', '2013-01-03', 'Sí', '2017-04-24 22:00:00'),
('123397927', '2020-04-12', 'Sí', '2015-12-30 23:00:00'),
('123881026', '2014-12-20', 'No', '2016-07-29 22:00:00'),
('123941470', '2017-10-25', 'No', '2013-01-20 23:00:00'),
('132601278', '2012-10-06', 'No', '2020-01-29 23:00:00'),
('136285219', '2019-05-27', 'Sí', '2016-05-12 22:00:00'),
('138637098', '2015-05-17', 'No', '2015-02-28 23:00:00'),
('145163783', '2017-07-26', 'Sí', '2019-07-06 22:00:00'),
('145679205', '2017-10-25', 'Sí', '2016-04-21 22:00:00'),
('145707931', '2011-04-27', 'Sí', '2012-10-20 22:00:00'),
('148308755', '2016-10-01', 'Sí', '2013-08-21 22:00:00'),
('149653562', '2018-07-11', 'Sí', '2013-07-28 22:00:00'),
('149955849', '2018-07-12', 'No', '2020-08-02 22:00:00'),
('151153029', '2018-09-15', 'No', '2015-07-11 22:00:00'),
('152140787', '2020-01-02', 'Sí', '2014-09-25 22:00:00'),
('152686827', '2019-05-16', 'Sí', '2014-02-14 23:00:00'),
('152763959', '2014-11-12', 'Sí', '2015-08-04 22:00:00'),
('161283732', '2019-05-03', 'Sí', '2017-06-03 22:00:00'),
('161582928', '2017-02-06', 'No', '2012-08-01 22:00:00'),
('162381703', '2013-05-25', 'No', '2018-02-17 23:00:00'),
('164200876', '2013-05-16', 'No', '2019-05-07 22:00:00'),
('174181118', '2014-09-15', 'No', '2019-02-18 23:00:00'),
('174197905', '2015-05-02', 'Sí', '2020-07-14 22:00:00'),
('174509111', '2013-09-21', 'Sí', '2017-06-28 22:00:00'),
('176079505', '2011-11-13', 'Sí', '2018-09-23 22:00:00'),
('179093639', '2018-02-01', 'Sí', '2019-06-04 22:00:00'),
('180130133', '2015-05-14', 'No', '2017-11-16 23:00:00'),
('182330951', '2012-12-16', 'No', '2014-12-11 23:00:00'),
('183696385', '2019-10-25', 'No', '2017-03-01 23:00:00'),
('186660284', '2014-05-22', 'No', '2020-11-26 23:00:00'),
('187596880', '2018-01-19', 'No', '2012-12-12 23:00:00'),
('188122771', '2019-02-08', 'Sí', '2021-02-22 23:00:00'),
('196035155', '2017-07-19', 'Sí', '2020-07-05 22:00:00'),
('198073715', '2012-09-26', 'Sí', '2019-07-21 22:00:00'),
('204603709', '2012-01-18', 'Sí', '2014-01-31 23:00:00'),
('204651972', '2018-09-28', 'No', '2017-07-03 22:00:00'),
('206090524', '2017-02-15', 'Sí', '2018-02-01 23:00:00'),
('208236601', '2020-06-30', 'Sí', '2014-03-15 23:00:00'),
('212442726', '2018-08-01', 'Sí', '2016-01-08 23:00:00'),
('221164709', '2018-03-19', 'No', '2012-08-19 22:00:00'),
('221812661', '2020-03-26', 'No', '2020-05-27 22:00:00'),
('223276241', '2016-01-17', 'No', '2013-12-02 23:00:00'),
('224836438', '2018-08-10', 'Sí', '2018-01-20 23:00:00'),
('225403489', '2013-03-29', 'No', '2015-04-18 22:00:00'),
('225671564', '2018-06-21', 'No', '2020-06-05 22:00:00'),
('228166234', '2019-04-01', 'Sí', '2014-07-22 22:00:00'),
('230785953', '2016-04-17', 'No', '2017-04-14 22:00:00'),
('233464511', '2018-07-14', 'Sí', '2012-02-28 23:00:00'),
('234581434', '2016-12-24', 'Sí', '2014-02-28 23:00:00'),
('236719989', '2014-07-02', 'No', '2018-04-10 22:00:00'),
('239109042', '2019-04-25', 'No', '2017-10-20 22:00:00'),
('240930567', '2020-06-30', 'Sí', '2013-11-18 23:00:00'),
('243155853', '2019-11-15', 'Sí', '2019-01-25 23:00:00'),
('243735218', '2013-06-08', 'No', '2015-05-13 22:00:00'),
('249191128', '2014-12-01', 'Sí', '2019-12-17 23:00:00'),
('250332654', '2015-11-05', 'No', '2020-11-13 23:00:00'),
('254894877', '2015-01-08', 'Sí', '2011-05-15 22:00:00'),
('257598500', '2012-12-24', 'No', '2013-12-07 23:00:00'),
('257754823', '2012-03-20', 'No', '2011-06-07 22:00:00'),
('262566141', '2013-04-25', 'Sí', '2020-08-14 22:00:00'),
('265614230', '2016-03-14', 'No', '2018-06-15 22:00:00'),
('275880097', '2012-10-23', 'No', '2017-02-14 23:00:00'),
('280330605', '2013-06-10', 'No', '2013-09-14 22:00:00'),
('282186650', '2015-05-12', 'Sí', '2021-02-11 23:00:00'),
('282621134', '2012-10-31', 'No', '2015-11-10 23:00:00'),
('290607880', '2016-10-25', 'No', '2018-12-02 23:00:00'),
('291872259', '2015-05-23', 'No', '2017-03-11 23:00:00'),
('301730797', '2019-06-02', 'No', '2015-11-27 23:00:00'),
('304874734', '2014-12-21', 'Sí', '2016-06-24 22:00:00'),
('311973726', '2016-01-04', 'Sí', '2019-02-12 23:00:00'),
('314837356', '2016-11-15', 'Sí', '2016-05-20 22:00:00'),
('318259927', '2013-07-24', 'Sí', '2011-07-07 22:00:00'),
('323121565', '2017-02-24', 'Sí', '2012-09-06 22:00:00'),
('325454174', '2016-03-21', 'Sí', '2016-02-06 23:00:00'),
('328698329', '2014-01-25', 'Sí', '2017-11-10 23:00:00'),
('329883816', '2017-08-10', 'No', '2017-03-12 23:00:00'),
('334381451', '2018-05-26', 'No', '2014-08-22 22:00:00'),
('334931221', '2019-10-28', 'Sí', '2020-06-07 22:00:00'),
('338134471', '2017-01-22', 'No', '2020-04-28 22:00:00'),
('349289822', '2016-08-21', 'No', '2016-03-21 23:00:00'),
('355091314', '2014-12-10', 'No', '2017-04-09 22:00:00'),
('355531465', '2019-12-23', 'Sí', '2018-09-09 22:00:00'),
('356182968', '2017-09-18', 'No', '2016-02-27 23:00:00'),
('356362456', '2012-11-18', 'No', '2020-03-21 23:00:00'),
('356789968', '2013-01-16', 'No', '2011-04-12 22:00:00'),
('357745419', '2011-05-27', 'Sí', '2015-07-10 22:00:00'),
('361350300', '2013-04-17', 'No', '2011-10-05 22:00:00'),
('362439966', '2016-03-01', 'No', '2014-03-03 23:00:00'),
('363737598', '2012-10-04', 'No', '2018-06-03 22:00:00'),
('363804364', '2018-02-02', 'No', '2015-02-11 23:00:00'),
('368305690', '2015-10-21', 'Sí', '2014-12-08 23:00:00'),
('369749634', '2016-05-08', 'Sí', '2012-07-07 22:00:00'),
('373712738', '2019-08-29', 'No', '2018-11-08 23:00:00'),
('378681011', '2019-06-02', 'No', '2013-09-27 22:00:00'),
('380382163', '2013-03-11', 'No', '2015-08-08 22:00:00'),
('385469792', '2016-02-24', 'Sí', '2020-04-30 22:00:00'),
('388236355', '2014-02-20', 'No', '2018-01-28 23:00:00'),
('392277893', '2013-12-18', 'Sí', '2014-05-06 22:00:00'),
('392549400', '2019-02-03', 'Sí', '2012-05-26 22:00:00'),
('392899308', '2015-08-25', 'Sí', '2015-05-09 22:00:00'),
('393692225', '2013-02-11', 'Sí', '2014-06-14 22:00:00'),
('398059213', '2021-01-19', 'No', '2020-03-18 23:00:00'),
('400093202', '2013-02-01', 'No', '2019-12-06 23:00:00'),
('400158819', '2014-06-23', 'Sí', '2020-02-29 23:00:00'),
('404437716', '2011-09-29', 'No', '2012-12-06 23:00:00'),
('409911481', '2016-02-15', 'Sí', '2015-09-13 22:00:00'),
('410197019', '2013-06-14', 'No', '2012-03-05 23:00:00'),
('410375394', '2012-06-09', 'No', '2016-12-08 23:00:00'),
('418590008', '2020-10-04', 'Sí', '2020-10-15 22:00:00'),
('424334837', '2014-11-10', 'No', '2013-12-05 23:00:00'),
('426192405', '2018-09-21', 'Sí', '2013-05-06 22:00:00'),
('434109791', '2015-08-31', 'No', '2015-03-14 23:00:00'),
('438582323', '2017-07-04', 'No', '2019-11-14 23:00:00'),
('440080483', '2013-01-29', 'Sí', '2013-12-08 23:00:00'),
('440096868', '2013-08-28', 'Sí', '2014-07-03 22:00:00'),
('442052218', '2016-03-28', 'Sí', '2014-04-28 22:00:00'),
('446285437', '2019-12-28', 'No', '2014-10-04 22:00:00'),
('447830812', '2015-04-27', 'Sí', '2018-09-07 22:00:00'),
('453554794', '2019-01-29', 'No', '2019-04-28 22:00:00'),
('455359661', '2012-04-03', 'Sí', '2017-06-09 22:00:00'),
('455837784', '2016-05-18', 'No', '2019-01-18 23:00:00'),
('462973082', '2011-12-05', 'No', '2018-01-04 23:00:00'),
('465937840', '2013-03-13', 'No', '2013-07-14 22:00:00'),
('465959743', '2020-12-03', 'Sí', '2012-10-17 22:00:00'),
('466379656', '2013-10-12', 'Sí', '2013-12-19 23:00:00'),
('468788790', '2019-10-02', 'Sí', '2019-01-15 23:00:00'),
('476068032', '2013-02-28', 'Sí', '2018-02-14 23:00:00'),
('476503276', '2016-01-08', 'No', '2013-01-31 23:00:00'),
('476506633', '2020-11-16', 'No', '2017-03-28 22:00:00'),
('478545699', '2016-04-09', 'No', '2017-11-27 23:00:00'),
('480237653', '2014-12-11', 'No', '2020-10-10 22:00:00'),
('480525762', '2015-05-25', 'Sí', '2015-08-08 22:00:00'),
('491000065', '2014-12-28', 'No', '2016-09-01 22:00:00'),
('491741844', '2017-11-21', 'No', '2019-07-10 22:00:00'),
('492784428', '2013-10-31', 'No', '2020-03-06 23:00:00'),
('494844356', '2019-02-26', 'Sí', '2018-08-04 22:00:00'),
('495366036', '2019-09-29', 'Sí', '2015-08-23 22:00:00'),
('495962013', '2013-09-19', 'No', '2012-04-03 22:00:00'),
('499716049', '2019-08-15', 'No', '2020-05-14 22:00:00'),
('500238087', '2014-07-05', 'No', '2014-11-03 23:00:00'),
('504031960', '2020-12-06', 'No', '2013-08-27 22:00:00'),
('507459869', '2019-10-09', 'Sí', '2018-01-18 23:00:00'),
('509477186', '2020-12-12', 'No', '2019-07-16 22:00:00'),
('510488616', '2015-11-17', 'Sí', '2020-08-21 22:00:00'),
('516246283', '2012-05-02', 'No', '2016-09-30 22:00:00'),
('517684546', '2019-12-17', 'Sí', '2020-11-03 23:00:00'),
('519263358', '2018-06-14', 'Sí', '2011-03-22 23:00:00'),
('519682526', '2016-05-22', 'Sí', '2018-06-29 22:00:00'),
('520099964', '2018-09-22', 'No', '2013-08-30 22:00:00'),
('521904939', '2011-10-29', 'No', '2013-09-27 22:00:00'),
('523222993', '2019-10-19', 'Sí', '2016-04-04 22:00:00'),
('523746617', '2015-07-09', 'No', '2012-07-17 22:00:00'),
('525092599', '2018-06-10', 'No', '2013-02-02 23:00:00'),
('528034847', '2013-08-15', 'Sí', '2014-07-04 22:00:00'),
('529364369', '2015-04-09', 'No', '2013-03-12 23:00:00'),
('531148387', '2012-04-20', 'No', '2017-04-07 22:00:00'),
('538395683', '2019-05-09', 'Sí', '2014-08-22 22:00:00'),
('539775954', '2012-12-25', 'Sí', '2019-08-26 22:00:00'),
('542170353', '2011-10-08', 'Sí', '2017-09-24 22:00:00'),
('543607464', '2014-12-05', 'No', '2018-01-30 23:00:00'),
('544825003', '2012-07-25', 'Sí', '2013-04-24 22:00:00'),
('545181726', '2012-12-20', 'No', '2012-05-30 22:00:00'),
('546053911', '2013-11-19', 'No', '2019-03-26 23:00:00'),
('548744371', '2011-09-21', 'No', '2016-05-12 22:00:00'),
('552008644', '2013-12-01', 'Sí', '2016-02-15 23:00:00'),
('552361948', '2018-12-16', 'No', '2018-07-18 22:00:00'),
('552755483', '2016-12-24', 'Sí', '2016-08-19 22:00:00'),
('563235773', '2014-11-28', 'Sí', '2017-06-26 22:00:00'),
('567309514', '2012-05-20', 'No', '2013-06-19 22:00:00'),
('569752286', '2015-08-08', 'No', '2021-01-12 23:00:00'),
('569919959', '2017-12-14', 'Sí', '2018-02-10 23:00:00'),
('571789959', '2013-09-22', 'Sí', '2019-12-17 23:00:00'),
('577671678', '2011-05-01', 'Sí', '2013-10-16 22:00:00'),
('579399762', '2011-12-26', 'Sí', '2015-07-06 22:00:00'),
('580939836', '2013-05-14', 'Sí', '2015-01-25 23:00:00'),
('583178213', '2012-02-09', 'Sí', '2016-10-03 22:00:00'),
('583515659', '2014-12-22', 'No', '2013-12-16 23:00:00'),
('585315434', '2012-09-24', 'Sí', '2013-09-26 22:00:00'),
('594576314', '2018-01-13', 'No', '2014-10-07 22:00:00'),
('596795128', '2011-08-26', 'Sí', '2016-06-09 22:00:00'),
('598031287', '2012-01-16', 'No', '2017-08-17 22:00:00'),
('600660335', '2013-08-29', 'No', '2012-03-02 23:00:00'),
('604419349', '2017-01-28', 'No', '2020-12-07 23:00:00'),
('604652685', '2013-03-27', 'Sí', '2013-03-14 23:00:00'),
('604720329', '2015-09-16', 'No', '2014-05-29 22:00:00'),
('610737147', '2017-06-23', 'Sí', '2018-07-22 22:00:00'),
('612642474', '2016-11-14', 'No', '2020-05-23 22:00:00'),
('613065371', '2017-06-30', 'No', '2011-03-18 23:00:00'),
('613113862', '2013-10-27', 'No', '2013-03-03 23:00:00'),
('614657226', '2018-04-08', 'No', '2013-06-23 22:00:00'),
('615565916', '2015-02-27', 'Sí', '2013-06-04 22:00:00'),
('618398250', '2017-11-22', 'No', '2011-06-28 22:00:00'),
('618775593', '2011-10-04', 'No', '2013-03-15 23:00:00'),
('619262677', '2013-05-04', 'Sí', '2012-06-03 22:00:00'),
('620429947', '2016-06-08', 'Sí', '2019-04-01 22:00:00'),
('627469700', '2020-01-24', 'Sí', '2019-02-05 23:00:00'),
('629590340', '2012-05-15', 'No', '2014-09-14 22:00:00'),
('632766336', '2014-01-09', 'Sí', '2012-12-11 23:00:00'),
('635752321', '2017-04-23', 'Sí', '2016-01-14 23:00:00'),
('637048379', '2011-09-29', 'No', '2019-04-21 22:00:00'),
('640422512', '2016-08-31', 'No', '2015-12-21 23:00:00'),
('640641130', '2015-07-24', 'Sí', '2012-11-29 23:00:00'),
('645279720', '2013-06-16', 'Sí', '2013-10-31 23:00:00'),
('650739560', '2013-02-21', 'No', '2019-01-05 23:00:00'),
('657217245', '2020-06-10', 'Sí', '2013-04-06 22:00:00'),
('659987678', '2014-08-21', 'Sí', '2012-10-01 22:00:00'),
('660904323', '2014-02-05', 'No', '2016-04-02 22:00:00'),
('667315631', '2011-03-10', 'Sí', '2013-01-19 23:00:00'),
('667742802', '2014-07-20', 'Sí', '2018-11-02 23:00:00'),
('669545023', '2018-05-08', 'Sí', '2018-10-31 23:00:00'),
('672986971', '2019-05-04', 'No', '2020-01-10 23:00:00'),
('673479514', '2021-02-08', 'No', '2012-03-25 22:00:00'),
('674211310', '2017-10-30', 'Sí', '2013-07-30 22:00:00'),
('676841637', '2019-01-22', 'No', '2016-04-16 22:00:00'),
('677646264', '2011-08-24', 'Sí', '2012-05-24 22:00:00'),
('679979298', '2020-07-20', 'Sí', '2016-11-27 23:00:00'),
('680512470', '2015-02-18', 'Sí', '2020-08-14 22:00:00'),
('680757285', '2019-03-25', 'Sí', '2018-06-28 22:00:00'),
('681757314', '2020-01-16', 'No', '2018-06-16 22:00:00'),
('682258747', '2017-02-12', 'Sí', '2018-12-06 23:00:00'),
('693160653', '2019-09-29', 'No', '2012-02-07 23:00:00'),
('696371962', '2018-11-01', 'No', '2015-02-08 23:00:00'),
('697715355', '2016-10-19', 'Sí', '2016-02-03 23:00:00'),
('699903042', '2012-01-19', 'No', '2013-09-21 22:00:00'),
('702218564', '2017-09-23', 'No', '2019-09-20 22:00:00'),
('702629280', '2013-03-10', 'No', '2013-05-07 22:00:00'),
('705483133', '2015-02-15', 'Sí', '2012-05-10 22:00:00'),
('705916417', '2018-04-20', 'Sí', '2019-05-18 22:00:00'),
('706326262', '2013-08-27', 'Sí', '2019-11-15 23:00:00'),
('706910386', '2015-11-17', 'No', '2014-10-30 23:00:00'),
('707082008', '2012-11-16', 'No', '2015-04-21 22:00:00'),
('708157576', '2020-11-11', 'No', '2013-01-29 23:00:00'),
('709897689', '2012-06-21', 'Sí', '2012-11-26 23:00:00'),
('710256760', '2013-01-29', 'Sí', '2018-07-30 22:00:00'),
('710567605', '2011-07-20', 'Sí', '2018-08-18 22:00:00'),
('711879587', '2012-11-18', 'Sí', '2013-06-14 22:00:00'),
('712697150', '2014-11-27', 'Sí', '2015-05-11 22:00:00'),
('718008635', '2015-12-15', 'No', '2012-05-09 22:00:00'),
('719717093', '2020-11-05', 'Sí', '2019-11-18 23:00:00'),
('721849885', '2020-12-21', 'Sí', '2014-07-06 22:00:00'),
('724832078', '2015-05-27', 'No', '2016-06-19 22:00:00'),
('725892270', '2018-04-17', 'No', '2012-02-28 23:00:00'),
('726571756', '2014-10-04', 'Sí', '2013-04-27 22:00:00'),
('727828080', '2019-10-21', 'Sí', '2017-06-21 22:00:00'),
('728892539', '2020-08-06', 'Sí', '2021-02-01 23:00:00'),
('729716434', '2017-06-13', 'Sí', '2017-04-09 22:00:00'),
('730181473', '2016-10-06', 'No', '2016-10-01 22:00:00'),
('732630392', '2019-11-30', 'No', '2021-01-03 23:00:00'),
('737756008', '2013-02-17', 'No', '2015-08-17 22:00:00'),
('745737429', '2020-08-25', 'Sí', '2014-04-21 22:00:00'),
('745885093', '2020-09-11', 'No', '2013-11-20 23:00:00'),
('751007615', '2012-02-09', 'No', '2011-07-24 22:00:00'),
('756277167', '2019-04-03', 'Sí', '2017-09-08 22:00:00'),
('757374552', '2018-04-20', 'No', '2015-12-13 23:00:00'),
('757762815', '2011-03-05', 'No', '2012-01-31 23:00:00'),
('758846457', '2014-12-25', 'No', '2012-08-15 22:00:00'),
('763142346', '2014-01-18', 'Sí', '2018-08-13 22:00:00'),
('765721620', '2011-07-17', 'No', '2019-07-11 22:00:00'),
('787620947', '2015-08-05', 'No', '2011-05-06 22:00:00'),
('787898222', '2018-09-16', 'Sí', '2013-12-26 23:00:00'),
('789896278', '2013-09-18', 'Sí', '2015-12-23 23:00:00'),
('793313978', '2016-01-23', 'No', '2018-10-10 22:00:00'),
('797763713', '2019-01-10', 'No', '2018-08-25 22:00:00'),
('798855852', '2020-06-03', 'No', '2016-07-29 22:00:00'),
('799968909', '2013-05-20', 'Sí', '2018-04-22 22:00:00'),
('803796616', '2019-03-02', 'Sí', '2019-07-18 22:00:00'),
('806868231', '2015-06-18', 'Sí', '2016-07-08 22:00:00'),
('809305283', '2016-04-16', 'No', '2018-05-02 22:00:00'),
('809422863', '2014-12-14', 'Sí', '2015-11-28 23:00:00'),
('812511361', '2018-08-20', 'Sí', '2020-12-06 23:00:00'),
('813183517', '2012-03-17', 'No', '2019-03-11 23:00:00'),
('813941602', '2020-03-19', 'No', '2012-06-17 22:00:00'),
('814675158', '2015-04-16', 'Sí', '2011-10-09 22:00:00'),
('817612771', '2020-05-21', 'Sí', '2016-09-08 22:00:00'),
('817764457', '2012-04-26', 'No', '2019-02-06 23:00:00'),
('820823905', '2019-08-23', 'No', '2015-01-07 23:00:00'),
('821472405', '2014-01-14', 'Sí', '2013-03-01 23:00:00'),
('822536471', '2018-09-30', 'Sí', '2018-12-01 23:00:00'),
('823471727', '2016-05-20', 'Sí', '2016-06-26 22:00:00'),
('824834463', '2011-11-01', 'No', '2017-04-14 22:00:00'),
('825139168', '2012-11-04', 'Sí', '2020-02-19 23:00:00'),
('826852297', '2015-02-09', 'Sí', '2020-09-22 22:00:00'),
('830618389', '2016-08-07', 'No', '2019-05-01 22:00:00'),
('831159601', '2021-02-27', 'No', '2014-12-09 23:00:00'),
('834772678', '2013-05-26', 'No', '2018-06-20 22:00:00'),
('835174416', '2018-01-19', 'Sí', '2020-02-28 23:00:00'),
('836899423', '2018-07-27', 'Sí', '2011-09-16 22:00:00'),
('837980657', '2018-05-08', 'No', '2019-02-20 23:00:00'),
('843781682', '2012-02-06', 'No', '2012-09-17 22:00:00'),
('845539386', '2011-07-09', 'No', '2018-09-04 22:00:00'),
('846346347', '2020-05-15', 'Sí', '2018-11-26 23:00:00'),
('851502445', '2014-11-30', 'Sí', '2013-04-18 22:00:00'),
('852986391', '2020-05-28', 'Sí', '2013-10-25 22:00:00'),
('854969713', '2014-11-14', 'No', '2017-06-25 22:00:00'),
('858319483', '2016-03-28', 'No', '2019-10-28 23:00:00'),
('861229569', '2014-02-12', 'No', '2012-05-19 22:00:00'),
('861662333', '2012-11-28', 'Sí', '2013-03-10 23:00:00'),
('861748544', '2017-12-18', 'Sí', '2018-06-10 22:00:00'),
('862836924', '2020-04-04', 'Sí', '2018-05-10 22:00:00'),
('863391721', '2015-08-16', 'Sí', '2017-01-22 23:00:00'),
('871554486', '2020-03-23', 'No', '2017-10-14 22:00:00'),
('872292958', '2015-09-25', 'No', '2017-07-28 22:00:00'),
('872395551', '2013-12-18', 'Sí', '2018-09-28 22:00:00'),
('880661351', '2020-06-05', 'No', '2011-03-30 22:00:00'),
('885232647', '2016-03-28', 'Sí', '2012-04-24 22:00:00'),
('886958793', '2017-04-01', 'No', '2019-01-19 23:00:00'),
('887909302', '2016-10-19', 'Sí', '2020-04-08 22:00:00'),
('888428768', '2012-01-27', 'Sí', '2013-06-21 22:00:00'),
('889247940', '2014-01-09', 'Sí', '2012-04-15 22:00:00'),
('899011135', '2013-11-21', 'No', '2018-11-05 23:00:00'),
('901294197', '2020-10-20', 'No', '2012-01-15 23:00:00'),
('902508679', '2018-08-21', 'Sí', '2013-02-04 23:00:00'),
('905153627', '2013-11-30', 'No', '2013-01-20 23:00:00'),
('910121622', '2018-07-26', 'Sí', '2020-05-28 22:00:00'),
('910280215', '2016-03-04', 'No', '2019-08-31 22:00:00'),
('911790391', '2012-01-26', 'Sí', '2014-10-13 22:00:00'),
('918934310', '2019-12-14', 'No', '2012-02-22 23:00:00'),
('919076236', '2013-10-02', 'Sí', '2020-12-04 23:00:00'),
('922231935', '2020-06-02', 'No', '2012-04-01 22:00:00'),
('922589098', '2014-08-23', 'Sí', '2014-08-31 22:00:00'),
('930322898', '2013-05-16', 'Sí', '2018-02-07 23:00:00'),
('931706885', '2019-08-08', 'Sí', '2017-01-02 23:00:00'),
('940659178', '2013-04-11', 'Sí', '2019-04-10 22:00:00'),
('942923500', '2017-03-13', 'Sí', '2018-11-19 23:00:00'),
('945445636', '2015-08-14', 'Sí', '2015-10-19 22:00:00'),
('946603299', '2015-12-24', 'Sí', '2014-04-17 22:00:00'),
('946668971', '2018-03-29', 'No', '2013-07-22 22:00:00'),
('950716539', '2016-09-27', 'Sí', '2021-01-06 23:00:00'),
('951315873', '2017-12-21', 'No', '2011-08-03 22:00:00'),
('958881907', '2017-12-12', 'No', '2012-12-31 23:00:00'),
('960661551', '2015-01-04', 'No', '2017-06-19 22:00:00'),
('962851485', '2016-02-21', 'No', '2020-02-06 23:00:00'),
('965341674', '2016-10-29', 'No', '2020-10-16 22:00:00'),
('969105197', '2013-07-11', 'No', '2013-10-26 22:00:00'),
('970595992', '2020-07-25', 'No', '2020-01-20 23:00:00'),
('975077274', '2015-08-06', 'No', '2016-08-31 22:00:00'),
('979183204', '2014-03-04', 'No', '2020-02-10 23:00:00'),
('979525087', '2017-06-03', 'No', '2018-11-11 23:00:00'),
('984259211', '2013-01-20', 'Sí', '2014-12-06 23:00:00'),
('988051214', '2019-11-26', 'No', '2016-09-29 22:00:00'),
('988224311', '2017-05-25', 'No', '2018-05-29 22:00:00'),
('989443836', '2019-06-09', 'No', '2016-08-11 22:00:00'),
('994787037', '2017-04-18', 'Sí', '2020-08-25 22:00:00'),
('995884029', '2014-11-29', 'No', '2017-01-20 23:00:00');

-- --------------------------------------------------------

--
-- Estructura de tabla para la tabla `cliente_prioritario`
--

DROP TABLE IF EXISTS `cliente_prioritario`;
CREATE TABLE IF NOT EXISTS `cliente_prioritario` (
  `NUM_ID` varchar(9) COLLATE utf8_spanish_ci NOT NULL,
  `ID_CLIENTE` varchar(9) COLLATE utf8_spanish_ci NOT NULL,
  `RANGO_PRIORIDAD` int(1) UNSIGNED NOT NULL,
  PRIMARY KEY (`NUM_ID`,`ID_CLIENTE`),
  KEY `ID_CLIENTE` (`ID_CLIENTE`)
) ENGINE=InnoDB DEFAULT CHARSET=utf8 COLLATE=utf8_spanish_ci;

-- --------------------------------------------------------

--
-- Estructura de tabla para la tabla `cliente_reserva_esp_hospedaje`
--

DROP TABLE IF EXISTS `cliente_reserva_esp_hospedaje`;
CREATE TABLE IF NOT EXISTS `cliente_reserva_esp_hospedaje` (
  `ID_RESERVA` varchar(20) COLLATE utf8_spanish_ci NOT NULL,
  `ID_CLIENTE` varchar(9) COLLATE utf8_spanish_ci NOT NULL,
  `ID_ESPACIO` varchar(9) COLLATE utf8_spanish_ci NOT NULL,
  `FECHA_RESERVA` date NOT NULL,
  `FECHA_ENTRADA` date NOT NULL,
  `FECHA_SALIDA` date NOT NULL,
  `PRECIO` decimal(7,2) UNSIGNED DEFAULT NULL,
  `PORC_DESCUENTO` decimal(2,0) DEFAULT NULL,
  PRIMARY KEY (`ID_RESERVA`),
  KEY `ID_CLIENTE` (`ID_CLIENTE`),
  KEY `ID_ESPACIO` (`ID_ESPACIO`)
) ENGINE=InnoDB DEFAULT CHARSET=utf8 COLLATE=utf8_spanish_ci;

--
-- Volcado de datos para la tabla `cliente_reserva_esp_hospedaje`
--

INSERT INTO `cliente_reserva_esp_hospedaje` (`ID_RESERVA`, `ID_CLIENTE`, `ID_ESPACIO`, `FECHA_RESERVA`, `FECHA_ENTRADA`, `FECHA_SALIDA`, `PRECIO`, `PORC_DESCUENTO`) VALUES
('000402271', '282621134', '565939912', '2016-09-10', '2017-06-08', '2017-06-21', '12999.87', '0'),
('000502509', '174197905', '350228915', '2015-08-09', '2016-06-02', '2016-06-19', '458.49', '0'),
('000657875', '507459869', '976972301', '2016-02-20', '2016-03-26', '2016-04-14', '18999.81', '0'),
('001539619', '176079505', '361001500', '2015-05-28', '2016-01-20', '2016-02-03', '13999.86', '0'),
('001714403', '236719989', '485897940', '2012-03-05', '2012-04-28', '2012-05-06', '7999.92', '13'),
('001780806', '710567605', '406855849', '2010-06-29', '2011-05-24', '2011-06-02', '8999.91', '0'),
('002810601', '885232647', '803805649', '2014-11-04', '2015-10-26', '2015-11-14', '8567.86', '0'),
('004221796', '523222993', '031460553', '2017-06-01', '2018-05-17', '2018-06-03', '16999.83', '84'),
('004724454', '323121565', '625465927', '2019-06-16', '2020-02-15', '2020-02-16', '10.00', '65'),
('006234272', '613065371', '187968324', '2020-02-29', '2021-01-20', '2021-02-02', '12999.87', '0'),
('007238354', '787620947', '522838843', '2020-07-15', '2020-12-05', '2020-12-15', '9999.90', '0'),
('007604521', '082658737', '172308022', '2017-11-05', '2018-10-21', '2018-11-02', '154.20', '99'),
('008169918', '438582323', '817663881', '2012-04-27', '2013-03-29', '2013-04-07', '8999.91', '2'),
('008284983', '504031960', '976943165', '2010-05-25', '2011-01-15', '2011-01-30', '14999.85', '0'),
('008771767', '087384638', '175340456', '2018-08-05', '2019-05-23', '2019-06-02', '4020.00', '0'),
('010176466', '491741844', '933760377', '2018-05-08', '2018-07-02', '2018-07-21', '190.00', '50'),
('010616897', '705483133', '362909043', '2012-05-06', '2012-12-06', '2012-12-24', '17999.82', '0'),
('011095099', '640422512', '232269119', '2015-05-25', '2015-06-02', '2015-06-19', '212.33', '22'),
('013207732', '887909302', '809328115', '2011-02-01', '2011-09-10', '2011-09-28', '17999.82', '78'),
('014369526', '145679205', '283950642', '2016-08-01', '2016-11-20', '2016-12-03', '12999.87', '0'),
('014572612', '500238087', '975154047', '2018-12-08', '2019-08-19', '2019-08-24', '50.00', '85'),
('015386936', '098771607', '182049200', '2015-03-26', '2015-03-31', '2015-04-08', '83.28', '58'),
('015483978', '398059213', '787074940', '2016-11-05', '2017-05-19', '2017-05-29', '100.00', '0'),
('016300734', '291872259', '570377776', '2016-07-19', '2016-09-09', '2016-09-13', '40.00', '47'),
('016582663', '051716265', '103591070', '2018-02-16', '2018-10-27', '2018-11-04', '7999.92', '9'),
('017083062', '062579368', '126649862', '2017-07-22', '2018-04-22', '2018-04-28', '60.00', '96'),
('017395829', '044587413', '100084318', '2010-06-12', '2011-01-25', '2011-02-07', '224.90', '0'),
('017411716', '632766336', '226975168', '2016-07-09', '2016-08-13', '2016-08-24', '10999.89', '58'),
('017898379', '531148387', '053682785', '2013-04-05', '2013-08-30', '2013-09-02', '2999.97', '0'),
('018242647', '845539386', '696246422', '2013-11-17', '2014-04-18', '2014-04-22', '3999.96', '6'),
('020889615', '455359661', '848318690', '2020-06-13', '2021-01-14', '2021-02-02', '18999.81', '0'),
('022621690', '516246283', '003809760', '2012-12-26', '2012-12-30', '2013-01-02', '765.60', '0'),
('024883978', '250332654', '502575409', '2016-10-11', '2017-09-21', '2017-10-08', '170.00', '0'),
('025426420', '440080483', '821702064', '2011-09-03', '2012-08-02', '2012-08-13', '10999.89', '40'),
('025895104', '491000065', '927509350', '2013-09-24', '2014-01-09', '2014-01-19', '9999.90', '97'),
('026065516', '594576314', '150473979', '2014-05-12', '2015-03-27', '2015-04-01', '4999.95', '73'),
('026174324', '356789968', '676524624', '2015-10-22', '2016-05-05', '2016-05-24', '3340.20', '62'),
('027452362', '240930567', '495356441', '2015-09-26', '2016-10-28', '2016-11-02', '50.00', '58'),
('028451421', '032976109', '072909816', '2015-03-17', '2015-12-03', '2015-12-09', '5999.94', '0'),
('028714762', '257754823', '522838843', '2019-04-20', '2020-02-23', '2020-02-24', '999.99', '0'),
('028866372', '579399762', '127044143', '2010-10-15', '2011-03-18', '2011-04-02', '14999.85', '0'),
('030006431', '357745419', '679970779', '2016-12-03', '2017-05-08', '2017-05-16', '7999.92', '0'),
('030422838', '825139168', '669715199', '2019-03-26', '2019-10-15', '2019-11-03', '190.00', '67'),
('031007835', '328698329', '627935723', '2018-06-24', '2018-08-07', '2018-08-13', '3163.20', '0'),
('031194409', '854969713', '721663735', '2015-09-15', '2016-04-21', '2016-04-27', '609.36', '76'),
('033295653', '787620947', '522838843', '2016-10-30', '2017-05-22', '2017-06-04', '12999.87', '0'),
('034257894', '950716539', '885837281', '2012-05-08', '2012-05-14', '2012-05-22', '7999.92', '0'),
('034278081', '672986971', '295157116', '2016-04-15', '2016-11-24', '2016-12-07', '219.83', '61'),
('034945263', '078123836', '170122153', '2018-09-17', '2019-08-18', '2019-08-26', '2697.04', '65'),
('037854586', '610737147', '181444552', '2016-05-11', '2016-08-30', '2016-09-06', '1261.82', '0'),
('039197293', '000304774', '003809760', '2016-05-07', '2016-05-15', '2016-05-29', '3572.80', '0'),
('042952274', '995884029', '985228451', '2011-11-19', '2012-05-14', '2012-05-24', '9999.90', '33'),
('044752679', '499716049', '966477448', '2019-12-14', '2020-12-14', '2020-12-17', '2184.00', '0'),
('047334614', '392549400', '764378255', '2011-04-21', '2011-08-08', '2011-08-25', '16999.83', '90'),
('047501645', '123881026', '237992781', '2020-02-20', '2021-01-28', '2021-02-13', '160.00', '0'),
('048020871', '230785953', '453067246', '2014-08-05', '2014-08-19', '2014-08-25', '5999.94', '25'),
('051220125', '680757285', '337074299', '2015-11-27', '2016-03-12', '2016-03-18', '78.06', '17'),
('051327462', '548744371', '096823013', '2018-08-11', '2018-10-17', '2018-10-26', '100.98', '75'),
('054949527', '660904323', '260797887', '2014-08-09', '2014-08-20', '2014-09-09', '1892.60', '0'),
('055326195', '234581434', '472531826', '2013-03-13', '2013-11-19', '2013-12-06', '170.00', '0'),
('056670107', '803796616', '568212495', '2017-03-04', '2017-08-27', '2017-09-10', '13999.86', '55'),
('058304560', '862836924', '764378255', '2011-08-16', '2012-06-17', '2012-07-07', '19999.80', '0'),
('058854383', '002877211', '006108632', '2015-08-15', '2016-03-09', '2016-03-28', '18999.81', '0'),
('061524295', '145707931', '292722505', '2013-11-09', '2013-12-20', '2013-12-27', '1930.32', '0'),
('062195765', '290607880', '568212495', '2011-03-06', '2011-11-04', '2011-11-19', '14999.85', '91'),
('063376818', '301730797', '570946867', '2019-09-16', '2020-09-15', '2020-10-02', '16999.83', '57'),
('064437709', '356362456', '675482994', '2012-12-20', '2013-05-02', '2013-05-05', '45.93', '0'),
('064645033', '814675158', '625465927', '2013-11-23', '2014-01-09', '2014-01-26', '170.00', '0'),
('065755852', '708157576', '375926626', '2019-05-19', '2019-10-24', '2019-10-30', '60.00', '0'),
('065775933', '951315873', '910617325', '2016-02-17', '2016-07-11', '2016-07-22', '10999.89', '0'),
('066084957', '392277893', '754842465', '2011-02-18', '2011-05-30', '2011-06-02', '2999.97', '0'),
('066580192', '886958793', '807362227', '2016-02-05', '2016-12-25', '2017-01-02', '7999.92', '0'),
('067719872', '975077274', '946316467', '2012-06-22', '2013-07-08', '2013-07-24', '160.00', '0'),
('071004993', '196035155', '400320301', '2017-03-28', '2017-05-08', '2017-05-27', '317.68', '17'),
('071871486', '979525087', '960925565', '2014-09-15', '2015-10-01', '2015-10-20', '4579.57', '0'),
('072996874', '519682526', '014498211', '2017-07-08', '2017-09-29', '2017-09-30', '10.78', '0'),
('076249562', '087384638', '175340456', '2014-12-06', '2015-08-28', '2015-09-04', '2814.00', '76'),
('076583784', '509477186', '979377000', '2013-04-30', '2014-01-05', '2014-01-25', '19999.80', '39'),
('076763188', '152763959', '335685219', '2017-02-08', '2017-02-15', '2017-03-03', '15999.84', '0'),
('077007234', '500238087', '975154047', '2017-11-13', '2018-09-30', '2018-10-02', '20.00', '92'),
('078954439', '820823905', '646289000', '2011-12-06', '2012-12-31', '2013-01-04', '3999.96', '46'),
('079075157', '329883816', '646289000', '2019-12-31', '2020-05-29', '2020-06-05', '6999.93', '27'),
('079576043', '861662333', '738750803', '2014-10-14', '2015-04-03', '2015-04-10', '6999.93', '36'),
('079726901', '911790391', '828935407', '2011-11-27', '2012-10-23', '2012-11-07', '14999.85', '0'),
('081159749', '404437716', '803805649', '2014-03-15', '2014-08-03', '2014-08-05', '901.88', '0'),
('081961698', '519682526', '014498211', '2014-09-30', '2014-11-02', '2014-11-03', '10.78', '0'),
('083509613', '552755483', '100705146', '2012-05-19', '2013-03-26', '2013-03-29', '2999.97', '37'),
('084130760', '225403489', '438962610', '2011-10-25', '2012-08-18', '2012-08-30', '11999.88', '0'),
('084229914', '223276241', '424855669', '2017-01-01', '2017-01-16', '2017-01-30', '13999.86', '69'),
('084881838', '706910386', '373450826', '2012-01-26', '2012-02-19', '2012-02-20', '22.37', '0'),
('086213295', '040035116', '094496178', '2018-09-11', '2019-04-11', '2019-04-24', '12999.87', '0'),
('086498470', '942923500', '863246729', '2019-03-28', '2020-02-08', '2020-02-16', '5042.24', '0'),
('089390272', '806868231', '570377776', '2012-05-10', '2012-05-12', '2012-05-26', '140.00', '79'),
('090983789', '585315434', '148590471', '2014-11-23', '2015-02-13', '2015-02-17', '3999.96', '62'),
('096661099', '082658737', '172308022', '2014-06-03', '2015-06-08', '2015-06-11', '38.55', '38'),
('097433373', '291872259', '570377776', '2012-04-03', '2013-03-12', '2013-03-14', '20.00', '0'),
('100078504', '516246283', '003809760', '2011-01-03', '2011-05-14', '2011-05-21', '1786.40', '0'),
('101327379', '329883816', '646289000', '2017-10-02', '2018-05-19', '2018-06-05', '16999.83', '80'),
('101552712', '851502445', '712504347', '2014-09-08', '2015-02-10', '2015-02-11', '10.00', '0'),
('105332737', '872292958', '787074940', '2015-06-29', '2016-07-20', '2016-07-31', '110.00', '11'),
('106873080', '361350300', '683057710', '2011-07-26', '2011-11-11', '2011-11-18', '6999.93', '30'),
('111439599', '355531465', '671420950', '2019-09-16', '2019-11-27', '2019-12-08', '10999.89', '0'),
('111879429', '478545699', '910737692', '2015-10-23', '2016-06-22', '2016-06-30', '7999.92', '0'),
('114540705', '392899308', '774622100', '2019-06-14', '2020-02-16', '2020-02-28', '11999.88', '58'),
('115707290', '507459869', '976972301', '2016-06-04', '2017-04-20', '2017-04-27', '6999.93', '15'),
('115940973', '338134471', '659369380', '2018-01-30', '2018-06-21', '2018-06-29', '450.08', '77'),
('116715522', '029253089', '056654336', '2016-12-15', '2017-07-11', '2017-07-21', '110.00', '0'),
('117427347', '830618389', '673775660', '2012-07-28', '2013-06-13', '2013-06-24', '10999.89', '0'),
('118144442', '880661351', '795590758', '2011-08-31', '2012-06-07', '2012-06-18', '110.00', '0'),
('122284195', '657217245', '246539210', '2012-03-21', '2013-03-13', '2013-03-21', '95.52', '0'),
('123174560', '221812661', '423436988', '2010-04-06', '2011-01-06', '2011-01-08', '1999.98', '74'),
('124254326', '826852297', '671420950', '2011-03-17', '2011-08-17', '2011-08-24', '6999.93', '54'),
('124373294', '500238087', '975154047', '2016-08-18', '2017-06-10', '2017-06-25', '150.00', '43'),
('124844610', '070720677', '146533510', '2020-02-06', '2020-12-04', '2020-12-10', '94.20', '0'),
('124997721', '378681011', '721663735', '2014-10-25', '2015-05-19', '2015-06-05', '1726.52', '0'),
('125872654', '837980657', '684182659', '2012-10-18', '2012-12-10', '2012-12-18', '7999.92', '6'),
('126708999', '380382163', '722347687', '2013-12-02', '2014-11-15', '2014-11-28', '12999.87', '0'),
('127990835', '822536471', '651889357', '2020-01-20', '2020-05-28', '2020-06-08', '10999.89', '0'),
('129672066', '619262677', '216895997', '2010-04-23', '2011-05-28', '2011-06-06', '90.00', '0'),
('131066902', '058493582', '114614847', '2011-11-17', '2012-02-26', '2012-03-12', '14999.85', '79'),
('133034234', '440080483', '821702064', '2013-05-05', '2013-08-27', '2013-09-13', '16999.83', '0'),
('133174932', '275880097', '542884962', '2016-07-15', '2016-12-06', '2016-12-16', '9999.90', '0'),
('134941497', '569919959', '114614847', '2018-01-06', '2018-02-11', '2018-02-19', '7999.92', '0'),
('135131006', '618398250', '207216391', '2020-09-13', '2020-10-07', '2020-10-25', '17999.82', '0'),
('136936142', '041647314', '099331865', '2019-11-22', '2020-11-10', '2020-11-15', '509.50', '0'),
('138296816', '212442726', '422505860', '2018-12-21', '2019-07-17', '2019-07-21', '1257.56', '9'),
('138298045', '552361948', '100084318', '2011-05-19', '2012-01-09', '2012-01-17', '138.40', '87'),
('139627951', '988224311', '976943165', '2012-02-02', '2012-11-19', '2012-11-21', '1999.98', '13'),
('140119977', '583178213', '137369337', '2012-05-22', '2013-01-02', '2013-01-05', '2999.97', '0'),
('140802541', '637048379', '230267787', '2012-04-20', '2013-01-25', '2013-02-12', '924.30', '50'),
('141800671', '706326262', '370201218', '2014-05-15', '2014-10-27', '2014-11-02', '213.48', '54'),
('142061907', '725892270', '424855669', '2012-02-23', '2013-03-03', '2013-03-06', '2999.97', '84'),
('142765256', '005856234', '008222714', '2019-11-25', '2019-12-22', '2019-12-25', '77.34', '5'),
('144077890', '813941602', '597460701', '2020-05-07', '2020-05-25', '2020-05-28', '89.28', '77'),
('145637448', '040035116', '094496178', '2013-05-02', '2013-07-23', '2013-08-05', '12999.87', '0'),
('146239857', '707082008', '374769924', '2013-06-20', '2013-08-10', '2013-08-19', '8999.91', '43'),
('148416200', '015196233', '044518628', '2016-11-05', '2017-05-16', '2017-05-19', '2426.10', '59'),
('148638410', '398059213', '787074940', '2014-09-14', '2015-09-29', '2015-10-19', '200.00', '0'),
('148959716', '910280215', '822794929', '2016-07-09', '2016-09-05', '2016-09-18', '12999.87', '58'),
('149402779', '705916417', '367581674', '2017-11-05', '2018-05-26', '2018-06-15', '19999.80', '0'),
('149570003', '051716265', '103591070', '2015-06-19', '2016-04-24', '2016-04-28', '3999.96', '30'),
('150067116', '029574483', '057422922', '2011-06-04', '2011-06-09', '2011-06-15', '5999.94', '31'),
('150622440', '152140787', '319235641', '2016-10-10', '2016-12-03', '2016-12-09', '5999.94', '0'),
('151593205', '404437716', '803805649', '2017-06-15', '2017-09-29', '2017-10-16', '7665.98', '0'),
('153356770', '809305283', '570946867', '2016-08-23', '2016-12-20', '2016-12-27', '6999.93', '63'),
('154590878', '545181726', '088576295', '2016-07-15', '2016-10-21', '2016-11-07', '16999.83', '14'),
('154877203', '318259927', '597460701', '2015-12-02', '2016-06-08', '2016-06-17', '267.84', '24'),
('155260658', '070720677', '146533510', '2015-11-08', '2016-10-01', '2016-10-07', '94.20', '90'),
('155566777', '188122771', '375926626', '2019-10-04', '2020-08-25', '2020-08-28', '30.00', '65'),
('156022071', '062579368', '126649862', '2019-05-18', '2020-05-18', '2020-05-20', '20.00', '16'),
('159252270', '380382163', '722347687', '2020-04-12', '2021-01-02', '2021-01-16', '13999.86', '0'),
('159314987', '552008644', '099331865', '2013-01-30', '2013-02-15', '2013-02-27', '1222.80', '3'),
('160052934', '392549400', '764378255', '2016-08-18', '2017-07-31', '2017-08-14', '13999.86', '0'),
('160968176', '525092599', '044518628', '2020-08-02', '2020-12-04', '2020-12-21', '13747.90', '0'),
('161120890', '552361948', '100084318', '2019-03-27', '2020-04-15', '2020-04-23', '138.40', '81'),
('162047542', '392899308', '774622100', '2011-07-20', '2012-03-30', '2012-04-18', '18999.81', '0'),
('162258971', '529364369', '051005028', '2019-04-19', '2019-07-27', '2019-07-28', '999.99', '44'),
('164290489', '682258747', '340173034', '2020-01-10', '2020-10-11', '2020-10-13', '164.00', '42'),
('164601881', '362439966', '684182659', '2017-08-04', '2018-07-11', '2018-07-30', '18999.81', '32'),
('165635121', '545181726', '088576295', '2014-04-11', '2015-02-01', '2015-02-03', '1999.98', '0'),
('166477744', '726571756', '438824361', '2018-02-04', '2018-04-29', '2018-05-05', '113.28', '0'),
('166636327', '852986391', '718216405', '2018-06-27', '2018-11-10', '2018-11-12', '26.88', '25'),
('166768546', '032466338', '063373860', '2012-09-10', '2013-01-13', '2013-01-21', '7999.92', '0'),
('167523950', '070720677', '146533510', '2017-02-01', '2017-04-18', '2017-05-06', '282.60', '83'),
('170189296', '835174416', '679970779', '2017-09-29', '2018-04-25', '2018-04-26', '999.99', '0'),
('171153484', '523746617', '038941546', '2018-02-07', '2018-09-14', '2018-10-03', '16148.10', '0'),
('172447479', '240930567', '495356441', '2014-01-01', '2014-06-06', '2014-06-20', '140.00', '0'),
('173897277', '495366036', '955205550', '2019-04-23', '2019-06-14', '2019-06-19', '65.00', '22'),
('174009449', '123397927', '234203028', '2011-05-02', '2012-02-13', '2012-02-26', '12999.87', '0'),
('174924592', '889247940', '809545814', '2017-03-20', '2017-03-28', '2017-04-06', '111.60', '0'),
('174977970', '757762815', '497250698', '2015-03-11', '2015-08-05', '2015-08-08', '42.60', '11'),
('177061597', '034708862', '088576295', '2010-10-18', '2011-07-10', '2011-07-30', '19999.80', '94'),
('177681029', '136285219', '255720351', '2015-03-16', '2015-12-17', '2016-01-03', '16999.66', '70'),
('178967047', '453554794', '846135370', '2015-10-19', '2016-01-10', '2016-01-18', '80.00', '0'),
('179615067', '699903042', '356559720', '2012-08-24', '2013-03-12', '2013-03-20', '80.00', '0'),
('182870715', '945445636', '866627877', '2017-03-23', '2017-09-12', '2017-09-16', '40.00', '0'),
('183077704', '442052218', '828935407', '2012-09-23', '2013-03-25', '2013-04-13', '18999.81', '0'),
('183689154', '117549111', '226975168', '2012-11-04', '2013-06-06', '2013-06-20', '13999.86', '0'),
('183837641', '702629280', '361791985', '2011-07-25', '2012-03-31', '2012-04-09', '217.08', '25'),
('184019662', '021941126', '051005028', '2018-01-13', '2018-03-10', '2018-03-29', '18999.81', '0'),
('184354157', '718008635', '420607712', '2016-07-29', '2017-04-30', '2017-05-17', '16999.83', '0'),
('186609066', '164200876', '342941391', '2019-07-14', '2020-01-04', '2020-01-06', '1999.98', '36'),
('187480116', '221164709', '422519965', '2012-06-10', '2012-11-01', '2012-11-04', '2999.97', '64'),
('188517073', '809422863', '576610140', '2012-08-12', '2012-08-23', '2012-09-08', '15999.84', '79'),
('190991868', '108032579', '205009051', '2012-10-28', '2013-07-29', '2013-08-13', '14999.85', '0'),
('192118024', '583178213', '137369337', '2011-07-25', '2012-05-11', '2012-05-19', '7999.92', '28'),
('192531332', '363804364', '696246422', '2020-02-29', '2020-11-20', '2020-11-29', '8999.91', '0'),
('193263482', '620429947', '220016627', '2020-06-25', '2020-10-01', '2020-10-08', '6999.93', '55'),
('194090961', '187596880', '374769924', '2019-05-04', '2019-10-14', '2019-10-15', '999.99', '9'),
('194837231', '058828362', '115240897', '2011-11-09', '2012-11-02', '2012-11-21', '13468.34', '0'),
('195785688', '198073715', '403899367', '2014-12-22', '2016-01-04', '2016-01-16', '120.00', '77'),
('197173992', '254894877', '504056705', '2019-09-06', '2020-08-11', '2020-08-30', '18999.81', '78'),
('198691642', '901294197', '815285853', '2011-07-21', '2012-04-11', '2012-04-15', '810.40', '2'),
('200046096', '823471727', '659369380', '2018-03-14', '2019-04-05', '2019-04-19', '787.64', '94'),
('200614019', '627469700', '224169265', '2012-08-19', '2013-06-24', '2013-07-01', '6999.93', '0'),
('201761788', '577671678', '126649862', '2019-07-24', '2020-06-29', '2020-07-16', '170.00', '0'),
('203536354', '400093202', '791169840', '2012-04-27', '2012-06-22', '2012-07-11', '190.00', '73'),
('203931731', '349289822', '666726588', '2017-08-13', '2018-06-08', '2018-06-18', '100.00', '0'),
('205076906', '323121565', '625465927', '2017-05-24', '2018-01-11', '2018-01-16', '50.00', '0'),
('205323215', '462973082', '860005070', '2016-08-19', '2016-08-19', '2016-08-22', '42.30', '0'),
('205851929', '356182968', '673775660', '2013-01-05', '2014-01-02', '2014-01-08', '5999.94', '0'),
('206212409', '009180650', '030576787', '2014-04-29', '2014-07-23', '2014-07-26', '39.78', '0'),
('206373256', '304874734', '576610140', '2012-03-17', '2012-12-07', '2012-12-11', '3999.96', '0'),
('206970328', '304874734', '576610140', '2015-11-21', '2016-04-19', '2016-05-07', '17999.82', '0'),
('209132490', '230785953', '453067246', '2019-10-21', '2020-04-13', '2020-04-30', '16999.83', '27'),
('209401347', '161582928', '340085881', '2013-07-03', '2013-11-09', '2013-11-28', '18999.81', '56'),
('210390465', '314837356', '582801188', '2018-11-28', '2019-10-21', '2019-11-01', '10999.89', '0'),
('210855597', '013636187', '031460553', '2013-12-21', '2014-04-11', '2014-04-19', '7999.92', '0'),
('211451921', '756277167', '495646950', '2013-07-13', '2013-10-12', '2013-10-23', '10999.89', '0'),
('211792417', '204603709', '406855849', '2012-10-29', '2013-04-02', '2013-04-20', '17999.82', '86'),
('215709204', '824834463', '666726588', '2011-10-02', '2012-10-16', '2012-10-23', '70.00', '50'),
('216548641', '073311373', '150473979', '2017-07-14', '2017-10-23', '2017-11-11', '18999.81', '0'),
('218750932', '025775867', '053682785', '2012-11-30', '2013-11-07', '2013-11-24', '16999.83', '0'),
('221894410', '301730797', '570946867', '2014-04-13', '2015-04-15', '2015-04-17', '1999.98', '97'),
('222351602', '969105197', '933760377', '2013-06-08', '2013-08-03', '2013-08-18', '150.00', '0'),
('227428265', '123397927', '234203028', '2013-08-08', '2013-10-09', '2013-10-26', '16999.83', '83'),
('228968902', '078123836', '170122153', '2012-07-02', '2013-05-03', '2013-05-16', '4382.69', '0'),
('229135149', '058828362', '115240897', '2013-12-02', '2014-02-28', '2014-03-02', '1417.72', '0'),
('230613384', '523222993', '031460553', '2017-10-29', '2018-09-19', '2018-10-02', '12999.87', '0'),
('231728147', '392277893', '754842465', '2020-08-29', '2021-01-08', '2021-01-09', '999.99', '0'),
('231794752', '680757285', '337074299', '2015-11-07', '2016-07-30', '2016-08-17', '234.18', '88'),
('232530568', '373712738', '718216405', '2011-11-23', '2012-02-16', '2012-02-22', '80.64', '59'),
('234670480', '627469700', '224169265', '2012-05-30', '2013-05-12', '2013-05-19', '6999.93', '47'),
('237162069', '763142346', '504056705', '2010-10-28', '2011-04-13', '2011-04-26', '12999.87', '85'),
('237308079', '162381703', '340173034', '2020-06-02', '2020-11-25', '2020-12-05', '820.00', '0'),
('238974847', '922231935', '846135370', '2016-01-02', '2016-06-21', '2016-07-10', '190.00', '0'),
('238995117', '834772678', '676524624', '2011-03-03', '2011-06-22', '2011-06-30', '1406.40', '0'),
('239247483', '455837784', '854717185', '2013-02-25', '2013-07-22', '2013-07-31', '8999.91', '18'),
('239824737', '225671564', '445560981', '2011-08-24', '2012-02-15', '2012-02-28', '12999.87', '96'),
('240593379', '922231935', '846135370', '2016-05-22', '2016-09-13', '2016-09-16', '30.00', '0'),
('240652127', '793313978', '542884962', '2016-09-25', '2017-08-31', '2017-09-08', '7999.92', '66'),
('242231388', '257754823', '522838843', '2013-08-03', '2014-05-04', '2014-05-08', '3999.96', '79'),
('245264827', '567309514', '104310408', '2012-10-31', '2013-11-27', '2013-12-02', '4999.95', '0'),
('247936001', '314837356', '582801188', '2012-12-13', '2013-06-12', '2013-06-27', '14999.85', '0'),
('248410180', '328698329', '627935723', '2011-07-18', '2012-06-16', '2012-07-01', '7908.00', '0'),
('249063968', '385469792', '729519881', '2016-05-08', '2017-03-07', '2017-03-12', '4999.95', '7'),
('250387264', '162381703', '340173034', '2010-03-02', '2011-01-02', '2011-01-21', '1558.00', '0'),
('250435559', '051716265', '103591070', '2013-06-02', '2014-03-17', '2014-03-30', '12999.87', '67'),
('251055161', '728892539', '445560981', '2018-10-11', '2018-12-23', '2018-12-26', '2999.97', '0'),
('251374051', '958881907', '910737692', '2019-02-10', '2019-07-27', '2019-08-05', '8999.91', '35'),
('252478254', '831159601', '675482994', '2014-06-06', '2015-02-21', '2015-03-09', '244.96', '0'),
('253785626', '097160594', '181444552', '2013-04-08', '2013-07-12', '2013-07-31', '3424.94', '9'),
('254675976', '000304774', '003809760', '2016-10-03', '2017-04-01', '2017-04-06', '1276.00', '29'),
('255656654', '442052218', '828935407', '2012-01-20', '2012-08-09', '2012-08-12', '2999.97', '41'),
('256210067', '492784428', '935853427', '2018-04-17', '2019-02-15', '2019-02-19', '52.00', '0'),
('257445474', '495366036', '955205550', '2011-01-08', '2011-09-02', '2011-09-17', '195.00', '85'),
('257701859', '861662333', '738750803', '2020-11-25', '2021-01-14', '2021-01-16', '1999.98', '27'),
('259739749', '548744371', '096823013', '2011-05-02', '2012-04-28', '2012-05-10', '134.64', '92'),
('260901987', '123941470', '241722981', '2011-03-03', '2012-02-21', '2012-03-01', '8999.91', '0'),
('261179820', '994787037', '979377000', '2018-02-18', '2018-04-03', '2018-04-04', '999.99', '30'),
('262306606', '919076236', '842221757', '2011-07-18', '2012-03-03', '2012-03-19', '605.12', '71'),
('266348714', '249191128', '497250698', '2014-03-25', '2014-12-21', '2015-01-06', '227.20', '0'),
('268039734', '097160594', '181444552', '2011-08-09', '2012-01-06', '2012-01-24', '3244.68', '0'),
('268042014', '049373595', '100705146', '2020-08-04', '2021-02-28', '2021-03-13', '12999.87', '0'),
('268366364', '507459869', '976972301', '2017-08-19', '2017-10-23', '2017-11-01', '8999.91', '0'),
('268922818', '275880097', '542884962', '2016-02-11', '2016-10-22', '2016-10-23', '999.99', '0'),
('270011918', '249191128', '497250698', '2012-08-02', '2012-11-02', '2012-11-07', '71.00', '60'),
('271239535', '082658737', '172308022', '2020-07-12', '2020-08-16', '2020-09-05', '257.00', '0'),
('273273611', '854969713', '721663735', '2017-01-29', '2017-03-20', '2017-04-04', '1523.40', '0'),
('275143712', '055168179', '104654765', '2018-08-18', '2019-03-19', '2019-03-20', '999.99', '0'),
('275722422', '462973082', '860005070', '2020-05-27', '2020-11-06', '2020-11-11', '70.50', '0'),
('276205403', '250332654', '502575409', '2017-09-30', '2018-01-09', '2018-01-28', '190.00', '0'),
('277234638', '569919959', '114614847', '2017-08-23', '2017-10-29', '2017-11-04', '5999.94', '45'),
('280106577', '728892539', '445560981', '2017-11-10', '2018-03-26', '2018-04-03', '7999.92', '74'),
('280171505', '119670936', '229707501', '2013-06-25', '2013-12-31', '2014-01-14', '13999.86', '0'),
('283504779', '618775593', '213683353', '2020-04-07', '2020-08-05', '2020-08-10', '4999.95', '25'),
('283752485', '052500175', '104310408', '2019-07-04', '2019-09-10', '2019-09-17', '6999.93', '81'),
('285186999', '418590008', '809545814', '2014-10-15', '2015-03-21', '2015-03-23', '24.80', '0'),
('286319531', '453554794', '846135370', '2016-02-02', '2016-04-15', '2016-04-23', '80.00', '34'),
('286814064', '543607464', '063373860', '2016-06-15', '2017-07-19', '2017-08-01', '12999.87', '10'),
('287891783', '438582323', '817663881', '2012-03-25', '2012-12-06', '2012-12-09', '2999.97', '0'),
('289238872', '495962013', '960925565', '2020-04-15', '2020-06-20', '2020-07-09', '4579.57', '21'),
('291809690', '034708862', '088576295', '2012-04-19', '2012-08-16', '2012-08-22', '5999.94', '17'),
('293082895', '188122771', '375926626', '2017-09-16', '2018-07-27', '2018-08-08', '120.00', '7'),
('294605368', '846346347', '710313203', '2011-07-08', '2011-12-20', '2012-01-06', '170.00', '0'),
('295432411', '673479514', '300871253', '2016-03-29', '2016-08-10', '2016-08-22', '11999.88', '0'),
('296181945', '979183204', '955205550', '2016-06-08', '2017-07-03', '2017-07-06', '39.00', '1'),
('296442172', '970595992', '935853427', '2015-10-15', '2016-05-16', '2016-06-01', '208.00', '93'),
('297506855', '712697150', '408611359', '2015-06-12', '2016-05-01', '2016-05-15', '198.38', '38'),
('297720808', '233464511', '456258640', '2011-11-13', '2012-10-29', '2012-10-31', '1999.98', '16'),
('298202030', '453554794', '846135370', '2016-07-30', '2017-08-23', '2017-08-25', '20.00', '0'),
('298241688', '280330605', '555142478', '2019-09-11', '2020-03-31', '2020-04-01', '10.00', '0'),
('298645574', '680512470', '335685219', '2010-05-13', '2011-03-13', '2011-03-20', '6999.93', '79'),
('299403108', '447830812', '842221757', '2016-07-30', '2017-01-04', '2017-01-20', '605.12', '0'),
('299851279', '015043199', '038941546', '2011-06-12', '2011-09-06', '2011-09-16', '8499.00', '0'),
('299906530', '174509111', '356559720', '2012-01-25', '2012-04-25', '2012-04-29', '40.00', '0'),
('300417114', '409911481', '807362227', '2018-12-09', '2019-06-17', '2019-06-24', '6999.93', '93'),
('300692461', '400093202', '791169840', '2016-05-22', '2017-02-23', '2017-03-06', '110.00', '28'),
('301800043', '708157576', '375926626', '2017-04-21', '2018-03-21', '2018-04-05', '150.00', '0'),
('302051964', '442052218', '828935407', '2016-05-15', '2017-05-18', '2017-05-27', '8999.91', '0'),
('302998226', '161582928', '340085881', '2010-09-07', '2011-01-03', '2011-01-09', '5999.94', '98'),
('303735778', '249191128', '497250698', '2018-06-10', '2018-08-17', '2018-09-03', '241.40', '0'),
('304680787', '357745419', '679970779', '2012-12-31', '2013-11-06', '2013-11-09', '2999.97', '0'),
('304700022', '757374552', '495711159', '2014-06-07', '2015-01-05', '2015-01-15', '9999.90', '21'),
('305346473', '355091314', '669715199', '2016-04-12', '2016-09-19', '2016-09-30', '110.00', '0'),
('305862475', '224836438', '438824361', '2013-04-25', '2013-12-24', '2014-01-05', '226.56', '0'),
('306690030', '393692225', '786505741', '2017-03-13', '2018-02-25', '2018-03-14', '16999.83', '87'),
('307806176', '729716434', '447756080', '2013-12-12', '2014-01-10', '2014-01-11', '999.99', '0'),
('307830752', '392549400', '764378255', '2020-12-13', '2021-01-16', '2021-01-25', '8999.91', '0'),
('308463805', '164200876', '342941391', '2016-05-03', '2016-05-07', '2016-05-16', '8999.91', '53'),
('310062297', '031026346', '063063336', '2012-12-24', '2013-04-29', '2013-05-17', '17999.82', '0'),
('310222320', '645279720', '237992781', '2020-07-18', '2020-08-28', '2020-09-17', '200.00', '0'),
('310837812', '265614230', '540443954', '2011-04-20', '2012-02-03', '2012-02-10', '295.75', '34'),
('311290091', '552755483', '100705146', '2014-05-27', '2014-10-17', '2014-11-05', '18999.81', '15'),
('311439238', '123881026', '237992781', '2012-12-10', '2012-12-26', '2013-01-06', '110.00', '0'),
('313722124', '110009394', '207216391', '2014-06-03', '2014-07-13', '2014-07-21', '7999.92', '0'),
('313743856', '861748544', '754842465', '2017-05-20', '2017-09-30', '2017-10-04', '3999.96', '0'),
('313826740', '426192405', '815285853', '2020-03-19', '2020-08-01', '2020-08-20', '3849.40', '39'),
('313910821', '228166234', '447756080', '2018-06-20', '2019-06-27', '2019-07-05', '7999.92', '0'),
('314329210', '368305690', '710313203', '2012-06-09', '2013-01-21', '2013-01-28', '70.00', '0'),
('314939522', '097160594', '181444552', '2015-01-19', '2016-01-09', '2016-01-26', '3064.42', '0'),
('315404122', '465959743', '863246729', '2019-10-23', '2019-10-25', '2019-10-31', '3781.68', '0'),
('318136583', '148308755', '295157116', '2014-02-14', '2014-06-30', '2014-07-11', '186.01', '15'),
('318623186', '355091314', '669715199', '2019-04-05', '2020-04-18', '2020-04-29', '110.00', '61'),
('318969058', '440096868', '822794929', '2020-07-23', '2020-10-28', '2020-11-13', '15999.84', '76'),
('319357322', '290607880', '568212495', '2017-08-13', '2018-03-31', '2018-04-02', '1999.98', '87'),
('320222219', '123288674', '232269119', '2020-01-22', '2020-05-25', '2020-06-01', '87.43', '99'),
('322290595', '349289822', '666726588', '2020-05-02', '2020-09-26', '2020-10-02', '60.00', '87'),
('322590831', '732630392', '456258640', '2020-01-12', '2020-07-08', '2020-07-20', '11999.88', '0'),
('323681235', '858319483', '722347687', '2016-05-09', '2017-05-07', '2017-05-11', '3999.96', '92'),
('324259063', '363737598', '687253944', '2012-03-31', '2012-06-22', '2012-07-06', '13999.86', '8'),
('324301713', '363804364', '696246422', '2017-03-13', '2018-01-20', '2018-02-09', '19999.80', '0'),
('324524810', '400158819', '795590758', '2020-06-27', '2020-09-17', '2020-10-05', '180.00', '0'),
('324765089', '254894877', '504056705', '2016-02-12', '2017-02-03', '2017-02-13', '9999.90', '0'),
('324766999', '858319483', '722347687', '2014-09-28', '2015-06-28', '2015-07-09', '10999.89', '0'),
('325802219', '843781682', '687253944', '2014-04-11', '2014-11-28', '2014-12-18', '19999.80', '0'),
('325817670', '183696385', '370201218', '2011-10-22', '2012-09-12', '2012-09-26', '498.12', '0'),
('325871302', '224836438', '438824361', '2014-05-20', '2014-12-13', '2014-12-26', '245.44', '0'),
('327247484', '931706885', '860005070', '2015-07-04', '2016-03-10', '2016-03-11', '14.10', '26'),
('328128196', '243155853', '495646950', '2010-07-19', '2011-05-06', '2011-05-13', '6999.93', '0'),
('329441231', '940659178', '860338284', '2011-08-07', '2011-10-15', '2011-10-21', '208.38', '15'),
('329636927', '596795128', '151476162', '2011-11-24', '2012-06-28', '2012-07-12', '13999.86', '24'),
('330080037', '323121565', '625465927', '2013-04-25', '2013-11-03', '2013-11-21', '180.00', '0'),
('330323333', '517684546', '006108632', '2011-01-11', '2011-08-23', '2011-08-30', '6999.93', '0'),
('332820989', '975077274', '946316467', '2016-07-11', '2016-09-16', '2016-09-20', '40.00', '0'),
('333045551', '151153029', '313135184', '2018-08-21', '2019-08-22', '2019-09-07', '15999.84', '22'),
('333129641', '368305690', '710313203', '2020-06-11', '2021-01-22', '2021-01-29', '70.00', '0'),
('333145528', '583515659', '146533510', '2012-04-28', '2013-04-16', '2013-04-28', '188.40', '6'),
('333759947', '612642474', '182049200', '2019-11-25', '2020-03-19', '2020-03-28', '93.69', '0'),
('334269849', '965341674', '927509350', '2014-11-11', '2015-06-25', '2015-07-06', '10999.89', '94'),
('334282296', '145163783', '280100237', '2020-06-19', '2020-11-28', '2020-12-18', '19999.80', '65'),
('335885367', '392277893', '754842465', '2015-08-17', '2016-02-25', '2016-03-01', '4999.95', '90'),
('335996865', '745885093', '492011233', '2011-03-17', '2012-01-16', '2012-01-22', '5999.94', '0'),
('336485907', '063735437', '127044143', '2009-12-14', '2011-01-16', '2011-02-04', '18999.81', '0'),
('337717236', '206090524', '408611359', '2014-07-16', '2015-07-14', '2015-07-20', '85.02', '48'),
('338875495', '179093639', '361791985', '2020-09-05', '2020-11-07', '2020-11-09', '48.24', '0'),
('340086530', '710256760', '403899367', '2019-02-12', '2019-10-28', '2019-11-11', '140.00', '10'),
('340538204', '751007615', '495356441', '2019-08-23', '2020-02-21', '2020-02-28', '70.00', '0'),
('342507852', '902508679', '815902749', '2018-05-05', '2018-06-08', '2018-06-22', '13999.86', '0'),
('343548545', '225403489', '438962610', '2012-05-29', '2013-02-22', '2013-03-07', '12999.87', '32'),
('343884556', '756277167', '495646950', '2017-02-06', '2017-11-17', '2017-11-19', '1999.98', '0'),
('344159390', '509477186', '979377000', '2012-01-05', '2012-02-22', '2012-03-11', '17999.82', '0'),
('344230546', '965341674', '927509350', '2011-08-30', '2011-10-13', '2011-10-15', '1999.98', '67'),
('348106000', '291872259', '570377776', '2018-04-28', '2019-03-12', '2019-03-13', '10.00', '11'),
('348317573', '400158819', '795590758', '2012-05-09', '2012-06-22', '2012-06-25', '30.00', '69'),
('349238816', '188122771', '375926626', '2016-02-07', '2016-11-21', '2016-11-23', '20.00', '0'),
('350479891', '318259927', '597460701', '2013-10-28', '2014-04-22', '2014-04-24', '59.52', '56'),
('351891811', '455837784', '854717185', '2020-01-27', '2020-06-10', '2020-06-22', '11999.88', '16'),
('351935142', '136285219', '255720351', '2012-07-25', '2013-08-05', '2013-08-10', '4999.90', '0'),
('352275196', '640641130', '234203028', '2016-06-09', '2016-12-29', '2017-01-02', '3999.96', '63'),
('352436782', '071356741', '148590471', '2011-01-07', '2011-07-05', '2011-07-17', '11999.88', '0'),
('353570012', '356789968', '676524624', '2011-03-29', '2011-08-28', '2011-09-02', '879.00', '0'),
('355802772', '585315434', '148590471', '2019-04-03', '2019-08-02', '2019-08-10', '7999.92', '0'),
('357233698', '224836438', '438824361', '2017-05-09', '2017-06-06', '2017-06-13', '132.16', '87'),
('359151969', '058828362', '115240897', '2020-01-11', '2020-07-21', '2020-07-26', '3544.30', '0'),
('360091829', '063907023', '130414326', '2014-10-31', '2015-10-30', '2015-11-17', '1379.34', '0'),
('363521375', '230785953', '453067246', '2011-08-22', '2011-11-09', '2011-11-13', '3999.96', '0'),
('364313358', '029253089', '056654336', '2012-04-08', '2013-02-03', '2013-02-08', '55.00', '0'),
('367446481', '598031287', '170122153', '2013-02-08', '2013-03-26', '2013-04-01', '2022.78', '0'),
('368057582', '645279720', '237992781', '2019-04-28', '2020-02-12', '2020-02-18', '60.00', '0'),
('368171421', '180130133', '362909043', '2017-08-29', '2018-02-20', '2018-03-10', '17999.82', '0'),
('369555418', '476068032', '881164449', '2010-12-26', '2011-05-03', '2011-05-17', '13999.86', '17'),
('370203319', '465937840', '860338284', '2013-03-17', '2014-01-22', '2014-02-11', '694.60', '6'),
('370488995', '265614230', '540443954', '2011-03-24', '2011-07-02', '2011-07-13', '464.75', '0'),
('371414139', '240930567', '495356441', '2018-03-28', '2019-04-02', '2019-04-03', '10.00', '0'),
('371634693', '368305690', '710313203', '2012-02-20', '2013-03-12', '2013-03-15', '30.00', '92'),
('374072396', '719717093', '422505860', '2019-01-31', '2020-02-24', '2020-03-03', '2515.12', '0'),
('374385379', '872395551', '791169840', '2013-08-19', '2014-05-11', '2014-05-24', '130.00', '70'),
('374978342', '311973726', '577324732', '2014-04-29', '2015-03-08', '2015-03-25', '16999.83', '87'),
('377184431', '699903042', '356559720', '2017-08-12', '2018-05-14', '2018-06-01', '180.00', '0'),
('377270751', '100855193', '187968324', '2012-10-23', '2013-10-25', '2013-11-13', '18999.81', '42'),
('379275565', '120479354', '230267787', '2015-11-28', '2016-09-17', '2016-09-25', '410.80', '18'),
('380783994', '357745419', '679970779', '2017-12-03', '2018-10-22', '2018-10-25', '2999.97', '0'),
('381620812', '325454174', '626044282', '2014-09-02', '2014-10-23', '2014-10-27', '45.68', '9'),
('382004271', '262566141', '540176796', '2011-01-22', '2012-02-13', '2012-02-20', '6999.93', '59'),
('382321354', '494844356', '946316467', '2013-07-01', '2013-09-04', '2013-09-10', '60.00', '0'),
('384131928', '363804364', '696246422', '2012-05-05', '2012-07-06', '2012-07-09', '2999.97', '0'),
('385559101', '373712738', '718216405', '2018-11-17', '2019-12-11', '2019-12-16', '67.20', '0'),
('385866378', '208236601', '420607712', '2011-08-01', '2012-02-27', '2012-03-18', '19999.80', '68'),
('386222026', '021941126', '051005028', '2020-01-05', '2020-02-19', '2020-02-27', '7999.92', '0'),
('387777579', '174197905', '350228915', '2018-03-10', '2018-12-18', '2018-12-31', '350.61', '0'),
('387779387', '349289822', '666726588', '2014-04-26', '2015-03-24', '2015-03-27', '30.00', '0'),
('388851193', '424334837', '813326738', '2017-08-27', '2018-03-05', '2018-03-21', '4052.00', '87'),
('388894293', '373712738', '718216405', '2014-04-16', '2014-06-21', '2014-07-08', '228.48', '76'),
('389301482', '823471727', '659369380', '2011-03-22', '2011-03-22', '2011-04-05', '787.64', '0'),
('389575764', '008614403', '022627445', '2014-08-19', '2015-06-09', '2015-06-29', '19999.80', '0'),
('389944158', '400158819', '795590758', '2017-04-10', '2017-08-18', '2017-08-28', '100.00', '0'),
('390174284', '888428768', '809489198', '2014-01-08', '2014-10-21', '2014-11-02', '11999.88', '18'),
('390853818', '063735437', '127044143', '2019-07-02', '2019-11-09', '2019-11-11', '1999.98', '99'),
('391316752', '206090524', '408611359', '2018-05-22', '2019-06-05', '2019-06-10', '70.85', '0'),
('393323910', '182330951', '367581674', '2019-08-06', '2019-10-16', '2019-11-04', '18999.81', '62'),
('394349171', '667742802', '283950642', '2012-11-10', '2013-03-23', '2013-04-11', '18999.81', '0'),
('395466917', '025775867', '053682785', '2017-08-19', '2017-09-06', '2017-09-24', '17999.82', '0'),
('395716371', '176079505', '361001500', '2011-10-07', '2012-07-24', '2012-07-31', '6999.93', '22'),
('396192108', '702629280', '361791985', '2020-02-29', '2020-09-22', '2020-10-07', '361.80', '24'),
('397369110', '447830812', '842221757', '2019-08-17', '2020-02-13', '2020-02-18', '189.10', '0'),
('398838164', '223276241', '424855669', '2010-12-31', '2011-07-06', '2011-07-18', '11999.88', '28'),
('399868361', '029253089', '056654336', '2014-04-13', '2014-06-13', '2014-06-26', '143.00', '0'),
('400946636', '318259927', '597460701', '2018-12-07', '2019-08-13', '2019-08-29', '476.16', '7'),
('401642945', '440080483', '821702064', '2014-03-17', '2014-11-19', '2014-12-04', '14999.85', '43'),
('402849894', '596795128', '151476162', '2011-06-16', '2011-11-02', '2011-11-07', '4999.95', '0'),
('403466490', '187596880', '374769924', '2016-03-12', '2016-04-08', '2016-04-26', '17999.82', '69'),
('403547064', '709897689', '400320301', '2015-12-17', '2016-09-05', '2016-09-20', '250.80', '0'),
('404598667', '539775954', '057422922', '2015-10-05', '2016-04-03', '2016-04-18', '14999.85', '0'),
('405407785', '392899308', '774622100', '2014-07-10', '2015-07-02', '2015-07-06', '3999.96', '21'),
('408769012', '409911481', '807362227', '2014-07-20', '2014-11-24', '2014-12-08', '13999.86', '0'),
('409011661', '132601278', '246539210', '2012-01-05', '2012-08-27', '2012-09-03', '83.58', '33'),
('409956823', '758846457', '502575409', '2018-08-31', '2018-12-27', '2019-01-14', '180.00', '30'),
('410789316', '824834463', '666726588', '2018-08-15', '2019-07-14', '2019-07-22', '80.00', '0'),
('412255127', '872292958', '787074940', '2020-02-15', '2021-01-06', '2021-01-19', '130.00', '48'),
('412830493', '797763713', '555142478', '2015-08-21', '2016-03-06', '2016-03-26', '200.00', '0'),
('413910979', '696371962', '350108834', '2020-07-05', '2021-01-14', '2021-01-24', '4238.70', '93'),
('413977072', '604652685', '175340456', '2019-09-10', '2020-06-14', '2020-06-19', '2010.00', '0'),
('415121374', '659987678', '255720351', '2014-11-19', '2014-12-05', '2014-12-25', '19999.60', '0'),
('415824508', '480525762', '924370606', '2017-03-11', '2017-07-03', '2017-07-07', '1211.48', '99'),
('417142921', '032466338', '063373860', '2013-09-04', '2013-11-06', '2013-11-13', '6999.93', '64'),
('417994195', '440096868', '822794929', '2015-10-02', '2016-04-06', '2016-04-11', '4999.95', '0'),
('418714985', '275880097', '542884962', '2018-08-03', '2019-05-06', '2019-05-18', '11999.88', '77'),
('421546356', '821472405', '649163263', '2018-08-10', '2018-11-28', '2018-12-01', '2999.97', '97'),
('422722131', '110009394', '207216391', '2015-06-11', '2016-02-06', '2016-02-17', '10999.89', '41'),
('424045585', '843781682', '687253944', '2012-06-26', '2012-08-06', '2012-08-07', '999.99', '0'),
('425522761', '520099964', '022627445', '2019-05-26', '2020-02-26', '2020-03-03', '5999.94', '0'),
('425703525', '117549111', '226975168', '2017-07-31', '2017-12-02', '2017-12-17', '14999.85', '38'),
('426099527', '013636187', '031460553', '2014-08-27', '2014-09-26', '2014-10-15', '18999.81', '7'),
('426744123', '115318112', '224262602', '2014-11-12', '2015-05-08', '2015-05-16', '7999.92', '36'),
('427349034', '820823905', '646289000', '2014-04-14', '2014-08-20', '2014-08-27', '6999.93', '0'),
('428714107', '465937840', '860338284', '2018-03-30', '2018-05-31', '2018-06-05', '173.65', '19'),
('428794799', '504031960', '976943165', '2014-09-15', '2015-01-24', '2015-01-29', '4999.95', '18'),
('429243190', '727828080', '438962610', '2017-01-02', '2017-04-03', '2017-04-22', '18999.81', '48'),
('430170517', '025775867', '053682785', '2017-11-07', '2018-06-30', '2018-07-09', '8999.91', '49'),
('430527744', '889247940', '809545814', '2015-06-30', '2015-07-27', '2015-08-16', '248.00', '0'),
('431364500', '149653562', '300871253', '2018-08-24', '2019-09-19', '2019-10-05', '15999.84', '0'),
('432008808', '504031960', '976943165', '2017-10-22', '2018-07-26', '2018-08-05', '9999.90', '15'),
('433142428', '262566141', '540176796', '2020-10-17', '2020-11-17', '2020-11-22', '4999.95', '94'),
('433571759', '945445636', '866627877', '2015-05-24', '2015-10-02', '2015-10-20', '180.00', '0'),
('435736295', '799968909', '565939912', '2016-05-12', '2017-06-02', '2017-06-03', '999.99', '0'),
('438698165', '679979298', '335574826', '2020-03-15', '2020-07-04', '2020-07-07', '1110.48', '0'),
('440723122', '669545023', '292722505', '2018-12-27', '2019-08-05', '2019-08-20', '4136.40', '0'),
('441630945', '650739560', '241722981', '2018-08-16', '2019-07-21', '2019-08-06', '15999.84', '84'),
('442234451', '836899423', '683057710', '2010-08-23', '2011-01-01', '2011-01-19', '17999.82', '53'),
('444606587', '706910386', '373450826', '2017-04-25', '2018-01-22', '2018-01-23', '22.37', '0'),
('446008656', '640641130', '234203028', '2014-05-13', '2014-10-03', '2014-10-13', '9999.90', '0'),
('446407708', '257754823', '522838843', '2014-09-23', '2015-07-18', '2015-07-26', '7999.92', '0'),
('448102614', '362439966', '684182659', '2016-02-20', '2016-09-06', '2016-09-16', '9999.90', '18'),
('449621726', '032976109', '072909816', '2014-08-11', '2015-03-06', '2015-03-18', '11999.88', '0'),
('451284572', '334381451', '649163263', '2019-06-22', '2020-07-18', '2020-07-30', '11999.88', '38'),
('452178974', '044587413', '100084318', '2018-06-28', '2018-07-16', '2018-07-29', '224.90', '0'),
('454187589', '640422512', '232269119', '2019-07-31', '2019-08-05', '2019-08-12', '87.43', '0'),
('455075141', '918934310', '829326610', '2013-12-02', '2014-02-28', '2014-03-11', '10999.89', '48'),
('455171139', '111500268', '216895997', '2012-11-07', '2013-01-06', '2013-01-13', '70.00', '0'),
('455770766', '164200876', '342941391', '2017-09-30', '2018-10-26', '2018-11-12', '16999.83', '27'),
('456240606', '988051214', '975154047', '2020-03-09', '2020-09-26', '2020-10-05', '90.00', '14'),
('459341323', '528034847', '049856367', '2017-12-02', '2018-10-29', '2018-11-17', '3893.10', '0'),
('459377768', '174197905', '350228915', '2020-08-13', '2021-02-01', '2021-02-16', '404.55', '43'),
('461541455', '919076236', '842221757', '2011-12-08', '2012-08-31', '2012-09-11', '416.02', '83'),
('461786221', '729716434', '447756080', '2012-10-31', '2013-02-16', '2013-02-27', '10999.89', '0'),
('465509081', '679979298', '335574826', '2013-02-04', '2013-10-14', '2013-10-22', '2961.28', '0'),
('467401172', '183696385', '370201218', '2018-07-02', '2019-03-04', '2019-03-05', '35.58', '47'),
('468883891', '040402339', '096823013', '2013-12-14', '2014-05-30', '2014-06-14', '168.30', '45'),
('469775222', '495962013', '960925565', '2013-10-23', '2014-11-10', '2014-11-22', '2892.36', '0'),
('469947657', '334381451', '649163263', '2012-07-08', '2012-12-18', '2012-12-24', '5999.94', '85'),
('471327063', '580939836', '130414326', '2010-12-13', '2011-01-07', '2011-01-13', '459.78', '0'),
('472048382', '301730797', '570946867', '2020-06-17', '2020-08-20', '2020-08-28', '7999.92', '61'),
('472558830', '138637098', '260797887', '2019-02-10', '2020-01-18', '2020-02-06', '1797.97', '6'),
('472788660', '763142346', '504056705', '2011-02-11', '2011-11-04', '2011-11-05', '999.99', '81'),
('473206690', '152686827', '335574826', '2015-10-22', '2016-04-14', '2016-05-01', '6292.72', '13'),
('475932724', '492784428', '935853427', '2012-08-07', '2013-01-19', '2013-01-25', '78.00', '0'),
('476555918', '446285437', '829326610', '2017-09-24', '2017-10-17', '2017-10-27', '9999.90', '0'),
('477517198', '063907023', '130414326', '2014-01-05', '2014-11-17', '2014-12-07', '1532.60', '0'),
('478075268', '186660284', '373450826', '2019-02-27', '2019-10-26', '2019-11-07', '268.44', '53'),
('478178051', '239109042', '492011233', '2014-05-13', '2015-05-09', '2015-05-21', '11999.88', '3'),
('480456194', '705916417', '367581674', '2010-09-23', '2011-02-01', '2011-02-04', '2999.97', '0'),
('480588739', '180130133', '362909043', '2014-10-30', '2015-07-31', '2015-08-17', '16999.83', '64'),
('481026413', '040402339', '096823013', '2020-05-10', '2020-12-07', '2020-12-27', '224.40', '0'),
('482710645', '123288674', '232269119', '2011-07-26', '2012-03-25', '2012-04-09', '187.35', '4'),
('483268653', '910280215', '822794929', '2012-07-21', '2013-01-16', '2013-01-18', '1999.98', '0'),
('483618922', '388236355', '738750803', '2020-05-24', '2020-11-02', '2020-11-18', '15999.84', '79'),
('484354724', '632766336', '226975168', '2012-08-19', '2013-06-30', '2013-07-04', '3999.96', '0'),
('484365506', '494844356', '946316467', '2017-10-10', '2018-09-17', '2018-09-28', '110.00', '0'),
('484492005', '290607880', '568212495', '2012-11-27', '2012-12-19', '2013-01-04', '15999.84', '0'),
('485337585', '031026346', '063063336', '2019-01-08', '2019-07-07', '2019-07-09', '1999.98', '20'),
('485853902', '013636187', '031460553', '2017-09-07', '2018-05-12', '2018-05-19', '6999.93', '99'),
('486183436', '145163783', '280100237', '2013-10-01', '2014-05-18', '2014-06-05', '17999.82', '18'),
('487360192', '466379656', '866627877', '2015-12-25', '2016-12-23', '2016-12-28', '50.00', '47'),
('489681177', '899011135', '813326738', '2012-08-05', '2013-03-12', '2013-03-20', '2026.00', '11'),
('489801402', '667315631', '280100237', '2014-06-30', '2014-10-09', '2014-10-11', '1999.98', '9'),
('491780166', '378681011', '721663735', '2013-09-21', '2014-08-05', '2014-08-21', '1624.96', '0'),
('492139011', '614657226', '203783659', '2015-06-11', '2016-03-01', '2016-03-15', '140.00', '7'),
('492584224', '813183517', '582801188', '2014-12-13', '2015-01-11', '2015-01-15', '3999.96', '0'),
('492792814', '830618389', '673775660', '2020-05-11', '2020-10-16', '2020-10-27', '10999.89', '31'),
('493755008', '693160653', '342941391', '2013-06-16', '2014-03-06', '2014-03-17', '10999.89', '0'),
('494898452', '388236355', '738750803', '2011-12-21', '2012-10-09', '2012-10-21', '11999.88', '0'),
('498229879', '799968909', '565939912', '2013-03-05', '2013-05-24', '2013-06-03', '9999.90', '0'),
('499243776', '087404612', '181007404', '2016-07-17', '2017-07-04', '2017-07-19', '150.00', '0'),
('499258696', '542170353', '063063336', '2015-11-09', '2016-03-12', '2016-03-28', '15999.84', '85'),
('500083242', '182330951', '367581674', '2017-04-15', '2018-01-11', '2018-01-31', '19999.80', '0'),
('500218249', '071356741', '148590471', '2014-06-03', '2014-10-19', '2014-10-26', '6999.93', '0'),
('501135553', '637048379', '230267787', '2011-08-26', '2012-07-03', '2012-07-19', '821.60', '0'),
('501177614', '148308755', '295157116', '2015-03-20', '2015-03-23', '2015-03-29', '101.46', '0'),
('501267578', '681757314', '340085881', '2012-04-05', '2012-04-25', '2012-04-26', '999.99', '67'),
('502352251', '712697150', '408611359', '2012-12-10', '2013-12-11', '2013-12-26', '212.55', '0'),
('502381314', '872395551', '791169840', '2015-09-01', '2016-03-02', '2016-03-14', '120.00', '59');
INSERT INTO `cliente_reserva_esp_hospedaje` (`ID_RESERVA`, `ID_CLIENTE`, `ID_ESPACIO`, `FECHA_RESERVA`, `FECHA_ENTRADA`, `FECHA_SALIDA`, `PRECIO`, `PORC_DESCUENTO`) VALUES
('503828466', '009180650', '030576787', '2019-01-31', '2019-07-15', '2019-07-22', '92.82', '0'),
('504007581', '727828080', '438962610', '2010-03-30', '2011-01-27', '2011-02-12', '15999.84', '0'),
('507969020', '225671564', '445560981', '2016-04-12', '2016-09-21', '2016-09-29', '7999.92', '0'),
('508164173', '063907023', '130414326', '2014-04-18', '2014-10-07', '2014-10-13', '459.78', '0'),
('508237737', '311973726', '577324732', '2017-10-27', '2017-11-27', '2017-12-15', '17999.82', '81'),
('509734211', '674211310', '309594722', '2014-10-25', '2015-01-18', '2015-01-23', '57.00', '54'),
('511271711', '765721620', '507029250', '2018-01-31', '2018-11-28', '2018-12-18', '8122.00', '6'),
('511463287', '817612771', '626044282', '2018-11-21', '2019-11-13', '2019-12-01', '205.56', '0'),
('511562020', '334381451', '649163263', '2016-08-01', '2016-11-04', '2016-11-24', '19999.80', '0'),
('514268564', '528034847', '049856367', '2012-11-30', '2013-04-11', '2013-04-15', '819.60', '86'),
('516970266', '000304774', '003809760', '2019-02-15', '2019-12-27', '2020-01-06', '2552.00', '0'),
('517068039', '861229569', '729519881', '2019-08-25', '2020-08-15', '2020-08-22', '6999.93', '0'),
('518268223', '721849885', '422519965', '2014-03-03', '2015-02-03', '2015-02-23', '19999.80', '0'),
('519379257', '152140787', '319235641', '2015-10-28', '2016-07-20', '2016-07-26', '5999.94', '0'),
('519782539', '073311373', '150473979', '2016-11-27', '2017-09-06', '2017-09-14', '7999.92', '0'),
('520106730', '476506633', '910617325', '2015-02-07', '2016-02-14', '2016-02-21', '6999.93', '54'),
('520353530', '730181473', '453067246', '2011-05-23', '2012-03-01', '2012-03-18', '16999.83', '0'),
('521216269', '152686827', '335574826', '2019-12-06', '2020-07-16', '2020-08-02', '6292.72', '36'),
('522147219', '494844356', '946316467', '2013-09-10', '2014-02-26', '2014-03-02', '40.00', '20'),
('522292857', '765721620', '507029250', '2014-06-28', '2014-09-25', '2014-10-01', '2436.60', '0'),
('522757727', '404437716', '803805649', '2016-01-16', '2016-10-30', '2016-11-16', '7665.98', '42'),
('526076710', '410375394', '809489198', '2015-10-20', '2016-06-25', '2016-07-06', '10999.89', '0'),
('526303030', '123288674', '232269119', '2017-01-15', '2017-01-28', '2017-02-09', '149.88', '0'),
('526802798', '798855852', '562958947', '2019-05-19', '2019-05-25', '2019-06-03', '90.00', '0'),
('528082206', '922589098', '848318690', '2018-09-03', '2019-09-27', '2019-10-10', '12999.87', '0'),
('535345651', '994787037', '979377000', '2014-06-19', '2015-03-12', '2015-03-15', '2999.97', '0'),
('536573226', '499716049', '966477448', '2011-12-15', '2012-09-26', '2012-10-13', '12376.00', '0'),
('537554745', '837980657', '684182659', '2016-09-18', '2016-12-20', '2016-12-30', '9999.90', '0'),
('538802195', '476068032', '881164449', '2017-12-28', '2018-03-13', '2018-03-23', '9999.90', '67'),
('538809171', '052500175', '104310408', '2014-12-12', '2015-06-16', '2015-06-24', '7999.92', '0'),
('539026603', '676841637', '313135184', '2012-04-02', '2013-03-24', '2013-03-28', '3999.96', '58'),
('539780776', '113288492', '224169265', '2013-06-27', '2013-10-03', '2013-10-07', '3999.96', '0'),
('540950518', '113288492', '224169265', '2012-05-15', '2012-07-18', '2012-07-30', '11999.88', '0'),
('542175585', '084364806', '173198749', '2018-03-15', '2018-10-05', '2018-10-18', '12999.87', '0'),
('542253477', '186660284', '373450826', '2011-02-23', '2011-06-19', '2011-06-20', '22.37', '0'),
('542772031', '888428768', '809489198', '2013-12-13', '2014-06-19', '2014-06-22', '2999.97', '50'),
('543285082', '758846457', '502575409', '2018-01-05', '2018-03-13', '2018-03-20', '70.00', '26'),
('544226399', '355531465', '671420950', '2019-09-06', '2020-08-23', '2020-09-07', '14999.85', '0'),
('545687945', '702218564', '361001500', '2015-04-08', '2016-02-19', '2016-02-27', '7999.92', '51'),
('547002839', '018165937', '049856367', '2016-06-01', '2016-09-27', '2016-10-06', '1844.10', '88'),
('549794430', '618398250', '207216391', '2012-10-30', '2013-06-13', '2013-06-28', '14999.85', '60'),
('549862462', '151153029', '313135184', '2015-12-01', '2016-02-02', '2016-02-18', '15999.84', '38'),
('550901428', '007300498', '014498211', '2015-03-08', '2016-02-21', '2016-03-12', '215.60', '0'),
('552244042', '468788790', '876834803', '2010-03-15', '2011-03-04', '2011-03-05', '999.99', '0'),
('552960148', '424334837', '813326738', '2010-11-04', '2011-05-27', '2011-05-28', '253.25', '0'),
('553414543', '112802296', '220016627', '2014-02-05', '2014-09-19', '2014-09-23', '3999.96', '8'),
('553673674', '478545699', '910737692', '2015-09-18', '2015-12-08', '2015-12-27', '18999.81', '0'),
('554230289', '161283732', '337074299', '2012-06-15', '2013-05-22', '2013-05-26', '52.04', '71'),
('555520414', '984259211', '966477448', '2014-06-05', '2015-03-09', '2015-03-13', '2912.00', '0'),
('555696103', '600660335', '172308022', '2020-03-21', '2020-10-22', '2020-10-25', '38.55', '0'),
('555841983', '410375394', '809489198', '2013-12-17', '2014-03-17', '2014-03-22', '4999.95', '78'),
('556075378', '418590008', '809545814', '2019-02-23', '2019-03-07', '2019-03-23', '198.40', '27'),
('557192353', '745737429', '485897940', '2011-07-21', '2011-09-17', '2011-10-05', '17999.82', '99'),
('557669623', '145163783', '280100237', '2013-05-14', '2013-12-27', '2014-01-01', '4999.95', '0'),
('559320310', '434109791', '815902749', '2019-05-19', '2019-06-17', '2019-07-02', '14999.85', '0'),
('559402238', '863391721', '774622100', '2019-01-22', '2019-03-09', '2019-03-11', '1999.98', '0'),
('559826185', '204651972', '407529131', '2016-04-15', '2016-09-11', '2016-09-16', '4999.95', '0'),
('560675821', '225403489', '438962610', '2015-09-12', '2015-09-29', '2015-10-02', '2999.97', '0'),
('562361675', '058493582', '114614847', '2012-10-27', '2013-11-28', '2013-12-06', '7999.92', '92'),
('563037055', '123941470', '241722981', '2014-10-28', '2015-09-13', '2015-10-01', '17999.82', '26'),
('565475647', '476503276', '885837281', '2015-11-23', '2015-12-12', '2015-12-30', '17999.82', '0'),
('566403025', '885232647', '803805649', '2011-06-14', '2012-01-23', '2012-02-06', '6313.16', '0'),
('566579479', '851502445', '712504347', '2017-09-08', '2018-09-05', '2018-09-19', '140.00', '0'),
('570444225', '476506633', '910617325', '2015-07-08', '2016-03-19', '2016-03-24', '4999.95', '69'),
('571788920', '282186650', '562958947', '2010-06-15', '2011-06-29', '2011-07-10', '110.00', '30'),
('573320585', '107147839', '203783659', '2013-09-26', '2014-06-27', '2014-07-05', '80.00', '60'),
('573327292', '543607464', '063373860', '2020-09-07', '2020-12-02', '2020-12-22', '19999.80', '19'),
('574426168', '206090524', '408611359', '2014-07-31', '2015-02-27', '2015-03-10', '155.87', '35'),
('574977689', '657217245', '246539210', '2012-10-22', '2012-11-12', '2012-11-20', '95.52', '0'),
('575247404', '257598500', '507029250', '2018-06-14', '2019-06-03', '2019-06-10', '2842.70', '69'),
('576775723', '571789959', '115240897', '2016-06-07', '2016-07-24', '2016-08-12', '13468.34', '0'),
('577131064', '176079505', '361001500', '2011-09-24', '2011-11-19', '2011-11-20', '999.99', '0'),
('578794881', '523746617', '038941546', '2015-09-15', '2016-03-24', '2016-04-02', '7649.10', '0'),
('579255214', '969105197', '933760377', '2011-02-09', '2011-02-12', '2011-02-20', '80.00', '6'),
('581684237', '594576314', '150473979', '2014-02-25', '2014-10-10', '2014-10-14', '3999.96', '37'),
('581687855', '826852297', '671420950', '2013-03-24', '2014-04-18', '2014-05-07', '18999.81', '60'),
('581801717', '635752321', '229707501', '2010-06-27', '2011-02-02', '2011-02-19', '16999.83', '0'),
('584043073', '243155853', '495646950', '2020-03-10', '2020-07-25', '2020-08-02', '7999.92', '0'),
('585964310', '709897689', '400320301', '2011-10-18', '2012-11-02', '2012-11-16', '234.08', '0'),
('586131340', '730181473', '453067246', '2016-01-14', '2016-09-12', '2016-09-21', '8999.91', '38'),
('588402820', '015196233', '044518628', '2012-02-05', '2012-09-02', '2012-09-05', '2426.10', '0'),
('588796090', '529364369', '051005028', '2011-01-17', '2011-06-17', '2011-07-06', '18999.81', '0'),
('591405292', '958881907', '910737692', '2019-02-22', '2019-04-28', '2019-05-07', '8999.91', '24'),
('596800267', '831159601', '675482994', '2015-10-14', '2015-10-28', '2015-11-11', '214.34', '0'),
('597795006', '385469792', '729519881', '2013-06-01', '2014-04-03', '2014-04-13', '9999.90', '0'),
('598275906', '111396591', '213683353', '2016-05-31', '2017-02-11', '2017-02-23', '11999.88', '0'),
('599527533', '334931221', '651889357', '2013-08-13', '2014-09-07', '2014-09-09', '1999.98', '30'),
('599679781', '911790391', '828935407', '2012-11-11', '2013-04-08', '2013-04-19', '10999.89', '0'),
('599686347', '612642474', '182049200', '2012-12-11', '2013-11-02', '2013-11-20', '187.38', '28'),
('599813529', '145679205', '283950642', '2019-09-29', '2020-05-03', '2020-05-15', '11999.88', '0'),
('601924240', '208236601', '420607712', '2016-02-06', '2016-12-30', '2017-01-16', '16999.83', '0'),
('602126918', '725892270', '424855669', '2015-11-03', '2016-08-16', '2016-08-30', '13999.86', '0'),
('603319281', '204651972', '407529131', '2017-12-27', '2017-12-27', '2018-01-12', '15999.84', '0'),
('603582203', '328698329', '627935723', '2011-06-26', '2012-02-25', '2012-02-28', '1581.60', '84'),
('605813983', '510488616', '985228451', '2017-12-29', '2018-03-23', '2018-03-25', '1999.98', '0'),
('606008877', '571789959', '115240897', '2012-11-30', '2013-01-04', '2013-01-20', '11341.76', '0'),
('606318584', '009180650', '030576787', '2011-01-28', '2011-09-04', '2011-09-10', '79.56', '79'),
('606369300', '111396591', '213683353', '2020-05-12', '2020-10-21', '2020-10-29', '7999.92', '91'),
('608511590', '817612771', '626044282', '2013-05-29', '2014-03-07', '2014-03-11', '45.68', '0'),
('608727029', '021941126', '051005028', '2015-11-05', '2016-03-17', '2016-03-25', '7999.92', '99'),
('610891555', '434109791', '815902749', '2017-11-22', '2018-11-23', '2018-12-06', '12999.87', '0'),
('611088131', '447830812', '842221757', '2016-02-16', '2016-02-18', '2016-02-19', '37.82', '25'),
('611389077', '480525762', '924370606', '2014-04-15', '2014-08-08', '2014-08-26', '5451.66', '0'),
('612892070', '899011135', '813326738', '2015-05-14', '2016-04-21', '2016-05-11', '5065.00', '0'),
('613822828', '569752286', '104654765', '2011-12-14', '2012-09-05', '2012-09-12', '6999.93', '0'),
('616363987', '745885093', '492011233', '2019-08-22', '2019-11-18', '2019-12-02', '13999.86', '0'),
('618190563', '446285437', '829326610', '2020-02-23', '2020-07-23', '2020-07-24', '999.99', '0'),
('618729571', '257598500', '507029250', '2013-05-19', '2014-06-22', '2014-06-29', '2842.70', '0'),
('619778611', '223276241', '424855669', '2019-03-20', '2019-03-30', '2019-04-11', '11999.88', '74'),
('621057661', '071356741', '148590471', '2016-06-10', '2016-11-18', '2016-11-22', '3999.96', '0'),
('621105445', '629590340', '224262602', '2011-06-08', '2011-07-27', '2011-08-03', '6999.93', '0'),
('622598270', '905153627', '817663881', '2020-11-12', '2020-11-30', '2020-12-10', '9999.90', '13'),
('624087756', '426192405', '815285853', '2011-01-24', '2011-02-09', '2011-02-27', '3646.80', '37'),
('624990956', '363737598', '687253944', '2013-11-03', '2014-10-15', '2014-10-29', '13999.86', '55'),
('625963620', '198073715', '403899367', '2015-11-15', '2016-07-07', '2016-07-12', '50.00', '9'),
('626896890', '583515659', '146533510', '2018-09-06', '2018-10-28', '2018-11-16', '298.30', '0'),
('627240644', '282621134', '565939912', '2020-02-21', '2020-04-17', '2020-04-27', '9999.90', '59'),
('628556106', '710567605', '406855849', '2020-06-22', '2020-11-11', '2020-11-23', '11999.88', '89'),
('629082931', '040035116', '094496178', '2018-03-07', '2019-01-16', '2019-01-21', '4999.95', '55'),
('629218226', '055168179', '104654765', '2015-05-10', '2016-01-12', '2016-01-22', '9999.90', '26'),
('629550335', '161283732', '337074299', '2016-01-27', '2016-03-05', '2016-03-23', '234.18', '46'),
('630850828', '886958793', '807362227', '2013-06-25', '2014-03-21', '2014-04-07', '16999.83', '91'),
('630912469', '789896278', '540443954', '2015-11-20', '2016-07-13', '2016-07-27', '591.50', '68'),
('635937692', '018165937', '049856367', '2017-02-23', '2017-12-02', '2017-12-22', '4098.00', '10'),
('636587855', '361350300', '683057710', '2014-07-25', '2015-05-26', '2015-06-13', '17999.82', '39'),
('637349418', '355531465', '671420950', '2019-03-30', '2020-01-09', '2020-01-10', '999.99', '0'),
('637597486', '182330951', '367581674', '2011-03-10', '2011-05-15', '2011-06-03', '18999.81', '86'),
('637603927', '946668971', '881164449', '2018-03-22', '2018-11-16', '2018-11-29', '12999.87', '0'),
('638301783', '161582928', '340085881', '2019-04-30', '2019-09-01', '2019-09-16', '14999.85', '0'),
('638427334', '946603299', '876834803', '2016-10-09', '2016-12-26', '2016-12-28', '1999.98', '0'),
('638475858', '940659178', '860338284', '2016-11-24', '2017-07-31', '2017-08-20', '694.60', '0'),
('638798402', '007300498', '014498211', '2014-09-18', '2014-11-08', '2014-11-24', '172.48', '0'),
('640331271', '115318112', '224262602', '2017-07-15', '2018-01-29', '2018-02-15', '16999.83', '2'),
('642777924', '552008644', '099331865', '2017-09-06', '2017-09-24', '2017-10-07', '1324.70', '0'),
('644753582', '032976109', '072909816', '2015-04-10', '2015-04-11', '2015-04-15', '3999.96', '64'),
('644775302', '084364806', '173198749', '2018-01-06', '2018-10-24', '2018-11-07', '13999.86', '0'),
('646652866', '123941470', '241722981', '2018-01-25', '2019-02-20', '2019-03-04', '11999.88', '90'),
('647562166', '393692225', '786505741', '2015-06-19', '2016-01-28', '2016-02-04', '6999.93', '33'),
('648984987', '476503276', '885837281', '2012-03-29', '2013-02-09', '2013-02-12', '2999.97', '0'),
('649579222', '132601278', '246539210', '2013-11-25', '2014-09-24', '2014-10-07', '155.22', '5'),
('649857542', '338134471', '659369380', '2020-03-10', '2021-01-03', '2021-01-12', '506.34', '27'),
('650319093', '314837356', '582801188', '2011-12-23', '2012-12-16', '2012-12-19', '2999.97', '98'),
('650379168', '946603299', '876834803', '2012-04-03', '2012-06-21', '2012-07-01', '9999.90', '62'),
('652001229', '065430522', '137369337', '2011-06-07', '2011-07-22', '2011-08-11', '19999.80', '0'),
('654400900', '491000065', '927509350', '2014-07-03', '2015-07-01', '2015-07-18', '16999.83', '52'),
('655093176', '440096868', '822794929', '2013-05-20', '2014-04-03', '2014-04-07', '3999.96', '0'),
('656451677', '119670936', '229707501', '2016-10-22', '2017-11-01', '2017-11-15', '13999.86', '0'),
('656893462', '325454174', '626044282', '2019-01-16', '2019-03-12', '2019-04-01', '228.40', '5'),
('657249451', '710256760', '403899367', '2017-08-16', '2018-06-10', '2018-06-18', '80.00', '0'),
('657452833', '221164709', '422519965', '2018-05-09', '2019-02-19', '2019-02-24', '4999.95', '21'),
('657995080', '660904323', '260797887', '2016-03-26', '2017-02-15', '2017-02-16', '94.63', '0'),
('658308694', '861748544', '754842465', '2020-07-17', '2020-08-18', '2020-08-30', '11999.88', '75'),
('659073157', '845539386', '696246422', '2015-01-01', '2015-02-13', '2015-03-03', '17999.82', '66'),
('660596983', '100855193', '187968324', '2016-01-01', '2016-05-13', '2016-05-22', '8999.91', '0'),
('662176878', '465959743', '863246729', '2015-12-24', '2016-05-31', '2016-06-15', '9454.20', '73'),
('664448900', '962851485', '924370606', '2016-11-27', '2017-11-14', '2017-12-02', '5451.66', '0'),
('666867090', '162381703', '340173034', '2010-06-22', '2011-06-07', '2011-06-16', '738.00', '0'),
('667607918', '250332654', '502575409', '2011-09-15', '2012-08-22', '2012-09-02', '110.00', '60'),
('667765984', '356182968', '673775660', '2014-10-05', '2015-09-15', '2015-09-17', '1999.98', '94'),
('668396748', '254894877', '504056705', '2017-10-20', '2018-06-16', '2018-06-28', '11999.88', '85'),
('670873965', '737756008', '472531826', '2017-08-31', '2018-09-24', '2018-10-01', '70.00', '0'),
('672561099', '531148387', '053682785', '2020-09-23', '2020-10-07', '2020-10-20', '12999.87', '79'),
('673486068', '718008635', '420607712', '2010-09-09', '2011-05-17', '2011-05-19', '1999.98', '3'),
('673697770', '835174416', '679970779', '2017-02-13', '2017-08-07', '2017-08-23', '15999.84', '0'),
('675062733', '492784428', '935853427', '2011-05-23', '2011-09-05', '2011-09-20', '195.00', '50'),
('677073030', '265614230', '540443954', '2016-11-30', '2017-08-19', '2017-09-07', '802.75', '0'),
('677125420', '361350300', '683057710', '2012-05-06', '2013-05-25', '2013-05-30', '4999.95', '82'),
('677173725', '476506633', '910617325', '2010-12-13', '2011-06-16', '2011-06-17', '999.99', '0'),
('677693014', '787898222', '540176796', '2012-07-21', '2013-01-09', '2013-01-26', '16999.83', '60'),
('679059293', '650739560', '241722981', '2014-11-20', '2015-03-27', '2015-04-12', '15999.84', '0'),
('679690641', '243735218', '495711159', '2013-02-20', '2013-06-13', '2013-07-03', '19999.80', '85'),
('680745027', '002877211', '006108632', '2014-08-12', '2014-12-01', '2014-12-19', '17999.82', '14'),
('681220182', '814675158', '625465927', '2014-02-22', '2014-09-03', '2014-09-07', '40.00', '0'),
('681941780', '787898222', '540176796', '2019-12-31', '2020-03-01', '2020-03-06', '4999.95', '0'),
('682034466', '580939836', '130414326', '2018-01-04', '2018-06-12', '2018-06-28', '1226.08', '0'),
('682427983', '989443836', '976972301', '2019-01-22', '2019-04-02', '2019-04-07', '4999.95', '26'),
('683030039', '161283732', '337074299', '2016-07-08', '2017-01-23', '2017-01-29', '78.06', '53'),
('685419477', '812511361', '577324732', '2019-08-29', '2020-07-24', '2020-07-27', '2999.97', '0'),
('686149078', '697715355', '350228915', '2016-08-28', '2016-10-28', '2016-11-02', '134.85', '96'),
('687507739', '334931221', '651889357', '2012-10-05', '2013-08-26', '2013-09-01', '5999.94', '78'),
('688067701', '179093639', '361791985', '2018-06-25', '2019-07-29', '2019-08-16', '434.16', '34'),
('688403463', '029574483', '057422922', '2019-10-28', '2020-08-05', '2020-08-12', '6999.93', '69'),
('691801782', '362439966', '684182659', '2019-03-27', '2019-06-23', '2019-06-26', '2999.97', '0'),
('692045987', '196035155', '400320301', '2015-01-12', '2015-11-04', '2015-11-18', '234.08', '0'),
('693401268', '304874734', '576610140', '2012-09-07', '2013-09-05', '2013-09-08', '2999.97', '0'),
('694109437', '434109791', '815902749', '2011-03-12', '2011-06-16', '2011-06-29', '12999.87', '0'),
('694428818', '062579368', '126649862', '2011-11-27', '2012-01-18', '2012-02-04', '170.00', '95'),
('696812637', '282621134', '565939912', '2012-10-16', '2012-11-29', '2012-12-16', '16999.83', '0'),
('698000279', '410197019', '809328115', '2011-10-19', '2012-11-19', '2012-11-27', '7999.92', '50'),
('699181263', '123881026', '237992781', '2020-03-15', '2020-11-16', '2020-11-22', '60.00', '22'),
('700882025', '852986391', '718216405', '2019-05-05', '2019-08-02', '2019-08-07', '67.20', '89'),
('701515048', '455837784', '854717185', '2015-05-01', '2016-04-27', '2016-04-30', '2999.97', '3'),
('702703260', '073311373', '150473979', '2018-09-21', '2019-08-24', '2019-08-30', '5999.94', '41'),
('704296767', '282186650', '562958947', '2016-02-28', '2017-03-17', '2017-03-31', '140.00', '0'),
('706048305', '960661551', '920864754', '2016-10-31', '2017-04-08', '2017-04-15', '6999.93', '67'),
('706342045', '995884029', '985228451', '2012-11-12', '2013-08-13', '2013-08-25', '11999.88', '28'),
('706747421', '871554486', '786505741', '2014-08-21', '2014-09-19', '2014-10-04', '14999.85', '0'),
('706989412', '465959743', '863246729', '2012-09-10', '2012-11-01', '2012-11-20', '11975.32', '0'),
('708630918', '677646264', '319235641', '2020-08-22', '2020-12-28', '2021-01-11', '13999.86', '0'),
('708809243', '521904939', '030576787', '2013-05-03', '2013-07-09', '2013-07-21', '159.12', '0'),
('710126695', '236719989', '485897940', '2012-11-14', '2013-10-04', '2013-10-07', '2999.97', '0'),
('710372298', '757374552', '495711159', '2017-11-22', '2018-04-08', '2018-04-26', '17999.82', '45'),
('711183395', '087384638', '175340456', '2014-07-13', '2015-01-29', '2015-01-31', '804.00', '82'),
('714596135', '803796616', '568212495', '2011-11-13', '2011-12-07', '2011-12-23', '15999.84', '0'),
('714925112', '871554486', '786505741', '2013-05-27', '2014-03-25', '2014-04-04', '9999.90', '79'),
('715526813', '491741844', '933760377', '2019-06-14', '2019-07-12', '2019-07-29', '170.00', '0'),
('715669938', '356789968', '676524624', '2018-07-20', '2018-08-16', '2018-08-28', '2109.60', '0'),
('715973510', '960661551', '920864754', '2013-06-15', '2013-07-05', '2013-07-14', '8999.91', '13'),
('716741359', '673479514', '300871253', '2012-01-27', '2012-08-05', '2012-08-09', '3999.96', '64'),
('718326375', '074789560', '151476162', '2014-05-22', '2014-12-20', '2014-12-28', '7999.92', '0'),
('718443324', '356362456', '675482994', '2011-02-21', '2011-08-21', '2011-09-03', '199.03', '0'),
('719450249', '495962013', '960925565', '2014-09-08', '2014-11-19', '2014-12-08', '4579.57', '0'),
('720401121', '243735218', '495711159', '2013-09-30', '2013-10-14', '2013-11-02', '18999.81', '19'),
('720715606', '721849885', '422519965', '2015-08-17', '2016-01-30', '2016-02-14', '14999.85', '40'),
('720806770', '979183204', '955205550', '2013-04-23', '2013-05-09', '2013-05-15', '78.00', '75'),
('720949237', '910121622', '821702064', '2011-07-17', '2011-10-02', '2011-10-19', '16999.83', '54'),
('721095045', '174181118', '350108834', '2017-01-11', '2017-07-03', '2017-07-09', '2543.22', '0'),
('721300871', '369749634', '712504347', '2013-12-19', '2014-12-24', '2014-12-27', '30.00', '90'),
('723185348', '809305283', '570946867', '2012-06-28', '2013-05-31', '2013-06-07', '6999.93', '29'),
('724168584', '007300498', '014498211', '2013-06-29', '2014-06-20', '2014-07-08', '194.04', '0'),
('725575537', '751007615', '495356441', '2011-08-16', '2011-12-01', '2011-12-14', '130.00', '35'),
('726181180', '538395683', '056654336', '2010-03-03', '2011-02-01', '2011-02-03', '22.00', '7'),
('726206925', '613113862', '191901278', '2016-08-27', '2017-01-10', '2017-01-15', '1360.00', '10'),
('727673724', '822536471', '651889357', '2019-03-26', '2020-01-13', '2020-01-30', '16999.83', '54'),
('728331667', '418590008', '809545814', '2014-08-13', '2015-04-01', '2015-04-19', '223.20', '0'),
('729267194', '476068032', '881164449', '2016-08-28', '2017-01-09', '2017-01-27', '17999.82', '1'),
('731944600', '187596880', '374769924', '2014-03-06', '2015-01-22', '2015-02-03', '11999.88', '73'),
('732183798', '385469792', '729519881', '2017-10-24', '2018-08-04', '2018-08-06', '1999.98', '3'),
('736642415', '466379656', '866627877', '2020-06-12', '2021-01-25', '2021-02-12', '180.00', '74'),
('738480608', '619262677', '216895997', '2018-06-12', '2019-04-27', '2019-04-28', '10.00', '19'),
('738717639', '049373595', '100705146', '2013-05-13', '2013-11-14', '2013-11-24', '9999.90', '46'),
('742407966', '280330605', '555142478', '2013-03-02', '2013-05-07', '2013-05-16', '90.00', '0'),
('742549458', '798855852', '562958947', '2014-05-15', '2015-02-18', '2015-02-21', '30.00', '13'),
('742967855', '809422863', '576610140', '2020-03-31', '2020-05-23', '2020-06-07', '14999.85', '0'),
('743132149', '702218564', '361001500', '2014-12-27', '2015-03-08', '2015-03-17', '8999.91', '0'),
('747565726', '579399762', '127044143', '2014-10-27', '2014-12-03', '2014-12-10', '6999.93', '71'),
('747951036', '108032579', '205009051', '2015-09-28', '2016-07-19', '2016-07-24', '4999.95', '59'),
('749016784', '466379656', '866627877', '2019-02-16', '2019-07-25', '2019-08-04', '100.00', '0'),
('749486933', '861229569', '729519881', '2014-12-26', '2015-04-26', '2015-04-30', '3999.96', '34'),
('750064892', '491000065', '927509350', '2013-02-14', '2013-09-28', '2013-10-10', '11999.88', '14'),
('751515666', '693160653', '342941391', '2019-04-25', '2019-09-15', '2019-09-28', '12999.87', '0'),
('752897682', '563235773', '103591070', '2015-08-04', '2016-06-24', '2016-06-29', '4999.95', '17'),
('753082702', '732630392', '456258640', '2010-12-14', '2011-06-14', '2011-06-15', '999.99', '44'),
('754024609', '979525087', '960925565', '2019-06-14', '2019-08-19', '2019-08-23', '964.12', '0'),
('755116245', '338134471', '659369380', '2014-08-23', '2015-07-29', '2015-08-14', '900.16', '0'),
('755565145', '984259211', '966477448', '2016-12-03', '2017-06-09', '2017-06-21', '8736.00', '0'),
('755759734', '031026346', '063063336', '2017-03-17', '2017-06-10', '2017-06-11', '999.99', '0'),
('758472150', '542170353', '063063336', '2018-09-20', '2018-10-14', '2018-11-03', '19999.80', '0'),
('758920054', '719717093', '422505860', '2019-07-25', '2020-05-10', '2020-05-22', '3772.68', '0'),
('758998215', '208236601', '420607712', '2013-07-19', '2014-06-29', '2014-07-19', '19999.80', '52'),
('759066562', '032466338', '063373860', '2016-01-05', '2017-01-05', '2017-01-20', '14999.85', '0'),
('759341849', '149955849', '309594722', '2016-08-03', '2017-05-19', '2017-05-27', '91.20', '61'),
('760003602', '465937840', '860338284', '2017-08-02', '2018-04-21', '2018-05-11', '694.60', '63'),
('760148292', '491741844', '933760377', '2017-06-22', '2018-06-23', '2018-07-07', '140.00', '13'),
('760473780', '179093639', '361791985', '2012-04-06', '2012-04-24', '2012-05-10', '385.92', '86'),
('760877055', '546053911', '094496178', '2016-12-27', '2017-06-22', '2017-07-01', '8999.91', '0'),
('761854971', '931706885', '860005070', '2015-06-14', '2016-03-21', '2016-03-29', '112.80', '0'),
('762355455', '152763959', '335685219', '2011-06-04', '2012-06-29', '2012-07-09', '9999.90', '35'),
('762849142', '669545023', '292722505', '2019-10-16', '2020-04-07', '2020-04-21', '3860.64', '17'),
('763244875', '132601278', '246539210', '2013-01-04', '2013-09-02', '2013-09-21', '226.86', '0'),
('763428463', '356362456', '675482994', '2016-03-15', '2016-10-22', '2016-11-07', '244.96', '10'),
('764091957', '613065371', '187968324', '2013-02-21', '2013-04-20', '2013-04-28', '7999.92', '0'),
('764473175', '400093202', '791169840', '2010-12-19', '2011-06-27', '2011-07-07', '100.00', '23'),
('765279278', '696371962', '350108834', '2020-06-14', '2021-02-10', '2021-02-16', '2543.22', '0'),
('765402687', '946668971', '881164449', '2018-01-28', '2018-12-13', '2018-12-25', '11999.88', '71'),
('767169199', '174181118', '350108834', '2020-01-11', '2020-12-11', '2020-12-19', '3390.96', '0'),
('767794142', '234581434', '472531826', '2019-09-10', '2020-09-29', '2020-10-12', '130.00', '0'),
('768251632', '546053911', '094496178', '2013-07-28', '2014-03-10', '2014-03-16', '5999.94', '55'),
('769159148', '111396591', '213683353', '2017-01-07', '2017-04-12', '2017-04-26', '13999.86', '0'),
('770070194', '604720329', '181007404', '2018-01-03', '2018-12-13', '2018-12-15', '20.00', '46'),
('770223367', '905153627', '817663881', '2019-03-04', '2019-07-03', '2019-07-19', '15999.84', '0'),
('770356329', '112802296', '220016627', '2016-04-10', '2017-04-16', '2017-04-30', '13999.86', '96'),
('771739935', '107147839', '203783659', '2020-04-15', '2020-05-20', '2020-05-29', '90.00', '9'),
('771919144', '942923500', '863246729', '2017-10-13', '2017-10-14', '2017-10-29', '9454.20', '0'),
('773845001', '880661351', '795590758', '2010-08-09', '2011-01-20', '2011-02-08', '190.00', '0'),
('774043650', '233464511', '456258640', '2019-08-08', '2020-04-20', '2020-04-24', '3999.96', '55'),
('775932436', '950716539', '885837281', '2013-05-13', '2013-11-20', '2013-12-08', '17999.82', '21'),
('776275694', '797763713', '555142478', '2015-12-14', '2016-08-07', '2016-08-12', '50.00', '0'),
('776961700', '629590340', '224262602', '2012-04-01', '2013-03-19', '2013-03-23', '3999.96', '75'),
('777289119', '544825003', '072909816', '2013-01-28', '2013-09-09', '2013-09-20', '10999.89', '0'),
('778702642', '152763959', '335685219', '2014-04-23', '2014-08-15', '2014-08-16', '999.99', '0'),
('781220226', '152686827', '335574826', '2013-02-11', '2013-08-25', '2013-09-01', '2591.12', '49'),
('781251778', '825139168', '669715199', '2011-01-26', '2011-11-18', '2011-11-24', '60.00', '62'),
('782983186', '262566141', '540176796', '2016-09-20', '2017-07-12', '2017-07-14', '1999.98', '14'),
('783284907', '681757314', '340085881', '2019-09-30', '2020-04-08', '2020-04-23', '14999.85', '0'),
('784747684', '044587413', '100084318', '2011-09-17', '2011-11-16', '2011-12-04', '311.40', '32'),
('785547085', '221812661', '423436988', '2015-02-25', '2015-10-10', '2015-10-21', '10999.89', '57'),
('785629933', '517684546', '006108632', '2014-06-30', '2014-10-24', '2014-11-07', '13999.86', '89'),
('785992760', '388236355', '738750803', '2016-04-03', '2016-10-25', '2016-11-12', '17999.82', '0'),
('786397883', '041647314', '099331865', '2014-11-27', '2015-06-24', '2015-07-04', '1019.00', '52'),
('789081359', '863391721', '774622100', '2016-02-04', '2017-02-09', '2017-02-16', '6999.93', '0'),
('791595176', '613113862', '191901278', '2017-05-18', '2018-05-15', '2018-05-20', '1360.00', '94'),
('793475831', '789896278', '540443954', '2014-01-05', '2014-07-09', '2014-07-12', '126.75', '0'),
('793790424', '697715355', '350228915', '2019-07-28', '2019-11-08', '2019-11-27', '512.43', '11'),
('793999829', '604419349', '173198749', '2013-04-18', '2013-09-16', '2013-10-01', '14999.85', '0'),
('794872534', '989443836', '976972301', '2014-03-21', '2015-02-20', '2015-02-23', '2999.97', '75'),
('796699545', '930322898', '854717185', '2016-10-06', '2016-12-22', '2017-01-11', '19999.80', '61'),
('796801617', '120479354', '230267787', '2020-06-27', '2020-10-29', '2020-11-09', '564.85', '85'),
('798418250', '813183517', '582801188', '2014-06-21', '2014-07-06', '2014-07-15', '8999.91', '0'),
('800621901', '115318112', '224262602', '2010-12-17', '2012-01-13', '2012-01-18', '4999.95', '2'),
('802042887', '204651972', '407529131', '2018-09-07', '2019-03-10', '2019-03-18', '7999.92', '0'),
('802534713', '846346347', '710313203', '2019-11-18', '2020-03-23', '2020-04-06', '140.00', '0'),
('802910408', '174181118', '350108834', '2018-11-28', '2019-11-06', '2019-11-14', '3390.96', '93'),
('803226243', '204603709', '406855849', '2018-08-22', '2018-08-28', '2018-09-10', '12999.87', '0'),
('803295127', '426192405', '815285853', '2017-11-14', '2018-03-13', '2018-03-27', '2836.40', '66'),
('803980647', '078123836', '170122153', '2013-01-18', '2014-01-20', '2014-02-07', '6068.34', '0'),
('807841976', '446285437', '829326610', '2017-07-23', '2017-10-05', '2017-10-23', '17999.82', '0'),
('809228388', '901294197', '815285853', '2020-08-15', '2020-09-27', '2020-09-28', '202.60', '0'),
('810194191', '145679205', '283950642', '2012-11-12', '2013-12-09', '2013-12-16', '6999.93', '95'),
('812692753', '174509111', '356559720', '2017-10-14', '2018-02-21', '2018-03-13', '200.00', '0'),
('812925574', '812511361', '577324732', '2016-02-16', '2017-02-08', '2017-02-17', '8999.91', '0'),
('814912327', '065430522', '137369337', '2011-06-14', '2012-06-28', '2012-06-30', '1999.98', '0'),
('815660158', '667742802', '283950642', '2020-02-03', '2020-09-28', '2020-09-30', '1999.98', '0'),
('816389782', '149955849', '309594722', '2015-02-18', '2015-06-06', '2015-06-10', '45.60', '0'),
('817077150', '074789560', '151476162', '2019-04-26', '2019-07-18', '2019-08-02', '14999.85', '50'),
('817975860', '707082008', '374769924', '2019-12-17', '2020-08-24', '2020-09-08', '14999.85', '65'),
('819141258', '821472405', '649163263', '2012-08-10', '2012-09-26', '2012-10-12', '15999.84', '59'),
('819200237', '726571756', '438824361', '2017-02-24', '2017-09-10', '2017-09-30', '377.60', '0'),
('819577317', '480237653', '920864754', '2014-02-22', '2014-10-16', '2014-10-23', '6999.93', '0'),
('821574725', '196035155', '400320301', '2015-02-18', '2015-12-03', '2015-12-08', '83.60', '0'),
('821660440', '243155853', '495646950', '2019-07-11', '2020-07-12', '2020-07-25', '12999.87', '0'),
('823974739', '008614403', '022627445', '2013-09-11', '2013-09-14', '2013-09-25', '10999.89', '66'),
('824056738', '186660284', '373450826', '2011-08-10', '2011-08-28', '2011-08-29', '22.37', '6'),
('826370427', '221812661', '423436988', '2012-08-15', '2013-04-05', '2013-04-22', '16999.83', '73'),
('827248181', '005856234', '008222714', '2011-08-27', '2012-01-20', '2012-02-09', '515.60', '0'),
('828013057', '107147839', '203783659', '2018-03-28', '2018-12-25', '2019-01-12', '180.00', '0'),
('828458421', '409911481', '807362227', '2018-11-19', '2019-10-22', '2019-10-28', '5999.94', '0'),
('830864669', '724832078', '423436988', '2017-12-07', '2018-01-31', '2018-02-03', '2999.97', '0'),
('831017272', '138637098', '260797887', '2013-05-16', '2014-05-11', '2014-05-25', '1324.82', '0'),
('832009597', '112802296', '220016627', '2012-10-13', '2012-12-10', '2012-12-18', '7999.92', '0'),
('832983909', '510488616', '985228451', '2019-04-23', '2020-01-06', '2020-01-07', '999.99', '11'),
('833802150', '569752286', '104654765', '2011-04-11', '2011-06-28', '2011-07-09', '10999.89', '0'),
('837033079', '604720329', '181007404', '2017-02-10', '2017-05-03', '2017-05-21', '180.00', '65'),
('837834250', '234581434', '472531826', '2016-04-25', '2016-10-30', '2016-11-11', '120.00', '0'),
('840237417', '525092599', '044518628', '2010-03-11', '2011-02-18', '2011-03-10', '16174.00', '0'),
('840444727', '604652685', '175340456', '2017-10-23', '2018-03-05', '2018-03-17', '4824.00', '0'),
('842438725', '711879587', '407529131', '2018-10-13', '2019-01-18', '2019-01-22', '3999.96', '0'),
('843559221', '111500268', '216895997', '2017-07-08', '2018-05-17', '2018-06-04', '180.00', '0'),
('844050832', '052500175', '104310408', '2017-10-25', '2018-05-12', '2018-05-22', '9999.90', '0'),
('846693160', '239109042', '492011233', '2019-08-06', '2020-02-06', '2020-02-25', '18999.81', '0'),
('846809845', '478545699', '910737692', '2019-07-01', '2019-07-20', '2019-08-09', '19999.80', '91'),
('848565727', '813941602', '597460701', '2012-02-10', '2012-03-29', '2012-04-12', '416.64', '0'),
('848830580', '148308755', '295157116', '2013-01-10', '2013-11-05', '2013-11-13', '135.28', '31'),
('849369666', '745737429', '485897940', '2020-02-06', '2020-04-17', '2020-04-26', '8999.91', '0'),
('849718739', '015043199', '038941546', '2018-08-29', '2018-12-30', '2019-01-03', '3399.60', '7'),
('850796617', '706326262', '370201218', '2012-10-21', '2013-08-31', '2013-09-11', '391.38', '0'),
('851609369', '674211310', '309594722', '2014-08-07', '2015-08-04', '2015-08-08', '45.60', '0'),
('853271044', '138637098', '260797887', '2016-07-21', '2017-08-11', '2017-08-18', '662.41', '0'),
('855790260', '002877211', '006108632', '2012-04-12', '2012-11-16', '2012-12-01', '14999.85', '90'),
('855826647', '149653562', '300871253', '2017-12-31', '2018-11-16', '2018-11-18', '1999.98', '0'),
('856214910', '737756008', '472531826', '2015-01-31', '2015-06-19', '2015-07-06', '170.00', '0'),
('857378337', '198073715', '403899367', '2012-08-18', '2013-05-23', '2013-05-31', '80.00', '64'),
('857682865', '369749634', '712504347', '2015-10-08', '2016-10-18', '2016-11-03', '160.00', '20'),
('860294787', '455359661', '848318690', '2010-10-21', '2011-11-02', '2011-11-12', '9999.90', '63'),
('863793923', '410375394', '809489198', '2012-06-20', '2013-06-25', '2013-07-07', '11999.88', '66'),
('864620651', '180130133', '362909043', '2014-04-01', '2014-11-01', '2014-11-03', '1999.98', '62'),
('865947355', '510488616', '985228451', '2017-03-17', '2018-02-09', '2018-02-18', '8999.91', '0'),
('866587679', '221164709', '422519965', '2016-02-10', '2016-11-28', '2016-11-30', '1999.98', '90'),
('867163589', '074789560', '151476162', '2013-12-24', '2014-12-09', '2014-12-28', '18999.81', '91'),
('868105195', '225671564', '445560981', '2020-09-19', '2021-02-04', '2021-02-09', '4999.95', '0'),
('870464347', '577671678', '126649862', '2018-05-07', '2019-04-11', '2019-04-15', '40.00', '12'),
('873994866', '151153029', '313135184', '2010-04-27', '2011-01-08', '2011-01-25', '16999.83', '84'),
('874215059', '149653562', '300871253', '2013-12-21', '2014-06-14', '2014-06-24', '9999.90', '81'),
('874741740', '111500268', '216895997', '2015-06-23', '2015-11-16', '2015-11-28', '120.00', '0'),
('876293274', '120479354', '230267787', '2012-07-23', '2013-03-14', '2013-03-21', '359.45', '73'),
('877710812', '103864093', '191901278', '2016-08-30', '2017-07-31', '2017-08-14', '3808.00', '1'),
('877886472', '228166234', '447756080', '2020-02-15', '2021-02-04', '2021-02-15', '10999.89', '0'),
('877980346', '098771607', '182049200', '2018-12-02', '2019-04-11', '2019-05-01', '208.20', '0'),
('878047329', '123397927', '234203028', '2010-08-08', '2011-05-19', '2011-06-06', '17999.82', '0'),
('878953091', '280330605', '555142478', '2015-06-06', '2015-11-05', '2015-11-17', '120.00', '0'),
('879109690', '462973082', '860005070', '2016-02-26', '2016-09-25', '2016-10-04', '126.90', '0'),
('879285935', '793313978', '542884962', '2013-11-03', '2014-06-27', '2014-06-28', '999.99', '0'),
('880348282', '398059213', '787074940', '2012-08-21', '2013-06-02', '2013-06-10', '80.00', '71'),
('881098855', '836899423', '683057710', '2017-01-21', '2017-12-24', '2018-01-07', '13999.86', '82'),
('884998722', '962851485', '924370606', '2013-11-13', '2014-11-23', '2014-12-06', '3937.31', '0'),
('885103059', '119670936', '229707501', '2014-05-11', '2014-06-24', '2014-07-02', '7999.92', '0'),
('885883030', '509477186', '979377000', '2015-04-02', '2016-01-08', '2016-01-22', '13999.86', '0'),
('887719458', '049373595', '100705146', '2011-05-17', '2011-09-13', '2011-09-22', '8999.91', '0'),
('889995434', '149955849', '309594722', '2017-02-28', '2017-11-14', '2017-11-30', '182.40', '0'),
('890405401', '243735218', '495711159', '2011-12-08', '2012-09-22', '2012-10-09', '16999.83', '0'),
('891711613', '930322898', '854717185', '2014-03-04', '2014-10-05', '2014-10-19', '13999.86', '26'),
('892667259', '212442726', '422505860', '2017-02-20', '2018-02-16', '2018-03-04', '5030.24', '52'),
('892736141', '520099964', '022627445', '2020-03-05', '2020-05-31', '2020-06-09', '8999.91', '0'),
('893232933', '005856234', '008222714', '2011-07-30', '2012-03-30', '2012-04-11', '309.36', '0'),
('893406833', '600660335', '172308022', '2020-04-26', '2020-05-21', '2020-06-07', '218.45', '0'),
('894858172', '676841637', '313135184', '2010-10-30', '2011-04-25', '2011-04-29', '3999.96', '9'),
('895175237', '757762815', '497250698', '2011-01-30', '2011-08-14', '2011-08-18', '56.80', '41'),
('897554674', '468788790', '876834803', '2012-10-13', '2013-04-23', '2013-05-02', '8999.91', '64'),
('898208359', '239109042', '492011233', '2015-11-29', '2016-09-12', '2016-09-13', '999.99', '0'),
('898704223', '614657226', '203783659', '2020-07-30', '2020-08-14', '2020-09-01', '180.00', '0'),
('899856187', '034708862', '088576295', '2017-10-11', '2018-09-01', '2018-09-14', '12999.87', '82'),
('906929446', '152140787', '319235641', '2012-03-20', '2013-01-20', '2013-02-02', '12999.87', '0'),
('907420378', '380382163', '722347687', '2010-07-27', '2011-07-07', '2011-07-15', '7999.92', '0'),
('907647344', '282186650', '562958947', '2018-01-28', '2019-01-15', '2019-02-01', '170.00', '0'),
('907917619', '236719989', '485897940', '2017-11-03', '2018-07-06', '2018-07-23', '16999.83', '2'),
('908077667', '369749634', '712504347', '2015-06-25', '2015-12-01', '2015-12-09', '80.00', '85'),
('908458117', '680512470', '335685219', '2017-09-04', '2017-12-28', '2017-12-31', '2999.97', '0'),
('908518312', '228166234', '447756080', '2011-04-26', '2011-10-11', '2011-10-21', '9999.90', '66'),
('908845748', '724832078', '423436988', '2016-01-23', '2016-05-20', '2016-05-24', '3999.96', '75'),
('910137481', '538395683', '056654336', '2020-10-30', '2020-12-11', '2020-12-29', '198.00', '0'),
('911149725', '495366036', '955205550', '2012-10-09', '2013-10-06', '2013-10-15', '117.00', '53'),
('911813450', '951315873', '910617325', '2012-06-29', '2012-12-30', '2013-01-08', '8999.91', '0'),
('911952094', '817764457', '627935723', '2010-08-08', '2011-04-29', '2011-05-17', '9489.60', '39'),
('912156172', '480237653', '920864754', '2017-12-11', '2018-12-12', '2018-12-20', '7999.92', '11'),
('915964523', '100855193', '187968324', '2013-03-01', '2013-04-07', '2013-04-22', '14999.85', '0'),
('918291492', '468788790', '876834803', '2013-12-07', '2014-01-15', '2014-01-22', '6999.93', '0'),
('921906658', '615565916', '205009051', '2016-07-28', '2017-01-02', '2017-01-20', '17999.82', '75'),
('924348382', '705483133', '362909043', '2015-12-20', '2016-05-14', '2016-05-23', '8999.91', '0'),
('925187224', '087404612', '181007404', '2012-04-20', '2013-03-20', '2013-04-06', '170.00', '0'),
('925513673', '058493582', '114614847', '2011-10-01', '2011-10-29', '2011-11-14', '15999.84', '0'),
('926024805', '922589098', '848318690', '2016-11-24', '2017-02-18', '2017-02-26', '7999.92', '0'),
('926876896', '567309514', '104310408', '2014-11-02', '2015-09-08', '2015-09-28', '19999.80', '0'),
('928010144', '084364806', '173198749', '2012-07-21', '2013-05-25', '2013-06-03', '8999.91', '0'),
('930430238', '212442726', '422505860', '2013-11-08', '2014-10-01', '2014-10-07', '1886.34', '0'),
('933396190', '672986971', '295157116', '2011-05-13', '2011-10-19', '2011-11-03', '253.65', '0'),
('936715869', '008614403', '022627445', '2013-05-14', '2013-08-26', '2013-09-06', '10999.89', '24'),
('936761531', '363737598', '687253944', '2011-10-04', '2012-10-04', '2012-10-09', '4999.95', '95'),
('937002304', '393692225', '786505741', '2014-02-06', '2014-05-25', '2014-06-02', '7999.92', '0'),
('937310410', '029574483', '057422922', '2016-01-27', '2016-01-28', '2016-02-02', '4999.95', '0'),
('938456623', '667315631', '280100237', '2017-03-22', '2018-04-23', '2018-05-06', '12999.87', '0'),
('939257339', '677646264', '319235641', '2013-02-25', '2013-10-19', '2013-10-30', '10999.89', '0'),
('939506536', '329883816', '646289000', '2017-10-19', '2018-01-28', '2018-02-07', '9999.90', '5'),
('939927022', '117549111', '226975168', '2013-09-10', '2014-06-20', '2014-06-21', '999.99', '37'),
('940282533', '410197019', '809328115', '2010-08-06', '2011-03-26', '2011-04-04', '8999.91', '0'),
('940336609', '438582323', '817663881', '2015-09-13', '2016-03-16', '2016-03-29', '12999.87', '24'),
('940600994', '620429947', '220016627', '2018-03-06', '2018-09-02', '2018-09-09', '6999.93', '80'),
('941876378', '604419349', '173198749', '2016-12-03', '2017-10-09', '2017-10-29', '19999.80', '0'),
('943366510', '015196233', '044518628', '2012-08-23', '2013-06-19', '2013-06-24', '4043.50', '43'),
('944291583', '108032579', '205009051', '2015-08-14', '2016-08-05', '2016-08-08', '2999.97', '0'),
('944402453', '257598500', '507029250', '2012-05-07', '2012-11-19', '2012-11-27', '3248.80', '0'),
('946950168', '410197019', '809328115', '2015-06-20', '2015-09-08', '2015-09-13', '4999.95', '97'),
('948450410', '103864093', '191901278', '2017-11-05', '2018-07-27', '2018-08-12', '4352.00', '3'),
('948802609', '098771607', '182049200', '2013-07-31', '2013-12-08', '2013-12-23', '156.15', '0'),
('951415726', '063735437', '127044143', '2016-01-27', '2016-02-04', '2016-02-06', '1999.98', '0'),
('951436496', '539775954', '057422922', '2019-01-10', '2019-05-10', '2019-05-28', '17999.82', '28'),
('951859448', '040402339', '096823013', '2019-04-27', '2020-04-20', '2020-04-27', '78.54', '0'),
('954326588', '970595992', '935853427', '2016-07-07', '2017-05-19', '2017-05-23', '52.00', '0'),
('954585494', '519263358', '008222714', '2010-11-11', '2011-03-07', '2011-03-20', '335.14', '0'),
('957717551', '610737147', '181444552', '2019-11-04', '2020-03-10', '2020-03-23', '2343.38', '67'),
('957940822', '480237653', '920864754', '2014-08-06', '2014-08-09', '2014-08-28', '18999.81', '89'),
('959667747', '055168179', '104654765', '2011-08-16', '2011-11-17', '2011-12-01', '13999.86', '0'),
('961437611', '018165937', '049856367', '2018-01-06', '2018-11-07', '2018-11-22', '3073.50', '77'),
('961698865', '834772678', '676524624', '2016-03-13', '2017-02-06', '2017-02-13', '1230.60', '0'),
('963350174', '204603709', '406855849', '2018-04-19', '2018-08-22', '2018-08-29', '6999.93', '0'),
('963403918', '110009394', '207216391', '2015-06-27', '2016-05-15', '2016-06-01', '16999.83', '0'),
('963915908', '902508679', '815902749', '2012-06-24', '2012-09-07', '2012-09-20', '12999.87', '0'),
('966095567', '311973726', '577324732', '2015-04-14', '2015-08-02', '2015-08-21', '18999.81', '85'),
('966566939', '544825003', '072909816', '2019-11-13', '2019-12-31', '2020-01-09', '8999.91', '75'),
('967702560', '174509111', '356559720', '2010-05-19', '2011-04-25', '2011-04-29', '40.00', '7'),
('968157540', '711879587', '407529131', '2020-05-09', '2020-07-23', '2020-07-31', '7999.92', '0'),
('969160999', '615565916', '205009051', '2011-01-10', '2011-01-19', '2011-02-07', '18999.81', '0'),
('973074176', '862836924', '764378255', '2016-05-24', '2017-03-15', '2017-03-26', '10999.89', '46'),
('973993255', '233464511', '456258640', '2011-05-11', '2011-07-15', '2011-07-19', '3999.96', '0'),
('974055800', '635752321', '229707501', '2011-02-11', '2011-10-18', '2011-11-06', '18999.81', '12'),
('974118320', '618775593', '213683353', '2017-08-11', '2017-10-03', '2017-10-23', '19999.80', '27'),
('975019283', '103864093', '191901278', '2019-01-07', '2019-08-16', '2019-09-02', '4624.00', '0'),
('977279095', '455359661', '848318690', '2018-07-02', '2018-07-17', '2018-07-30', '12999.87', '0'),
('977814869', '521904939', '030576787', '2017-07-25', '2017-08-12', '2017-08-22', '132.60', '27'),
('977861550', '113288492', '224169265', '2012-10-26', '2013-02-07', '2013-02-27', '19999.80', '0'),
('978617965', '563235773', '103591070', '2011-06-18', '2012-06-22', '2012-06-24', '1999.98', '76'),
('979144891', '659987678', '255720351', '2015-07-26', '2016-08-02', '2016-08-04', '1999.96', '71'),
('979456507', '519263358', '008222714', '2019-09-18', '2020-04-11', '2020-04-18', '180.46', '0'),
('980996266', '183696385', '370201218', '2016-11-29', '2017-12-26', '2018-01-15', '711.60', '60'),
('981521020', '918934310', '829326610', '2017-12-27', '2018-03-24', '2018-03-25', '999.99', '91'),
('982435905', '356182968', '673775660', '2018-04-05', '2018-05-04', '2018-05-12', '7999.92', '0'),
('982847738', '136285219', '255720351', '2011-11-02', '2012-05-30', '2012-06-09', '9999.80', '0'),
('983277334', '988224311', '976943165', '2010-11-11', '2011-02-01', '2011-02-14', '12999.87', '0'),
('984068214', '355091314', '669715199', '2014-09-08', '2015-07-01', '2015-07-16', '150.00', '18'),
('984662417', '887909302', '809328115', '2019-02-22', '2019-08-26', '2019-09-05', '9999.90', '95'),
('985397531', '480525762', '924370606', '2015-03-15', '2015-10-26', '2015-11-01', '1817.22', '69'),
('985538586', '334931221', '651889357', '2016-10-21', '2016-11-15', '2016-11-25', '9999.90', '0'),
('986479668', '145707931', '292722505', '2014-07-21', '2015-01-19', '2015-01-23', '1103.04', '0'),
('987244035', '499716049', '966477448', '2016-07-24', '2016-08-10', '2016-08-30', '14560.00', '0'),
('987462594', '817764457', '627935723', '2012-11-19', '2013-12-16', '2013-12-31', '7908.00', '0'),
('988341011', '598031287', '170122153', '2011-06-23', '2011-11-10', '2011-11-24', '4719.82', '65'),
('988761524', '378681011', '721663735', '2017-04-08', '2017-07-18', '2017-07-21', '304.68', '0'),
('989860064', '015043199', '038941546', '2014-05-13', '2015-01-23', '2015-02-04', '10198.80', '0'),
('991445078', '087404612', '181007404', '2012-02-29', '2012-11-04', '2012-11-18', '140.00', '51'),
('993119420', '065430522', '137369337', '2012-08-28', '2013-08-09', '2013-08-26', '16999.83', '78'),
('994440172', '424334837', '813326738', '2014-10-09', '2015-09-26', '2015-10-04', '2026.00', '73'),
('995241916', '041647314', '099331865', '2012-11-26', '2013-08-07', '2013-08-09', '203.80', '0'),
('995743478', '806868231', '570377776', '2012-03-05', '2012-12-25', '2012-12-31', '60.00', '80'),
('996344109', '325454174', '626044282', '2018-07-06', '2018-12-16', '2019-01-04', '216.98', '85'),
('997334559', '910121622', '821702064', '2013-09-14', '2014-03-01', '2014-03-05', '3999.96', '0'),
('997469265', '145707931', '292722505', '2019-03-25', '2019-09-19', '2019-09-29', '2757.60', '0'),
('998858249', '476503276', '885837281', '2018-12-12', '2018-12-21', '2018-12-30', '8999.91', '0'),
('999488224', '988051214', '975154047', '2017-09-12', '2018-08-14', '2018-08-22', '80.00', '0'),
('999527609', '682258747', '340173034', '2011-01-04', '2011-02-20', '2011-02-23', '246.00', '47');

-- --------------------------------------------------------

--
-- Estructura de tabla para la tabla `contrato`
--

DROP TABLE IF EXISTS `contrato`;
CREATE TABLE IF NOT EXISTS `contrato` (
  `COD_CONTRATO` varchar(6) COLLATE utf8_spanish_ci NOT NULL,
  `NOMBRE` varchar(40) COLLATE utf8_spanish_ci DEFAULT NULL,
  `SALARIO` float(7,2) NOT NULL,
  `DESCRIPCION` varchar(300) COLLATE utf8_spanish_ci DEFAULT NULL,
  PRIMARY KEY (`COD_CONTRATO`)
) ENGINE=InnoDB DEFAULT CHARSET=utf8 COLLATE=utf8_spanish_ci;

-- --------------------------------------------------------

--
-- Estructura de tabla para la tabla `contrato_asignado_a_empleado`
--

DROP TABLE IF EXISTS `contrato_asignado_a_empleado`;
CREATE TABLE IF NOT EXISTS `contrato_asignado_a_empleado` (
  `ID_CONTRATO_EMPLEADO` varchar(12) COLLATE utf8_spanish_ci NOT NULL,
  `COD_CONTRATO` varchar(6) COLLATE utf8_spanish_ci NOT NULL,
  `NUM_ID_EMPLEADO` varchar(9) COLLATE utf8_spanish_ci NOT NULL,
  `FECHA_INICIO` date NOT NULL,
  `FECHA_FIN` date DEFAULT NULL,
  PRIMARY KEY (`ID_CONTRATO_EMPLEADO`),
  UNIQUE KEY `COD_CONTRATO` (`COD_CONTRATO`),
  UNIQUE KEY `NUM_ID_EMPLEADO` (`NUM_ID_EMPLEADO`),
  UNIQUE KEY `FECHA_INICIO` (`FECHA_INICIO`)
) ENGINE=InnoDB DEFAULT CHARSET=utf8 COLLATE=utf8_spanish_ci;

-- --------------------------------------------------------

--
-- Estructura de tabla para la tabla `edificio`
--

DROP TABLE IF EXISTS `edificio`;
CREATE TABLE IF NOT EXISTS `edificio` (
  `ID_EDIFICIO` varchar(6) COLLATE utf8_spanish_ci NOT NULL,
  `DIRECCION` varchar(30) COLLATE utf8_spanish_ci NOT NULL,
  `NUM_PLANTAS` int(2) UNSIGNED NOT NULL,
  `ANHO_CONSTRUCCION` int(4) DEFAULT NULL,
  `ID_HOTEL` varchar(6) COLLATE utf8_spanish_ci NOT NULL,
  PRIMARY KEY (`ID_EDIFICIO`),
  UNIQUE KEY `DIRECCION` (`DIRECCION`),
  KEY `ID_HOTEL` (`ID_HOTEL`)
) ENGINE=InnoDB DEFAULT CHARSET=utf8 COLLATE=utf8_spanish_ci;

-- --------------------------------------------------------

--
-- Estructura de tabla para la tabla `empleado`
--

DROP TABLE IF EXISTS `empleado`;
CREATE TABLE IF NOT EXISTS `empleado` (
  `NUM_ID` varchar(9) COLLATE utf8_spanish_ci NOT NULL,
  `ESPECIALIDAD` varchar(20) COLLATE utf8_spanish_ci DEFAULT NULL,
  `CUENTA_BANCO` varchar(24) COLLATE utf8_spanish_ci NOT NULL,
  `ANHOS_EXPERIENCIA` int(2) UNSIGNED DEFAULT NULL,
  `ID_HOTEL` varchar(6) COLLATE utf8_spanish_ci NOT NULL,
  `ID_PRACTICA_SUPERVISADA` varchar(12) COLLATE utf8_spanish_ci DEFAULT NULL,
  PRIMARY KEY (`NUM_ID`),
  KEY `ID_HOTEL` (`ID_HOTEL`),
  KEY `ID_PRACTICA_SUPERVISADA` (`ID_PRACTICA_SUPERVISADA`)
) ENGINE=InnoDB DEFAULT CHARSET=utf8 COLLATE=utf8_spanish_ci;

-- --------------------------------------------------------

--
-- Estructura de tabla para la tabla `empresa`
--

DROP TABLE IF EXISTS `empresa`;
CREATE TABLE IF NOT EXISTS `empresa` (
  `CIF` varchar(9) COLLATE utf8_spanish_ci NOT NULL,
  `ID_CLIENTE` varchar(9) COLLATE utf8_spanish_ci DEFAULT NULL,
  `NOMBRE` varchar(40) COLLATE utf8_spanish_ci NOT NULL,
  `NUM_EMPLEADOS` decimal(4,0) UNSIGNED DEFAULT NULL,
  `ALCANCE` enum('Local','Regional','Nacional','Comunitaria','Multinacional') COLLATE utf8_spanish_ci NOT NULL,
  `TIPO_EMPRESA` enum('Limitada','Anónima','Cooperativa') COLLATE utf8_spanish_ci NOT NULL DEFAULT 'Limitada',
  `ULTIMA_ACTUALIZACION` timestamp NOT NULL DEFAULT current_timestamp() ON UPDATE current_timestamp(),
  PRIMARY KEY (`CIF`),
  UNIQUE KEY `ID_CLIENTE` (`ID_CLIENTE`)
) ENGINE=InnoDB DEFAULT CHARSET=utf8 COLLATE=utf8_spanish_ci;

--
-- Volcado de datos para la tabla `empresa`
--

INSERT INTO `empresa` (`CIF`, `ID_CLIENTE`, `NOMBRE`, `NUM_EMPLEADOS`, `ALCANCE`, `TIPO_EMPRESA`, `ULTIMA_ACTUALIZACION`) VALUES
('001624828', '919076236', 'Roob and Sons', '3080', 'Multinacional', 'Limitada', '2021-03-06 10:11:30'),
('025592621', '103864093', 'Lakin and Sons', '673', 'Nacional', 'Limitada', '2021-03-06 10:11:30'),
('049374869', '111396591', 'Dibbert, Hartmann and Marvin', '3190', 'Local', 'Anónima', '1976-01-27 02:53:35'),
('051510755', '922231935', 'Hane LLC', '4901', 'Local', 'Cooperativa', '2019-03-31 09:30:01'),
('097388751', '905153627', 'Howell, Bartoletti and Runte', '8950', 'Multinacional', 'Limitada', '1973-11-26 08:48:43'),
('112588967', '521904939', 'Schaden Group', '7435', 'Multinacional', 'Anónima', '2002-01-07 22:04:28'),
('118493717', '282621134', 'Hane, Bogisich and Cartwright', '3405', 'Regional', 'Limitada', '2021-03-06 10:11:30'),
('175279466', '517684546', 'West-Runte', '2067', 'Local', 'Cooperativa', '1993-06-05 11:00:38'),
('183797029', '357745419', 'Brakus Ltd', '4567', 'Nacional', 'Limitada', '2004-12-25 16:14:27'),
('188603517', '610737147', 'Prohaska, Macejkovic and Barton', '2817', 'Local', 'Anónima', '1980-09-04 08:29:06'),
('189515201', '567309514', 'Hane-Kreiger', '1421', 'Regional', 'Cooperativa', '1973-04-13 21:09:48'),
('201975385', '600660335', 'Cummings, Nienow and Roob', '2693', 'Multinacional', 'Cooperativa', '1998-02-02 23:23:13'),
('226713233', '138637098', 'Cruickshank Ltd', '2957', 'Comunitaria', 'Anónima', '1990-12-09 22:16:59'),
('251339871', '152763959', 'Ortiz, Kessler and Rodriguez', '9959', 'Comunitaria', 'Limitada', '1999-10-03 02:03:46'),
('255074118', '204603709', 'Koss-Sporer', '9249', 'Nacional', 'Cooperativa', '1982-07-07 08:13:55'),
('259984586', '325454174', 'Price, Moen and Treutel', '4000', 'Nacional', 'Anónima', '2019-08-30 10:16:10'),
('281769402', '032976109', 'Rau, Kreiger and Prosacco', '3926', 'Comunitaria', 'Cooperativa', '2009-02-18 02:32:30'),
('291167137', '706910386', 'Von and Sons', '1794', 'Regional', 'Limitada', '2021-03-06 10:11:30'),
('313347591', '676841637', 'Koelpin, Huel and Predovic', '8341', 'Multinacional', 'Anónima', '1970-09-10 02:22:06'),
('324119257', '356182968', 'Parisian and Sons', '2863', 'Comunitaria', 'Cooperativa', '2013-01-07 00:49:51'),
('326490880', '392899308', 'Batz-Steuber', '3428', 'Nacional', 'Limitada', '2021-03-06 10:11:30'),
('356416358', '970595992', 'Douglas-Powlowski', '795', 'Nacional', 'Limitada', '2021-03-06 10:11:30'),
('378356227', '577671678', 'Hartmann, Runolfsson and Corwin', '2110', 'Multinacional', 'Cooperativa', '1996-03-20 06:23:26'),
('384761902', '063907023', 'McDermott-Murray', '910', 'Regional', 'Cooperativa', '2002-11-12 07:38:09'),
('407028612', '834772678', 'Brekke, Gibson and Nitzsche', '206', 'Nacional', 'Limitada', '2021-03-06 10:11:30'),
('407923850', '680757285', 'Maggio Ltd', '9846', 'Regional', 'Anónima', '1974-12-12 14:40:27'),
('447083210', '480525762', 'Schultz, Wolf and Stiedemann', '3477', 'Comunitaria', 'Limitada', '2021-03-06 10:11:30'),
('518251236', '378681011', 'Halvorson-Gorczany', '825', 'Nacional', 'Cooperativa', '1989-10-06 13:24:21'),
('544718246', '041647314', 'Schuster, McLaughlin and Farrell', '5443', 'Comunitaria', 'Limitada', '2021-03-06 10:11:30'),
('578605290', '657217245', 'Christiansen Inc', '6911', 'Regional', 'Cooperativa', '1983-11-15 17:17:02'),
('637023211', '398059213', 'Runte, White and Sporer', '2042', 'Multinacional', 'Cooperativa', '2018-11-09 22:39:26'),
('703321922', '221812661', 'Bergstrom, Ondricka and Schinner', '7718', 'Regional', 'Anónima', '1982-10-11 03:43:27'),
('774237733', '618775593', 'Haley, Kreiger and Cartwright', '8457', 'Nacional', 'Limitada', '1972-12-23 08:41:02'),
('785026356', '206090524', 'Konopelski-Fadel', '7856', 'Comunitaria', 'Cooperativa', '2005-07-11 20:03:20'),
('788183074', '627469700', 'Spinka, Willms and Wolf', '6467', 'Nacional', 'Limitada', '1990-07-12 07:12:36'),
('825827724', '196035155', 'Bradtke, Erdman and Jenkins', '3003', 'Nacional', 'Cooperativa', '2010-03-18 07:13:43'),
('839385662', '544825003', 'Bode, Weber and Gislason', '5775', 'Local', 'Cooperativa', '1974-10-19 16:19:56'),
('881653830', '243155853', 'Harvey, Koss and Hintz', '9775', 'Comunitaria', 'Cooperativa', '1991-01-09 07:23:47'),
('888874437', '979183204', 'Kuphal, Hamill and DuBuque', '2996', 'Comunitaria', 'Anónima', '1990-08-28 12:42:28'),
('907426566', '361350300', 'Wiegand Group', '9599', 'Local', 'Limitada', '2021-03-06 10:11:30'),
('938948728', '672986971', 'Willms Group', '2939', 'Comunitaria', 'Limitada', '2021-03-06 10:11:30'),
('942089345', '946668971', 'Bauch Inc', '2739', 'Nacional', 'Anónima', '2008-03-29 09:05:30'),
('943572027', '304874734', 'Langworth, Hackett and McKenzie', '986', 'Regional', 'Limitada', '1974-02-19 19:09:31'),
('945327145', '328698329', 'Zemlak, Raynor and Dach', '430', 'Comunitaria', 'Limitada', '2021-03-06 10:11:30'),
('950502680', '542170353', 'Olson-Kuhn', '1232', 'Multinacional', 'Cooperativa', '2002-03-03 02:43:29'),
('961580996', '995884029', 'Balistreri, Zboncak and Hansen', '6447', 'Regional', 'Limitada', '2021-03-06 10:11:30'),
('961640331', '025775867', 'Schuppe, Ondricka and Bahringer', '5138', 'Regional', 'Limitada', '2008-04-16 03:43:59'),
('965504465', '613113862', 'Haley-Breitenberg', '2667', 'Nacional', 'Limitada', '2021-03-06 10:11:30'),
('972791554', '854969713', 'Goldner Inc', '8418', 'Local', 'Limitada', '2021-03-06 10:11:30'),
('998900402', '275880097', 'Rippin Group', '6272', 'Local', 'Cooperativa', '2005-07-30 21:07:07');

-- --------------------------------------------------------

--
-- Estructura de tabla para la tabla `espacio`
--

DROP TABLE IF EXISTS `espacio`;
CREATE TABLE IF NOT EXISTS `espacio` (
  `ID_ESPACIO` varchar(9) COLLATE utf8_spanish_ci NOT NULL,
  `NOMBRE` varchar(40) COLLATE utf8_spanish_ci DEFAULT NULL,
  `SUPERFICIE` float(6,3) UNSIGNED NOT NULL,
  `ID_HOTEL` varchar(6) COLLATE utf8_spanish_ci NOT NULL,
  `ID_ESPACIO_CONT` varchar(9) COLLATE utf8_spanish_ci DEFAULT NULL,
  `TIENE_INTERNET` enum('Sí','No') COLLATE utf8_spanish_ci NOT NULL,
  `TIENE_VISTAS` enum('Sí','No') COLLATE utf8_spanish_ci NOT NULL DEFAULT 'No',
  `ESTA_CLIMATIZADO` enum('Sí','No') COLLATE utf8_spanish_ci NOT NULL,
  `ULTIMA_ACTUALIZACION` timestamp NOT NULL DEFAULT current_timestamp() ON UPDATE current_timestamp(),
  PRIMARY KEY (`ID_ESPACIO`),
  KEY `ID_HOTEL` (`ID_HOTEL`),
  KEY `ID_ESPACIO_CONT` (`ID_ESPACIO_CONT`)
) ENGINE=InnoDB DEFAULT CHARSET=utf8 COLLATE=utf8_spanish_ci;

--
-- Volcado de datos para la tabla `espacio`
--

INSERT INTO `espacio` (`ID_ESPACIO`, `NOMBRE`, `SUPERFICIE`, `ID_HOTEL`, `ID_ESPACIO_CONT`, `TIENE_INTERNET`, `TIENE_VISTAS`, `ESTA_CLIMATIZADO`, `ULTIMA_ACTUALIZACION`) VALUES
('003809760', 'Bradtke-Hettinger', 21.888, '250865', NULL, 'No', 'Sí', 'Sí', '2021-03-06 10:14:27'),
('006108632', 'Lubowitz Inc', 999.999, '511502', NULL, 'Sí', 'Sí', 'Sí', '2015-04-01 22:00:00'),
('006214088', 'Spinka, Hayes and Windler', 999.999, '930286', NULL, 'Sí', 'Sí', 'No', '2016-02-03 23:00:00'),
('008222714', 'Herman, Farrell and Brekke', 20.000, '261454', NULL, 'No', 'Sí', 'No', '2021-03-06 10:14:27'),
('011472127', 'Bayer LLC', 999.999, '847546', NULL, 'No', 'Sí', 'Sí', '2011-08-29 22:00:00'),
('014498211', 'Becker Inc', 20.000, '500158', NULL, 'Sí', 'No', 'Sí', '2021-03-06 10:14:27'),
('014654930', 'Kunze, Murphy and Runolfsdottir', 36.130, '935664', NULL, 'No', 'No', 'Sí', '2017-07-29 22:00:00'),
('017098557', 'Stoltenberg Group', 20.000, '735599', NULL, 'Sí', 'No', 'Sí', '2021-03-06 10:14:27'),
('020284519', 'Braun, Jones and Bednar', 20.900, '768713', NULL, 'No', 'No', 'No', '2021-03-06 10:14:27'),
('022627445', 'Lockman-Gutkowski', 21.851, '100481', NULL, 'Sí', 'Sí', 'No', '2021-03-06 10:14:27'),
('026125615', 'Ankunding LLC', 20.000, '038070', NULL, 'No', 'No', 'Sí', '2021-03-06 10:14:27'),
('029488743', 'Schmitt-Mosciski', 23.100, '992546', NULL, 'No', 'No', 'No', '2018-10-15 22:00:00'),
('030576787', 'Turner Ltd', 20.000, '477686', NULL, 'No', 'No', 'Sí', '2021-03-06 10:14:27'),
('031460553', 'Batz LLC', 37.292, '301812', NULL, 'No', 'No', 'No', '2021-03-06 10:14:27'),
('034838186', 'Wisoky, Streich and Johnson', 999.999, '745693', NULL, 'No', 'No', 'No', '2011-10-29 22:00:00'),
('035622664', 'Jenkins PLC', 999.999, '576470', NULL, 'No', 'Sí', 'Sí', '2017-04-10 22:00:00'),
('038941546', 'Towne, Hintz and Kunde', 20.000, '088915', NULL, 'No', 'No', 'Sí', '2021-03-06 10:14:27'),
('044036927', 'Rolfson and Sons', 999.999, '355247', NULL, 'Sí', 'Sí', 'No', '2015-06-01 22:00:00'),
('044115043', 'Metz-Renner', 38.186, '088915', NULL, 'No', 'No', 'No', '2021-03-06 10:14:27'),
('044518628', 'Nicolas-Wintheiser', 999.999, '533597', NULL, 'Sí', 'Sí', 'Sí', '2014-02-15 23:00:00'),
('048095684', 'Quigley, Reichert and Homenick', 999.999, '803868', NULL, 'Sí', 'No', 'No', '2013-04-19 22:00:00'),
('049856367', 'Bogisich Group', 94.034, '912490', NULL, 'No', 'No', 'No', '2016-09-03 22:00:00'),
('051005028', 'Bruen Group', 59.641, '391164', NULL, 'Sí', 'Sí', 'Sí', '2012-03-04 23:00:00'),
('053682785', 'Romaguera-Bergnaum', 999.999, '295466', NULL, 'No', 'No', 'No', '2019-01-22 23:00:00'),
('056654336', 'Cormier Inc', 746.463, '571304', NULL, 'No', 'No', 'Sí', '2019-02-05 23:00:00'),
('057422922', 'Cummerata, Runte and Brekke', 999.999, '311328', NULL, 'Sí', 'No', 'No', '2020-08-01 22:00:00'),
('061953480', 'Treutel, Lakin and Bartoletti', 999.999, '571304', NULL, 'Sí', 'Sí', 'No', '2019-12-24 23:00:00'),
('062324288', 'Wolff, Yundt and Cartwright', 381.100, '679825', NULL, 'Sí', 'Sí', 'Sí', '2018-07-24 22:00:00'),
('063063336', 'Gleichner, Borer and Stroman', 24.570, '805387', NULL, 'Sí', 'No', 'No', '2021-03-06 10:14:27'),
('063373860', 'Reichel Ltd', 999.999, '777166', NULL, 'No', 'No', 'Sí', '2011-09-16 22:00:00'),
('065607779', 'Bartell-Kilback', 61.092, '169469', NULL, 'No', 'No', 'Sí', '2017-02-13 23:00:00'),
('068012947', 'Prohaska and Sons', 999.999, '805387', NULL, 'Sí', 'Sí', 'Sí', '2020-07-02 22:00:00'),
('072909816', 'Cruickshank, Reilly and Russel', 25.824, '132678', NULL, 'Sí', 'No', 'Sí', '2021-03-06 10:14:27'),
('074287078', 'Lemke-Harber', 999.999, '520781', NULL, 'Sí', 'Sí', 'Sí', '2015-01-30 23:00:00'),
('077839149', 'Bins, Lakin and DuBuque', 999.999, '295466', NULL, 'Sí', 'Sí', 'No', '2015-08-22 22:00:00'),
('080255665', 'Kovacek, Parisian and O\'Kon', 154.490, '326461', NULL, 'No', 'No', 'Sí', '2017-12-02 23:00:00'),
('083154652', 'Hodkiewicz PLC', 394.749, '372161', NULL, 'Sí', 'No', 'Sí', '2019-06-13 22:00:00'),
('083969566', 'Fay-Stehr', 20.397, '401509', NULL, 'No', 'Sí', 'No', '2021-03-06 10:14:27'),
('088402831', 'Gutmann Ltd', 999.999, '437025', NULL, 'No', 'Sí', 'No', '2018-12-02 23:00:00'),
('088576295', 'McClure PLC', 999.999, '676573', NULL, 'No', 'No', 'Sí', '2018-09-17 22:00:00'),
('090614214', 'Olson Inc', 999.999, '475721', NULL, 'No', 'No', 'Sí', '2017-07-27 22:00:00'),
('094496178', 'Beer, Hartmann and Wiza', 56.977, '731577', NULL, 'Sí', 'Sí', 'Sí', '2015-06-28 22:00:00'),
('096823013', 'Pagac, Beier and Towne', 24.566, '519028', NULL, 'Sí', 'Sí', 'No', '2021-03-06 10:14:27'),
('099331865', 'Kunze Ltd', 999.999, '379036', NULL, 'Sí', 'Sí', 'Sí', '2016-02-07 23:00:00'),
('100084318', 'Grimes-Witting', 999.999, '407310', NULL, 'No', 'Sí', 'No', '2012-06-06 22:00:00'),
('100705146', 'Luettgen, Bernier and Walsh', 999.999, '402848', NULL, 'No', 'No', 'Sí', '2018-04-24 22:00:00'),
('103591070', 'Schultz, Skiles and Balistreri', 999.999, '152618', NULL, 'Sí', 'No', 'No', '2015-02-02 23:00:00'),
('104310408', 'O\'Connell Inc', 999.999, '862042', NULL, 'Sí', 'No', 'No', '2015-07-19 22:00:00'),
('104654765', 'Hamill and Sons', 999.999, '115395', NULL, 'Sí', 'No', 'Sí', '2019-01-26 23:00:00'),
('106307732', 'Heathcote LLC', 20.000, '501911', NULL, 'Sí', 'Sí', 'Sí', '2021-03-06 10:14:27'),
('107939264', 'Considine-Halvorson', 464.480, '637398', NULL, 'Sí', 'Sí', 'Sí', '2017-03-09 23:00:00'),
('113944898', 'Murphy-Greenfelder', 999.999, '771933', NULL, 'No', 'Sí', 'Sí', '2019-03-12 23:00:00'),
('114614847', 'Schmeler-Wolff', 999.999, '582212', NULL, 'No', 'Sí', 'Sí', '2016-11-29 23:00:00'),
('115082070', 'Schuster-Hettinger', 999.999, '511502', NULL, 'No', 'Sí', 'No', '2017-07-19 22:00:00'),
('115240897', 'Mosciski, Oberbrunner and Bartoletti', 20.000, '401034', NULL, 'No', 'Sí', 'Sí', '2021-03-06 10:14:27'),
('123221746', 'Crona-Breitenberg', 999.999, '777166', NULL, 'Sí', 'No', 'No', '2013-09-08 22:00:00'),
('124722276', 'Orn, Nikolaus and Weber', 999.999, '707678', NULL, 'Sí', 'Sí', 'No', '2016-05-27 22:00:00'),
('126649862', 'Reichert-Hackett', 21.095, '972414', NULL, 'No', 'Sí', 'Sí', '2021-03-06 10:14:27'),
('127044143', 'Zulauf-Simonis', 999.999, '082891', NULL, 'No', 'Sí', 'Sí', '2012-05-18 22:00:00'),
('127154314', 'Haley and Sons', 999.999, '912490', NULL, 'Sí', 'No', 'Sí', '2015-07-21 22:00:00'),
('127423255', 'Eichmann, Kuphal and Stokes', 999.999, '598426', NULL, 'Sí', 'No', 'No', '2019-01-14 23:00:00'),
('130414326', 'Kuphal PLC', 36.336, '884938', NULL, 'Sí', 'Sí', 'Sí', '2021-03-06 10:14:27'),
('137369337', 'Gerlach, Keeling and Strosin', 107.500, '350520', NULL, 'Sí', 'No', 'No', '2019-10-30 23:00:00'),
('140280706', 'Sipes, Eichmann and Roob', 999.999, '915147', NULL, 'Sí', 'No', 'Sí', '2011-03-19 23:00:00'),
('146533510', 'Prosacco Group', 35.511, '327080', NULL, 'Sí', 'No', 'Sí', '2014-12-26 23:00:00'),
('147853736', 'Dickinson PLC', 38.374, '070407', NULL, 'No', 'Sí', 'No', '2021-03-06 10:14:27'),
('147888711', 'Turner, Hickle and Kilback', 21.291, '307206', NULL, 'Sí', 'Sí', 'Sí', '2021-03-06 10:14:27'),
('147918009', 'Powlowski, Kirlin and Wehner', 999.999, '117824', NULL, 'No', 'Sí', 'No', '2020-02-09 23:00:00'),
('148590471', 'Willms-Terry', 999.999, '903359', NULL, 'Sí', 'Sí', 'No', '2017-03-15 23:00:00'),
('149775326', 'Fisher, Tremblay and Effertz', 999.999, '494980', NULL, 'Sí', 'No', 'Sí', '2014-03-26 23:00:00'),
('150473979', 'Luettgen-Turcotte', 999.999, '546778', NULL, 'Sí', 'No', 'Sí', '2011-09-17 22:00:00'),
('151476162', 'DuBuque LLC', 999.999, '869190', NULL, 'No', 'No', 'Sí', '2011-10-22 22:00:00'),
('153080913', 'Hodkiewicz, Mosciski and Cormier', 20.000, '072446', NULL, 'Sí', 'No', 'No', '2021-03-06 10:14:27'),
('168322853', 'Hessel, Bartoletti and Baumbach', 20.000, '391164', NULL, 'No', 'No', 'Sí', '2021-03-06 10:14:27'),
('169352254', 'Ondricka-Rodriguez', 20.000, '958459', NULL, 'Sí', 'No', 'Sí', '2021-03-06 10:14:27'),
('170122153', 'Hegmann, Gaylord and Sporer', 999.999, '735599', NULL, 'Sí', 'Sí', 'Sí', '2015-11-19 23:00:00'),
('171970178', 'Durgan LLC', 999.999, '641871', NULL, 'No', 'Sí', 'No', '2015-09-26 22:00:00'),
('172308022', 'Crist-Hagenes', 184.000, '727770', NULL, 'Sí', 'Sí', 'No', '2020-06-11 22:00:00'),
('173198749', 'Haley PLC', 999.999, '502162', NULL, 'No', 'No', 'Sí', '2019-07-16 22:00:00'),
('174678610', 'Fritsch, Boehm and Mraz', 999.999, '582212', NULL, 'Sí', 'Sí', 'No', '2019-08-15 22:00:00'),
('175340456', 'Kemmer, Kiehn and Watsica', 999.999, '501911', NULL, 'No', 'No', 'Sí', '2018-10-08 22:00:00'),
('176902615', 'Dare Ltd', 20.000, '124278', NULL, 'Sí', 'Sí', 'No', '2021-03-06 10:14:27'),
('181007404', 'Lueilwitz Ltd', 999.999, '494980', NULL, 'Sí', 'No', 'No', '2011-04-29 22:00:00'),
('181056800', 'Johnson PLC', 999.999, '311328', NULL, 'No', 'Sí', 'No', '2012-12-03 23:00:00'),
('181444552', 'Kris-Ryan', 999.999, '906667', NULL, 'Sí', 'No', 'No', '2020-04-28 22:00:00'),
('182049200', 'Mills Inc', 999.999, '695328', NULL, 'No', 'Sí', 'No', '2020-05-24 22:00:00'),
('185873593', 'Romaguera and Sons', 26.465, '301812', NULL, 'No', 'Sí', 'Sí', '2021-03-06 10:14:27'),
('187968324', 'Ritchie and Sons', 999.999, '690474', NULL, 'Sí', 'Sí', 'No', '2019-12-22 23:00:00'),
('191901278', 'Langworth-Windler', 999.999, '661708', NULL, 'No', 'Sí', 'No', '2016-04-25 22:00:00'),
('197426023', 'Will Group', 999.999, '608944', NULL, 'No', 'No', 'Sí', '2018-11-04 23:00:00'),
('198337214', 'Rosenbaum Group', 999.999, '407310', NULL, 'No', 'Sí', 'No', '2018-05-08 22:00:00'),
('199414768', 'Purdy Inc', 32.800, '066510', NULL, 'No', 'Sí', 'Sí', '2021-03-06 10:14:27'),
('203783659', 'Haag, Mayert and Ratke', 20.000, '688059', NULL, 'Sí', 'No', 'Sí', '2021-03-06 10:14:27'),
('205009051', 'Brown Inc', 20.000, '608739', NULL, 'No', 'No', 'No', '2021-03-06 10:14:27'),
('205741657', 'Rempel Ltd', 999.999, '352504', NULL, 'No', 'Sí', 'No', '2017-12-24 23:00:00'),
('207216391', 'Kautzer Group', 111.500, '899600', NULL, 'Sí', 'Sí', 'Sí', '2020-12-18 23:00:00'),
('209490437', 'Oberbrunner Inc', 999.999, '152618', NULL, 'No', 'Sí', 'No', '2011-03-17 23:00:00'),
('213683353', 'Larson PLC', 23.475, '777468', NULL, 'Sí', 'No', 'Sí', '2021-03-06 10:14:27'),
('216086613', 'Kunze Group', 59.776, '516092', NULL, 'No', 'Sí', 'No', '2012-09-22 22:00:00'),
('216895997', 'Abshire, Dicki and Grant', 276.430, '992546', NULL, 'Sí', 'No', 'No', '2017-06-05 22:00:00'),
('220016627', 'Anderson Inc', 999.999, '998085', NULL, 'No', 'No', 'Sí', '2011-03-10 23:00:00'),
('224169265', 'Marquardt-Kub', 999.999, '334723', NULL, 'Sí', 'Sí', 'No', '2014-07-06 22:00:00'),
('224262602', 'Trantow-Harber', 999.999, '734955', NULL, 'No', 'Sí', 'Sí', '2014-07-19 22:00:00'),
('226975168', 'Berge, Jacobi and Gottlieb', 999.999, '288440', NULL, 'Sí', 'Sí', 'Sí', '2019-06-02 22:00:00'),
('229707501', 'Block-Morar', 33.538, '296530', NULL, 'No', 'No', 'Sí', '2012-06-03 22:00:00'),
('230267787', 'Simonis-Torphy', 25.710, '608944', NULL, 'No', 'Sí', 'No', '2021-03-06 10:14:27'),
('232269119', 'Abernathy, Hodkiewicz and Erdman', 406.116, '512005', NULL, 'No', 'Sí', 'No', '2013-11-29 23:00:00'),
('234203028', 'Thompson Group', 999.999, '762159', NULL, 'No', 'No', 'No', '2015-03-23 23:00:00'),
('237992781', 'Goyette-Erdman', 24.082, '123291', NULL, 'No', 'Sí', 'No', '2021-03-06 10:14:27'),
('241722981', 'Hartmann PLC', 73.000, '830165', NULL, 'Sí', 'No', 'No', '2016-08-24 22:00:00'),
('244142286', 'Gleason, Huel and Mann', 999.999, '604761', NULL, 'Sí', 'Sí', 'No', '2015-08-10 22:00:00'),
('246539210', 'Berge, Collier and Fahey', 999.999, '641086', NULL, 'No', 'Sí', 'Sí', '2012-08-18 22:00:00'),
('247240248', 'Heidenreich Ltd', 999.999, '085735', NULL, 'No', 'No', 'Sí', '2015-11-03 23:00:00'),
('255720351', 'Rice PLC', 23.100, '679825', NULL, 'No', 'Sí', 'No', '2021-03-06 10:14:27'),
('258285219', 'Connelly, Brekke and Cormier', 999.999, '123291', NULL, 'No', 'No', 'No', '2019-03-27 23:00:00'),
('260797887', 'Predovic, Kovacek and Gutkowski', 21.159, '682000', NULL, 'No', 'Sí', 'No', '2021-03-06 10:14:27'),
('267151046', 'Hamill-Beatty', 999.999, '143424', NULL, 'No', 'No', 'Sí', '2016-09-11 22:00:00'),
('269056038', 'Ortiz LLC', 999.999, '994861', NULL, 'No', 'Sí', 'Sí', '2011-06-27 22:00:00'),
('273799236', 'Jacobs Group', 440.910, '896974', NULL, 'Sí', 'Sí', 'No', '2012-06-02 22:00:00'),
('275232447', 'Kshlerin, Brekke and Okuneva', 20.000, '365693', NULL, 'Sí', 'No', 'Sí', '2021-03-06 10:14:27'),
('280100237', 'Weber Ltd', 999.999, '143424', NULL, 'No', 'No', 'Sí', '2018-11-20 23:00:00'),
('283950642', 'Huels-Hilll', 999.999, '958459', NULL, 'No', 'Sí', 'Sí', '2016-11-19 23:00:00'),
('285269502', 'Gorczany, Schmeler and Lesch', 999.999, '170092', NULL, 'Sí', 'Sí', 'No', '2019-11-15 23:00:00'),
('285933369', 'Hermann and Sons', 20.000, '502162', NULL, 'Sí', 'No', 'Sí', '2021-03-06 10:14:27'),
('292722505', 'Okuneva, Aufderhar and Reynolds', 999.999, '931732', NULL, 'No', 'Sí', 'Sí', '2018-01-11 23:00:00'),
('295157116', 'Beahan, Paucek and Stokes', 999.999, '643624', NULL, 'No', 'Sí', 'Sí', '2011-12-18 23:00:00'),
('295701729', 'Satterfield and Sons', 999.999, '884938', NULL, 'Sí', 'Sí', 'Sí', '2014-03-07 23:00:00'),
('296765016', 'Jacobson Inc', 999.999, '931732', NULL, 'Sí', 'Sí', 'No', '2014-01-29 23:00:00'),
('297783697', 'Greenfelder, Pacocha and Gorczany', 20.000, '695328', NULL, 'No', 'Sí', 'No', '2021-03-06 10:14:27'),
('298696309', 'Prosacco Ltd', 20.000, '731577', NULL, 'Sí', 'Sí', 'Sí', '2021-03-06 10:14:27'),
('300871253', 'Ferry-Gibson', 999.999, '752533', NULL, 'Sí', 'Sí', 'Sí', '2014-12-07 23:00:00'),
('304476997', 'Goodwin-Green', 21.145, '730527', NULL, 'Sí', 'Sí', 'Sí', '2021-03-06 10:14:27'),
('307681155', 'Abernathy and Sons', 999.999, '079873', NULL, 'No', 'No', 'Sí', '2020-08-27 22:00:00'),
('308873411', 'Walter LLC', 773.448, '288440', NULL, 'No', 'No', 'No', '2016-12-15 23:00:00'),
('309594722', 'Kessler, Howell and Kihn', 21.152, '114234', NULL, 'No', 'No', 'No', '2021-03-06 10:14:27'),
('309599050', 'McDermott Group', 999.999, '224300', NULL, 'No', 'No', 'Sí', '2014-06-13 22:00:00'),
('310120223', 'Runolfsdottir PLC', 999.999, '193328', NULL, 'Sí', 'Sí', 'Sí', '2017-01-14 23:00:00'),
('313135184', 'King and Sons', 999.999, '342341', NULL, 'No', 'No', 'Sí', '2015-07-19 22:00:00'),
('313140860', 'Effertz LLC', 20.289, '350520', NULL, 'Sí', 'No', 'No', '2021-03-06 10:14:27'),
('314260642', 'Bahringer Inc', 999.999, '500158', NULL, 'Sí', 'No', 'No', '2012-04-14 22:00:00'),
('317899741', 'Stroman-Schumm', 842.640, '319356', NULL, 'Sí', 'Sí', 'No', '2017-05-02 22:00:00'),
('318000797', 'Krajcik PLC', 999.999, '643624', NULL, 'No', 'Sí', 'Sí', '2012-01-13 23:00:00'),
('318931308', 'Crona, O\'Kon and Roob', 999.999, '410968', NULL, 'Sí', 'No', 'Sí', '2018-04-18 22:00:00'),
('319235641', 'Lubowitz-Quigley', 21.000, '182348', NULL, 'Sí', 'No', 'Sí', '2021-03-06 10:14:27'),
('323092774', 'Hessel Inc', 999.999, '603705', NULL, 'Sí', 'No', 'No', '2014-05-31 22:00:00'),
('324782386', 'Torp Ltd', 999.999, '839232', NULL, 'Sí', 'Sí', 'No', '2018-05-06 22:00:00'),
('328881009', 'Schamberger, Runte and Friesen', 999.999, '906667', NULL, 'No', 'No', 'No', '2020-04-04 22:00:00'),
('332661343', 'Cole-Mitchell', 20.000, '533597', NULL, 'No', 'Sí', 'Sí', '2014-12-27 23:00:00'),
('335574826', 'Veum-Crona', 999.999, '170092', NULL, 'Sí', 'No', 'Sí', '2017-01-19 23:00:00'),
('335685219', 'Prohaska Group', 21.918, '516092', NULL, 'No', 'No', 'No', '2021-03-06 10:14:27'),
('337074299', 'Kuhn, Bosco and Murazik', 999.999, '848350', NULL, 'No', 'Sí', 'No', '2014-07-12 22:00:00'),
('340085881', 'Little-Breitenberg', 999.999, '730527', NULL, 'No', 'Sí', 'Sí', '2015-09-27 22:00:00'),
('340173034', 'Trantow, Sporer and Schoen', 34.000, '598426', NULL, 'No', 'No', 'Sí', '2013-11-29 23:00:00'),
('342941391', 'Wuckert, Paucek and Towne', 999.999, '170279', NULL, 'No', 'No', 'Sí', '2013-02-15 23:00:00'),
('343537461', 'Balistreri-Reichel', 999.999, '625589', NULL, 'No', 'No', 'No', '2014-08-07 22:00:00'),
('346298544', 'Schaefer, McDermott and Emard', 999.999, '172175', NULL, 'Sí', 'No', 'Sí', '2018-12-31 23:00:00'),
('346882750', 'Bashirian-Eichmann', 999.999, '132678', NULL, 'Sí', 'Sí', 'No', '2017-02-20 23:00:00'),
('348039745', 'Wisoky PLC', 999.999, '938205', NULL, 'No', 'No', 'No', '2017-05-24 22:00:00'),
('350108834', 'Weissnat Group', 21.384, '582985', NULL, 'No', 'Sí', 'Sí', '2021-03-06 10:14:27'),
('350228915', 'Larson-Emmerich', 173.924, '139973', NULL, 'Sí', 'No', 'No', '2015-10-03 22:00:00'),
('356559720', 'Torphy Ltd', 20.000, '925392', NULL, 'Sí', 'Sí', 'No', '2021-03-06 10:14:27'),
('358140418', 'Bruen Group', 20.000, '055062', NULL, 'No', 'Sí', 'Sí', '2021-03-06 10:14:27'),
('361001500', 'Green, Lakin and McDermott', 20.000, '803868', NULL, 'Sí', 'Sí', 'Sí', '2021-03-06 10:14:27'),
('361791985', 'Hintz-Kerluke', 20.000, '516595', NULL, 'No', 'Sí', 'Sí', '2021-03-06 10:14:27'),
('362909043', 'West, Goodwin and Volkman', 999.999, '410968', NULL, 'No', 'No', 'Sí', '2015-09-13 22:00:00'),
('365647556', 'Cormier PLC', 999.999, '244944', NULL, 'Sí', 'Sí', 'No', '2014-08-09 22:00:00'),
('367581674', 'Prosacco Group', 408.980, '169469', NULL, 'No', 'Sí', 'No', '2017-07-08 22:00:00'),
('368408002', 'Bins-Gusikowski', 999.999, '055403', NULL, 'No', 'Sí', 'No', '2014-12-25 23:00:00'),
('370201218', 'Wolf-Klein', 83.814, '966516', NULL, 'No', 'No', 'Sí', '2018-01-17 23:00:00'),
('373450826', 'Botsford-Pouros', 999.999, '205388', NULL, 'Sí', 'No', 'Sí', '2017-01-08 23:00:00'),
('374769924', 'Reinger PLC', 999.999, '224300', NULL, 'No', 'No', 'Sí', '2012-05-28 22:00:00'),
('375926626', 'Leffler-Adams', 999.999, '085735', NULL, 'Sí', 'Sí', 'No', '2018-05-09 22:00:00'),
('381843844', 'Ziemann LLC', 999.999, '384320', NULL, 'No', 'No', 'No', '2019-06-05 22:00:00'),
('383004437', 'Carter and Sons', 39.302, '895868', NULL, 'No', 'Sí', 'Sí', '2021-03-06 10:14:27'),
('385068343', 'Blanda Inc', 23.657, '366198', NULL, 'Sí', 'No', 'Sí', '2021-03-06 10:14:27'),
('385816434', 'Haley, Schimmel and Hauck', 20.349, '144395', NULL, 'Sí', 'Sí', 'No', '2021-03-06 10:14:27'),
('386070397', 'Schmitt Ltd', 319.169, '401034', NULL, 'Sí', 'No', 'No', '2012-12-07 23:00:00'),
('397644916', 'Effertz, Fahey and Champlin', 999.999, '577036', NULL, 'No', 'No', 'No', '2014-10-03 22:00:00'),
('399539630', 'Rodriguez-Herzog', 999.999, '966516', NULL, 'Sí', 'Sí', 'Sí', '2015-10-27 23:00:00'),
('400320301', 'Roberts PLC', 459.059, '938205', NULL, 'Sí', 'Sí', 'No', '2018-12-08 23:00:00'),
('401977921', 'Zulauf PLC', 999.999, '000329', NULL, 'No', 'Sí', 'Sí', '2011-04-08 22:00:00'),
('403899367', 'Dach-Wehner', 999.999, '482994', NULL, 'No', 'No', 'No', '2019-02-07 23:00:00'),
('405860151', 'Batz LLC', 999.999, '083949', NULL, 'No', 'No', 'No', '2015-01-31 23:00:00'),
('406855849', 'Strosin-Johnston', 999.999, '244944', NULL, 'No', 'No', 'Sí', '2020-12-13 23:00:00'),
('407529131', 'Toy, Will and Feil', 999.999, '025680', NULL, 'Sí', 'Sí', 'No', '2013-12-10 23:00:00'),
('408611359', 'Rowe Inc', 35.293, '576470', NULL, 'No', 'No', 'Sí', '2021-03-06 10:14:27'),
('413502218', 'Rice, Collins and Okuneva', 999.999, '421721', NULL, 'No', 'No', 'No', '2011-06-17 22:00:00'),
('417944062', 'Reichel-Krajcik', 999.999, '272571', NULL, 'Sí', 'No', 'Sí', '2018-04-24 22:00:00'),
('418840381', 'Towne LLC', 999.999, '094433', NULL, 'Sí', 'No', 'No', '2020-11-27 23:00:00'),
('420607712', 'O\'Connell-Kris', 999.999, '847546', NULL, 'Sí', 'Sí', 'No', '2017-04-14 22:00:00'),
('422505860', 'Ritchie and Sons', 999.999, '083949', NULL, 'No', 'No', 'Sí', '2011-03-13 23:00:00'),
('422519965', 'Torp and Sons', 999.999, '307206', NULL, 'Sí', 'No', 'No', '2018-09-23 22:00:00'),
('423436988', 'White, Conroy and Hettinger', 999.999, '421721', NULL, 'Sí', 'No', 'Sí', '2014-10-20 22:00:00'),
('424855669', 'Schiller Ltd', 999.999, '093128', NULL, 'Sí', 'No', 'Sí', '2014-04-16 22:00:00'),
('434155142', 'Sauer-Hahn', 219.947, '100481', NULL, 'No', 'Sí', 'Sí', '2015-08-21 22:00:00'),
('438824361', 'Berge Inc', 20.000, '935664', NULL, 'No', 'No', 'No', '2021-03-06 10:14:27'),
('438962610', 'Barton-Kemmer', 999.999, '178538', NULL, 'No', 'No', 'Sí', '2020-06-22 22:00:00'),
('439478454', 'Collins, Jakubowski and Gerlach', 999.999, '138311', NULL, 'No', 'Sí', 'No', '2016-10-02 22:00:00'),
('445560981', 'O\'Conner-Bradtke', 22.930, '079873', NULL, 'No', 'Sí', 'No', '2021-03-06 10:14:27'),
('446265919', 'Feil-Bartoletti', 999.999, '661708', NULL, 'Sí', 'No', 'Sí', '2011-03-04 23:00:00'),
('447756080', 'Huel, Miller and Schmeler', 999.999, '468142', NULL, 'No', 'Sí', 'No', '2014-09-01 22:00:00'),
('451746863', 'Cummings Group', 999.999, '016203', NULL, 'No', 'Sí', 'No', '2017-12-27 23:00:00'),
('453067246', 'Smith, Champlin and Pollich', 27.906, '786882', NULL, 'No', 'No', 'No', '2016-06-23 22:00:00'),
('453697870', 'Funk Ltd', 20.000, '678409', NULL, 'No', 'No', 'Sí', '2021-03-06 10:14:27'),
('456258640', 'Senger-Watsica', 999.999, '769844', NULL, 'No', 'No', 'No', '2015-12-15 23:00:00'),
('457829962', 'Bosco Inc', 63.155, '274150', NULL, 'No', 'Sí', 'No', '2011-06-18 22:00:00'),
('464873636', 'Dach-Donnelly', 20.000, '261454', NULL, 'Sí', 'Sí', 'No', '2021-03-06 10:14:27'),
('472531826', 'Frami-Leannon', 20.000, '846679', NULL, 'No', 'No', 'No', '2021-03-06 10:14:27'),
('472772326', 'Bode-Daniel', 39.000, '114234', NULL, 'No', 'Sí', 'Sí', '2021-03-06 10:14:27'),
('474155264', 'Welch-Stokes', 80.700, '869190', NULL, 'Sí', 'No', 'Sí', '2016-01-20 23:00:00'),
('485897940', 'Mitchell, Stamm and Kihn', 20.000, '745693', NULL, 'Sí', 'No', 'Sí', '2021-03-06 10:14:27'),
('487140094', 'Reynolds and Sons', 999.999, '936246', NULL, 'No', 'Sí', 'No', '2017-08-21 22:00:00'),
('490218241', 'Nikolaus, Kirlin and Kessler', 999.999, '354687', NULL, 'Sí', 'No', 'No', '2015-01-07 23:00:00'),
('492011233', 'Batz-Zboncak', 21.683, '839232', NULL, 'Sí', 'Sí', 'No', '2021-03-06 10:14:27'),
('495356441', 'Shanahan, Morar and Bosco', 999.999, '043776', NULL, 'No', 'Sí', 'Sí', '2019-06-01 22:00:00'),
('495646950', 'Wolff-Koss', 21.647, '138311', NULL, 'No', 'No', 'No', '2021-03-06 10:14:27'),
('495711159', 'Morar LLC', 999.999, '274150', NULL, 'Sí', 'No', 'No', '2014-04-19 22:00:00'),
('497250698', 'Bailey Group', 999.999, '816807', NULL, 'Sí', 'Sí', 'No', '2016-05-29 22:00:00'),
('499261439', 'Jerde-Fay', 999.999, '041776', NULL, 'No', 'No', 'No', '2011-03-18 23:00:00'),
('502575409', 'Dach Group', 35.390, '245069', NULL, 'No', 'Sí', 'Sí', '2018-07-22 22:00:00'),
('504056705', 'Simonis-Cormier', 20.000, '384320', NULL, 'Sí', 'Sí', 'Sí', '2021-03-06 10:14:27'),
('507029250', 'Russel PLC', 999.999, '390386', NULL, 'Sí', 'Sí', 'No', '2012-05-24 22:00:00'),
('512494249', 'Kihn, Sawayn and Morissette', 999.999, '688059', NULL, 'No', 'No', 'Sí', '2013-08-21 22:00:00'),
('513269075', 'Konopelski-Deckow', 999.999, '582985', NULL, 'No', 'No', 'No', '2017-11-09 23:00:00'),
('522838843', 'Miller, Kemmer and Conroy', 23.710, '055403', NULL, 'No', 'No', 'Sí', '2021-03-06 10:14:27'),
('525172528', 'Jakubowski, Lehner and Treutel', 28.073, '093643', NULL, 'No', 'Sí', 'No', '2021-03-06 10:14:27'),
('527152598', 'Cremin-Kreiger', 38.940, '482994', NULL, 'No', 'No', 'Sí', '2021-03-06 10:14:27'),
('532382599', 'Auer Inc', 999.999, '093128', NULL, 'No', 'Sí', 'No', '2016-01-06 23:00:00'),
('537944035', 'Rutherford-Harber', 999.999, '776748', NULL, 'No', 'No', 'No', '2019-08-10 22:00:00'),
('540135407', 'Quigley-Franecki', 999.999, '327080', NULL, 'No', 'Sí', 'No', '2012-11-13 23:00:00'),
('540176796', 'Leffler, Daugherty and Hills', 195.950, '930286', NULL, 'Sí', 'No', 'No', '2012-01-25 23:00:00'),
('540443954', 'Baumbach Inc', 999.999, '354687', NULL, 'No', 'Sí', 'No', '2020-10-07 22:00:00'),
('542884962', 'Morissette-Gutkowski', 564.309, '144395', NULL, 'Sí', 'Sí', 'No', '2014-06-12 22:00:00'),
('543817686', 'Hartmann Ltd', 47.376, '066922', NULL, 'Sí', 'Sí', 'No', '2019-03-14 23:00:00'),
('551300958', 'Stehr-Lang', 999.999, '848350', NULL, 'Sí', 'Sí', 'Sí', '2011-10-23 22:00:00'),
('555142478', 'Breitenberg-Anderson', 999.999, '976165', NULL, 'Sí', 'Sí', 'No', '2011-03-12 23:00:00'),
('562958947', 'Rogahn-Fritsch', 20.000, '124278', NULL, 'Sí', 'Sí', 'Sí', '2021-03-06 10:14:27'),
('565939912', 'Monahan and Sons', 999.999, '045712', NULL, 'No', 'Sí', 'No', '2011-07-10 22:00:00'),
('568212495', 'Abbott-Wiegand', 590.005, '896974', NULL, 'No', 'No', 'No', '2021-02-15 23:00:00'),
('570377776', 'Davis-Ortiz', 20.000, '072446', NULL, 'Sí', 'Sí', 'No', '2021-03-06 10:14:27'),
('570946867', 'Kunde PLC', 999.999, '401509', NULL, 'No', 'Sí', 'No', '2016-07-09 22:00:00'),
('575370599', 'Barrows LLC', 999.999, '846679', NULL, 'No', 'No', 'No', '2012-12-04 23:00:00'),
('576610140', 'Hudson-Towne', 999.999, '080823', NULL, 'No', 'Sí', 'No', '2020-01-27 23:00:00'),
('577324732', 'Skiles LLC', 999.999, '275038', NULL, 'Sí', 'Sí', 'Sí', '2019-05-23 22:00:00'),
('580841952', 'Kutch, Aufderhar and Weimann', 999.999, '080823', NULL, 'Sí', 'No', 'No', '2013-09-07 22:00:00'),
('582801188', 'Beier Inc', 999.999, '372161', NULL, 'Sí', 'Sí', 'No', '2019-09-02 22:00:00'),
('585428740', 'Turner, O\'Reilly and Streich', 28.300, '529092', NULL, 'Sí', 'Sí', 'No', '2021-03-06 10:14:27'),
('585569916', 'Barrows LLC', 999.999, '115395', NULL, 'Sí', 'Sí', 'No', '2016-03-06 23:00:00'),
('593830026', 'Berge Ltd', 999.999, '509275', NULL, 'Sí', 'No', 'No', '2019-09-09 22:00:00'),
('597460701', 'Kemmer Group', 999.999, '199313', NULL, 'Sí', 'Sí', 'Sí', '2021-03-01 23:00:00'),
('604057844', 'Cormier Group', 999.999, '570163', NULL, 'No', 'Sí', 'Sí', '2019-03-03 23:00:00'),
('608894766', 'Balistreri LLC', 999.999, '088100', NULL, 'No', 'No', 'Sí', '2016-02-08 23:00:00'),
('610318497', 'Gorczany-Schuppe', 999.999, '152676', NULL, 'Sí', 'No', 'No', '2014-07-09 22:00:00'),
('621683003', 'Wolf-Block', 999.999, '519028', NULL, 'Sí', 'Sí', 'Sí', '2017-09-25 22:00:00'),
('622180765', 'Swaniawski-Little', 999.999, '045712', NULL, 'No', 'No', 'No', '2012-06-24 22:00:00'),
('625465927', 'Yost LLC', 999.999, '570163', NULL, 'No', 'Sí', 'Sí', '2019-01-05 23:00:00'),
('626044282', 'Jones Ltd', 438.510, '915147', NULL, 'Sí', 'No', 'No', '2014-05-08 22:00:00'),
('627714982', 'Parisian-Waelchi', 20.000, '600988', NULL, 'No', 'No', 'No', '2021-03-06 10:14:27'),
('627935723', 'Sanford-Miller', 999.999, '070407', NULL, 'Sí', 'No', 'Sí', '2012-09-25 22:00:00'),
('634895614', 'Cruickshank, Kerluke and Considine', 20.000, '516595', NULL, 'Sí', 'No', 'Sí', '2021-03-06 10:14:27'),
('640350368', 'Sauer PLC', 999.999, '178538', NULL, 'No', 'No', 'No', '2014-05-15 22:00:00'),
('646289000', 'Mitchell and Sons', 999.999, '707678', NULL, 'Sí', 'No', 'Sí', '2019-10-26 22:00:00'),
('646952271', 'Schoen, Koelpin and Rodriguez', 999.999, '367927', NULL, 'No', 'Sí', 'No', '2018-06-24 22:00:00'),
('649163263', 'Mante-Nicolas', 999.999, '732763', NULL, 'No', 'No', 'No', '2020-10-29 23:00:00'),
('651889357', 'Bogisich, Crooks and Hills', 999.999, '536085', NULL, 'Sí', 'Sí', 'No', '2018-08-18 22:00:00'),
('658574234', 'Cassin-Tromp', 999.999, '182348', NULL, 'Sí', 'Sí', 'No', '2018-06-05 22:00:00'),
('659369380', 'Fadel, Bailey and Bode', 20.000, '502420', NULL, 'Sí', 'Sí', 'No', '2021-03-06 10:14:27'),
('664050744', 'Ratke, Bernier and Gorczany', 20.275, '817009', NULL, 'No', 'No', 'Sí', '2021-03-06 10:14:27'),
('666726588', 'Langworth Group', 999.999, '172175', NULL, 'No', 'Sí', 'Sí', '2013-07-28 22:00:00'),
('667090124', 'Bednar-Ortiz', 999.999, '998085', NULL, 'No', 'No', 'No', '2018-04-27 22:00:00'),
('669715199', 'Jones Ltd', 999.999, '865590', NULL, 'No', 'No', 'No', '2020-01-04 23:00:00'),
('669851019', 'King, Abshire and Waters', 223.000, '925392', NULL, 'Sí', 'No', 'No', '2015-11-04 23:00:00'),
('671420950', 'Green, Kohler and Abshire', 999.999, '785668', NULL, 'Sí', 'Sí', 'No', '2015-12-23 23:00:00'),
('673775660', 'Fritsch Group', 999.999, '326461', NULL, 'No', 'Sí', 'Sí', '2020-08-01 22:00:00'),
('674415619', 'Ruecker, Krajcik and Raynor', 999.999, '895040', NULL, 'Sí', 'No', 'No', '2013-12-02 23:00:00'),
('675482994', 'Kling, Green and Beatty', 999.999, '887463', NULL, 'No', 'Sí', 'Sí', '2020-11-14 23:00:00'),
('676524624', 'Howe and Sons', 999.999, '355247', NULL, 'No', 'No', 'Sí', '2011-05-19 22:00:00'),
('676720137', 'Morissette, Bernier and Prosacco', 20.519, '895849', NULL, 'No', 'Sí', 'No', '2021-03-06 10:14:27'),
('678266454', 'McKenzie LLC', 999.999, '477686', NULL, 'No', 'Sí', 'Sí', '2016-11-25 23:00:00'),
('679970779', 'Swift Group', 999.999, '817009', NULL, 'No', 'Sí', 'Sí', '2017-07-25 22:00:00'),
('683057710', 'Waters, Satterfield and Auer', 999.999, '041776', NULL, 'No', 'Sí', 'No', '2018-11-30 23:00:00'),
('684182659', 'Walter LLC', 999.999, '117824', NULL, 'No', 'No', 'No', '2012-04-26 22:00:00'),
('687253944', 'Wisoky-Langosh', 999.999, '093643', NULL, 'No', 'No', 'Sí', '2020-07-22 22:00:00'),
('696246422', 'Murray, Harris and Barton', 22.713, '917944', NULL, 'Sí', 'Sí', 'No', '2021-03-06 10:14:27'),
('705343749', 'Mitchell, Braun and Auer', 54.624, '245069', NULL, 'No', 'Sí', 'No', '2011-12-08 23:00:00'),
('710313203', 'O\'Hara-Wiza', 675.427, '906502', NULL, 'Sí', 'No', 'No', '2013-04-20 22:00:00'),
('712504347', 'Kerluke-Mueller', 33.472, '776748', NULL, 'Sí', 'Sí', 'Sí', '2019-08-17 22:00:00'),
('715790179', 'Raynor, Dibbert and Feil', 999.999, '296530', NULL, 'Sí', 'Sí', 'No', '2015-01-23 23:00:00'),
('718216405', 'Lindgren, Kunze and Schulist', 20.000, '577036', NULL, 'Sí', 'Sí', 'No', '2021-03-06 10:14:27'),
('721663735', 'Nader, Hermann and Stark', 20.000, '936246', NULL, 'No', 'Sí', 'No', '2021-03-06 10:14:27'),
('722347687', 'Heaney, Friesen and Bins', 999.999, '671552', NULL, 'No', 'No', 'Sí', '2014-07-15 22:00:00'),
('725771691', 'Leannon-Hirthe', 999.999, '025680', NULL, 'Sí', 'No', 'No', '2011-08-19 22:00:00'),
('729519881', 'Legros, Murray and Bogan', 24.000, '269210', NULL, 'Sí', 'Sí', 'Sí', '2021-03-06 10:14:27'),
('732147658', 'Stanton, Schamberger and Gulgowski', 999.999, '690474', NULL, 'Sí', 'Sí', 'Sí', '2017-03-18 23:00:00'),
('735098748', 'Runolfsdottir and Sons', 999.999, '296057', NULL, 'Sí', 'No', 'Sí', '2019-12-07 23:00:00'),
('735851760', 'Bartoletti Group', 999.999, '917944', NULL, 'No', 'Sí', 'No', '2020-12-25 23:00:00'),
('738750803', 'Kautzer, Kuhn and Runte', 30.522, '352504', NULL, 'Sí', 'Sí', 'No', '2019-07-21 22:00:00'),
('742386321', 'Bogisich Group', 999.999, '536085', NULL, 'No', 'Sí', 'No', '2019-01-07 23:00:00'),
('748871954', 'O\'Connell LLC', 999.999, '734955', NULL, 'Sí', 'No', 'Sí', '2018-11-10 23:00:00'),
('751777518', 'McLaughlin and Sons', 999.999, '891960', NULL, 'No', 'Sí', 'Sí', '2015-05-20 22:00:00'),
('752789847', 'O\'Conner-Emmerich', 24.284, '170279', NULL, 'No', 'Sí', 'No', '2021-03-06 10:14:27'),
('754842465', 'Upton, Hane and Wunsch', 999.999, '308004', NULL, 'Sí', 'No', 'Sí', '2019-10-26 22:00:00'),
('756939816', 'Cartwright-Waelchi', 21.400, '334723', NULL, 'Sí', 'No', 'No', '2021-03-06 10:14:27'),
('761140281', 'Heathcote PLC', 52.200, '342341', NULL, 'No', 'No', 'Sí', '2016-11-06 23:00:00'),
('764378255', 'Predovic-Hartmann', 999.999, '511670', NULL, 'Sí', 'No', 'No', '2011-08-18 22:00:00'),
('774622100', 'Hayes Group', 999.999, '573112', NULL, 'No', 'Sí', 'No', '2012-08-06 22:00:00'),
('778379362', 'Larkin PLC', 22.215, '676573', NULL, 'Sí', 'No', 'Sí', '2021-03-06 10:14:27'),
('786505741', 'Williamson LLC', 999.999, '509275', NULL, 'No', 'Sí', 'Sí', '2012-02-25 23:00:00'),
('787074940', 'Kemmer, Gorczany and Ziemann', 20.000, '016203', NULL, 'Sí', 'Sí', 'Sí', '2021-03-06 10:14:27'),
('788316051', 'Bernier-Carter', 999.999, '269210', NULL, 'No', 'Sí', 'No', '2015-02-20 23:00:00'),
('791169840', 'Brekke, Stokes and O\'Connell', 999.999, '600988', NULL, 'No', 'No', 'Sí', '2012-06-08 22:00:00'),
('794563216', 'Toy Ltd', 999.999, '308004', NULL, 'Sí', 'Sí', 'Sí', '2017-02-18 23:00:00'),
('795590758', 'Thiel-Treutel', 999.999, '891960', NULL, 'No', 'Sí', 'Sí', '2017-03-21 23:00:00'),
('800477711', 'Hilll Inc', 27.825, '830165', NULL, 'Sí', 'Sí', 'Sí', '2021-03-06 10:14:27'),
('800872971', 'Frami PLC', 34.712, '608739', NULL, 'No', 'No', 'Sí', '2021-03-06 10:14:27'),
('803227622', 'Wehner, Senger and Hauck', 999.999, '573112', NULL, 'Sí', 'Sí', 'Sí', '2019-08-27 22:00:00'),
('803805649', 'Ondricka-Breitenberg', 21.195, '641871', NULL, 'Sí', 'No', 'No', '2021-03-06 10:14:27'),
('804247700', 'Rowe, Hegmann and Kilback', 999.999, '390386', NULL, 'Sí', 'No', 'No', '2013-03-08 23:00:00'),
('807362227', 'Lindgren, Casper and Powlowski', 999.999, '337496', NULL, 'No', 'Sí', 'No', '2020-12-06 23:00:00'),
('808758048', 'Welch-Doyle', 999.999, '816807', NULL, 'Sí', 'Sí', 'Sí', '2014-05-22 22:00:00'),
('809328115', 'Hane-Smith', 909.629, '038070', NULL, 'Sí', 'No', 'No', '2015-01-27 23:00:00'),
('809489198', 'Ankunding Ltd', 999.999, '272571', NULL, 'No', 'Sí', 'No', '2014-03-08 23:00:00'),
('809545814', 'Bernhard-Hills', 720.460, '895040', NULL, 'No', 'No', 'Sí', '2018-11-27 23:00:00'),
('813326738', 'Dach, Smitham and Roberts', 999.999, '094433', NULL, 'Sí', 'No', 'Sí', '2015-03-14 23:00:00'),
('815119316', 'Quitzon, Carter and Pacocha', 999.999, '727770', NULL, 'No', 'No', 'No', '2011-10-17 22:00:00'),
('815285853', 'Schumm Ltd', 20.560, '637398', NULL, 'No', 'Sí', 'Sí', '2021-03-06 10:14:27'),
('815902749', 'Howe, Crona and Bernhard', 999.999, '678409', NULL, 'No', 'Sí', 'Sí', '2017-07-09 22:00:00'),
('816527195', 'Weissnat-Welch', 999.999, '972414', NULL, 'Sí', 'No', 'Sí', '2012-06-10 22:00:00'),
('817663881', 'Schultz Ltd', 999.999, '821177', NULL, 'Sí', 'No', 'Sí', '2015-07-12 22:00:00'),
('820164268', 'Brakus, Strosin and Herzog', 22.055, '903359', NULL, 'Sí', 'Sí', 'Sí', '2020-05-18 22:00:00'),
('821702064', 'Ryan, Homenick and Gottlieb', 999.999, '183643', NULL, 'Sí', 'No', 'No', '2015-12-17 23:00:00'),
('822794929', 'Keeling, Turner and Leuschke', 999.999, '529092', NULL, 'Sí', 'Sí', 'No', '2011-06-24 22:00:00'),
('827826422', 'Runte Inc', 20.000, '139973', NULL, 'No', 'No', 'No', '2021-03-06 10:14:27'),
('828185191', 'Leannon-Bechtelar', 20.000, '468142', NULL, 'Sí', 'Sí', 'No', '2021-03-06 10:14:27'),
('828935407', 'Kertzmann, Balistreri and Deckow', 20.000, '055062', NULL, 'Sí', 'Sí', 'Sí', '2021-03-06 10:14:27'),
('829009792', 'Hand-Koss', 20.600, '199313', NULL, 'No', 'Sí', 'Sí', '2021-03-06 10:14:27'),
('829326610', 'Gerhold Inc', 21.833, '366198', NULL, 'No', 'Sí', 'No', '2017-02-04 23:00:00'),
('832504372', 'Romaguera Ltd', 999.999, '183643', NULL, 'Sí', 'No', 'Sí', '2016-10-27 22:00:00'),
('832924169', 'Veum, Welch and Becker', 36.589, '862042', NULL, 'Sí', 'No', 'No', '2018-06-02 22:00:00'),
('833513365', 'Beahan, Cummerata and Mohr', 245.051, '865590', NULL, 'No', 'Sí', 'No', '2013-05-13 22:00:00'),
('836474068', 'Bergstrom-Torphy', 20.000, '671552', NULL, 'Sí', 'No', 'Sí', '2021-03-06 10:14:27'),
('842221757', 'Schaefer-Fay', 999.999, '296057', NULL, 'Sí', 'No', 'Sí', '2015-10-28 23:00:00'),
('843240662', 'Balistreri-Kuphal', 999.999, '785668', NULL, 'No', 'Sí', 'Sí', '2020-02-05 23:00:00'),
('844158674', 'Hoeger, Towne and Howell', 999.999, '337496', NULL, 'No', 'Sí', 'Sí', '2020-10-21 22:00:00'),
('845726014', 'Oberbrunner-Wolf', 999.999, '389479', NULL, 'Sí', 'No', 'No', '2019-07-11 22:00:00'),
('846135370', 'Sanford PLC', 999.999, '895868', NULL, 'Sí', 'No', 'Sí', '2018-02-08 23:00:00'),
('847789324', 'Russel-Greenfelder', 999.999, '974301', NULL, 'Sí', 'Sí', 'No', '2017-12-10 23:00:00'),
('848318690', 'Douglas, Heathcote and Cole', 999.999, '000329', NULL, 'Sí', 'No', 'No', '2019-07-21 22:00:00'),
('849650271', 'Reichert-Nikolaus', 999.999, '512005', NULL, 'No', 'Sí', 'Sí', '2014-04-01 22:00:00'),
('854717185', 'Ritchie-Skiles', 999.999, '367927', NULL, 'No', 'Sí', 'Sí', '2011-10-10 22:00:00'),
('858362888', 'Ullrich-Swaniawski', 999.999, '682000', NULL, 'No', 'No', 'Sí', '2019-08-13 22:00:00'),
('860005070', 'Feil Ltd', 999.999, '567561', NULL, 'No', 'No', 'Sí', '2018-03-19 23:00:00'),
('860338284', 'Tillman-Padberg', 20.000, '193328', NULL, 'No', 'Sí', 'Sí', '2021-03-06 10:14:27'),
('860887664', 'Kirlin LLC', 37.546, '641086', NULL, 'Sí', 'Sí', 'Sí', '2021-03-06 10:14:27'),
('863246729', 'Franecki, Jast and Will', 999.999, '448272', NULL, 'No', 'No', 'Sí', '2015-10-02 22:00:00'),
('866627877', 'Durgan and Sons', 21.700, '974301', NULL, 'No', 'No', 'Sí', '2021-03-06 10:14:27'),
('871256447', 'Littel-Osinski', 84.179, '899600', NULL, 'Sí', 'No', 'No', '2014-11-15 23:00:00'),
('876834803', 'Ondricka, Gibson and Quigley', 999.999, '389479', NULL, 'No', 'No', 'Sí', '2015-06-12 22:00:00'),
('881164449', 'Hyatt and Sons', 999.999, '088100', NULL, 'Sí', 'Sí', 'Sí', '2012-01-20 23:00:00'),
('884390513', 'Keebler, Reinger and Schimmel', 999.999, '777468', NULL, 'Sí', 'Sí', 'No', '2011-03-04 23:00:00'),
('885837281', 'Okuneva Group', 999.999, '066510', NULL, 'No', 'No', 'Sí', '2013-03-12 23:00:00'),
('892338073', 'Kautzer, Beier and Kling', 999.999, '906502', NULL, 'No', 'Sí', 'No', '2017-02-21 23:00:00'),
('895705557', 'Wintheiser Group', 999.999, '976165', NULL, 'Sí', 'No', 'Sí', '2011-10-17 22:00:00'),
('902613236', 'Spinka Inc', 20.000, '786882', NULL, 'No', 'No', 'No', '2021-03-06 10:14:27'),
('905672429', 'Witting-Balistreri', 55.000, '546778', NULL, 'Sí', 'No', 'No', '2018-09-17 22:00:00'),
('905855238', 'Howell Ltd', 408.426, '169154', NULL, 'No', 'Sí', 'Sí', '2019-04-14 22:00:00'),
('907145011', 'Wilderman and Sons', 999.999, '511670', NULL, 'No', 'Sí', 'Sí', '2018-03-03 23:00:00'),
('907803568', 'Bailey Group', 999.999, '250865', NULL, 'No', 'No', 'No', '2011-11-15 23:00:00'),
('910617325', 'Simonis PLC', 999.999, '520781', NULL, 'No', 'No', 'No', '2019-03-12 23:00:00'),
('910737692', 'Harber-Feeney', 466.210, '895849', NULL, 'No', 'Sí', 'No', '2012-10-09 22:00:00'),
('914239595', 'Ullrich-Leannon', 79.921, '379036', NULL, 'No', 'Sí', 'Sí', '2013-07-30 22:00:00'),
('915870982', 'Herzog Group', 266.000, '567561', NULL, 'No', 'No', 'No', '2017-05-23 22:00:00'),
('916414860', 'Deckow LLC', 999.999, '887463', NULL, 'Sí', 'No', 'Sí', '2012-03-18 23:00:00'),
('920864754', 'Wunsch LLC', 20.100, '771933', NULL, 'Sí', 'No', 'No', '2021-03-06 10:14:27'),
('923943752', 'Leuschke Group', 999.999, '402848', NULL, 'Sí', 'Sí', 'Sí', '2018-02-08 23:00:00'),
('924370606', 'Davis, Gusikowski and Hintz', 999.999, '603705', NULL, 'Sí', 'No', 'Sí', '2015-06-27 22:00:00'),
('927509350', 'Hoppe-Schuster', 403.874, '152676', NULL, 'No', 'No', 'Sí', '2013-05-05 22:00:00'),
('933760377', 'Hessel, Quigley and Kihn', 999.999, '994861', NULL, 'No', 'Sí', 'Sí', '2015-07-31 22:00:00'),
('935853427', 'Kirlin, O\'Conner and Hand', 999.999, '437025', NULL, 'No', 'No', 'Sí', '2014-11-25 23:00:00'),
('936988150', 'Armstrong-Zboncak', 89.940, '082891', NULL, 'Sí', 'No', 'No', '2019-01-12 23:00:00'),
('944532248', 'Gibson, Zboncak and Huels', 999.999, '205388', NULL, 'Sí', 'Sí', 'No', '2014-05-08 22:00:00'),
('946316467', 'Price, Kihn and Bogan', 20.000, '002139', NULL, 'No', 'No', 'Sí', '2021-03-06 10:14:27'),
('947714310', 'Fadel Group', 562.308, '502420', NULL, 'No', 'Sí', 'No', '2016-07-13 22:00:00'),
('947813863', 'Keeling, Gaylord and Trantow', 999.999, '043776', NULL, 'Sí', 'No', 'Sí', '2013-10-27 23:00:00'),
('953529883', 'Grant PLC', 999.999, '732763', NULL, 'Sí', 'Sí', 'Sí', '2020-03-20 23:00:00'),
('955205550', 'Hoppe and Sons', 22.495, '768713', NULL, 'No', 'No', 'Sí', '2021-03-06 10:14:27'),
('958976728', 'Schumm-Cormier', 35.335, '275038', NULL, 'Sí', 'Sí', 'No', '2012-06-09 22:00:00'),
('960925565', 'Grant-Legros', 20.000, '625589', NULL, 'Sí', 'No', 'No', '2021-03-06 10:14:27'),
('964457029', 'Reinger Group', 999.999, '762159', NULL, 'Sí', 'No', 'Sí', '2020-09-25 22:00:00'),
('966477448', 'Nicolas, Hettinger and Williamson', 999.999, '066922', NULL, 'No', 'Sí', 'No', '2014-05-26 22:00:00'),
('967989686', 'Medhurst and Sons', 999.999, '002139', NULL, 'Sí', 'No', 'Sí', '2014-06-10 22:00:00'),
('969583822', 'Herzog-Balistreri', 25.417, '448272', NULL, 'No', 'Sí', 'Sí', '2021-03-06 10:14:27'),
('975154047', 'Daniel-Nitzsche', 107.634, '365693', NULL, 'No', 'Sí', 'No', '2015-09-13 22:00:00'),
('976943165', 'Bradtke, McClure and Mante', 999.999, '604761', NULL, 'No', 'Sí', 'No', '2012-07-15 22:00:00'),
('976972301', 'Cummings, Little and Schulist', 999.999, '319356', NULL, 'No', 'No', 'No', '2013-02-03 23:00:00'),
('977302124', 'Borer, Hills and Goyette', 999.999, '769844', NULL, 'Sí', 'Sí', 'No', '2013-10-14 22:00:00'),
('979167608', 'Ernser-Ziemann', 999.999, '821177', NULL, 'Sí', 'No', 'Sí', '2015-12-09 23:00:00'),
('979377000', 'Ritchie-Maggio', 999.999, '475721', NULL, 'Sí', 'No', 'No', '2016-06-28 22:00:00'),
('985228451', 'Feest-Pacocha', 131.478, '169154', NULL, 'No', 'Sí', 'Sí', '2018-03-19 23:00:00'),
('997226974', 'Schumm, Little and Rowe', 31.000, '752533', NULL, 'No', 'Sí', 'Sí', '2019-06-01 22:00:00');

-- --------------------------------------------------------

--
-- Estructura de tabla para la tabla `espacio_en_planta`
--

DROP TABLE IF EXISTS `espacio_en_planta`;
CREATE TABLE IF NOT EXISTS `espacio_en_planta` (
  `ID_ESPACIO_EN_PLANTA` varchar(7) COLLATE utf8_spanish_ci NOT NULL,
  `ID_EDIFICIO` varchar(6) COLLATE utf8_spanish_ci NOT NULL,
  `NUM_PLANTA` int(3) NOT NULL,
  `ID_ESPACIO` varchar(9) COLLATE utf8_spanish_ci NOT NULL,
  PRIMARY KEY (`ID_ESPACIO_EN_PLANTA`),
  UNIQUE KEY `ID_EDIFICIO` (`ID_EDIFICIO`),
  UNIQUE KEY `NUM_PLANTA` (`NUM_PLANTA`),
  UNIQUE KEY `ID_ESPACIO` (`ID_ESPACIO`),
  KEY `ID_EDIFICIO_2` (`ID_EDIFICIO`,`NUM_PLANTA`)
) ENGINE=InnoDB DEFAULT CHARSET=utf8 COLLATE=utf8_spanish_ci;

-- --------------------------------------------------------

--
-- Estructura de tabla para la tabla `espacio_hospedaje`
--

DROP TABLE IF EXISTS `espacio_hospedaje`;
CREATE TABLE IF NOT EXISTS `espacio_hospedaje` (
  `ID_ESPACIO` varchar(9) COLLATE utf8_spanish_ci NOT NULL,
  `NUM_BANHOS` decimal(1,0) DEFAULT NULL,
  `NUM_CAMAS` decimal(1,0) NOT NULL,
  `TIENE_TERRAZA` enum('Sí','No') COLLATE utf8_spanish_ci NOT NULL,
  `ADMITE_FUMADORES` enum('Sí','No') COLLATE utf8_spanish_ci NOT NULL,
  `ADMITE_MASCOTAS` enum('Sí','No') COLLATE utf8_spanish_ci NOT NULL,
  `CANCELACION_GRATIS` enum('Sí','No') COLLATE utf8_spanish_ci NOT NULL,
  `MOVILIDAD_ADAPTADA` enum('Sí','No') COLLATE utf8_spanish_ci NOT NULL,
  `PRECIO_NOCHE` decimal(5,2) NOT NULL,
  `LUMINOSIDAD` enum('BAJA','MEDIA','ALTA') COLLATE utf8_spanish_ci NOT NULL,
  `ULTIMA_ACTUALIZACION` timestamp NOT NULL DEFAULT current_timestamp() ON UPDATE current_timestamp(),
  PRIMARY KEY (`ID_ESPACIO`)
) ENGINE=InnoDB DEFAULT CHARSET=utf8 COLLATE=utf8_spanish_ci;

--
-- Volcado de datos para la tabla `espacio_hospedaje`
--

INSERT INTO `espacio_hospedaje` (`ID_ESPACIO`, `NUM_BANHOS`, `NUM_CAMAS`, `TIENE_TERRAZA`, `ADMITE_FUMADORES`, `ADMITE_MASCOTAS`, `CANCELACION_GRATIS`, `MOVILIDAD_ADAPTADA`, `PRECIO_NOCHE`, `LUMINOSIDAD`, `ULTIMA_ACTUALIZACION`) VALUES
('003809760', '2', '6', 'Sí', 'Sí', 'Sí', 'No', 'Sí', '255.20', 'ALTA', '2016-05-17 22:00:00'),
('006108632', '8', '8', 'No', 'No', 'No', 'No', 'No', '999.99', 'ALTA', '2011-08-10 22:00:00'),
('008222714', '2', '4', 'Sí', 'Sí', 'Sí', 'Sí', 'No', '25.78', 'ALTA', '2012-11-24 23:00:00'),
('014498211', '2', '2', 'Sí', 'Sí', 'No', 'No', 'No', '10.78', 'BAJA', '2018-11-04 23:00:00'),
('022627445', '3', '2', 'No', 'No', 'No', 'No', 'No', '999.99', 'BAJA', '2012-05-22 22:00:00'),
('030576787', '3', '5', 'No', 'Sí', 'Sí', 'No', 'Sí', '13.26', 'ALTA', '2018-07-09 22:00:00'),
('031460553', '7', '7', 'No', 'No', 'Sí', 'Sí', 'Sí', '999.99', 'MEDIA', '2019-11-30 23:00:00'),
('038941546', '8', '3', 'No', 'Sí', 'No', 'No', 'Sí', '849.90', 'MEDIA', '2014-01-18 23:00:00'),
('044518628', '1', '4', 'No', 'No', 'Sí', 'No', 'Sí', '808.70', 'MEDIA', '2015-03-29 22:00:00'),
('049856367', '7', '6', 'Sí', 'No', 'No', 'Sí', 'No', '204.90', 'ALTA', '2019-11-16 23:00:00'),
('051005028', '8', '8', 'No', 'No', 'No', 'Sí', 'Sí', '999.99', 'BAJA', '2011-05-26 22:00:00'),
('053682785', '3', '7', 'Sí', 'Sí', 'Sí', 'No', 'No', '999.99', 'MEDIA', '2015-08-19 22:00:00'),
('056654336', '8', '8', 'Sí', 'No', 'Sí', 'No', 'No', '11.00', 'BAJA', '2013-12-05 23:00:00'),
('057422922', '2', '7', 'Sí', 'Sí', 'Sí', 'No', 'No', '999.99', 'BAJA', '2019-04-21 22:00:00'),
('063063336', '6', '7', 'Sí', 'Sí', 'No', 'Sí', 'Sí', '999.99', 'ALTA', '2011-03-22 23:00:00'),
('063373860', '1', '3', 'Sí', 'No', 'Sí', 'No', 'No', '999.99', 'ALTA', '2014-10-15 22:00:00'),
('072909816', '2', '8', 'No', 'No', 'No', 'No', 'No', '999.99', 'ALTA', '2014-10-29 23:00:00'),
('088576295', '8', '4', 'Sí', 'Sí', 'Sí', 'No', 'No', '999.99', 'ALTA', '2012-01-25 23:00:00'),
('094496178', '8', '3', 'No', 'No', 'No', 'No', 'Sí', '999.99', 'MEDIA', '2013-02-27 23:00:00'),
('096823013', '5', '9', 'Sí', 'Sí', 'No', 'Sí', 'No', '11.22', 'ALTA', '2015-10-15 22:00:00'),
('099331865', '4', '8', 'No', 'Sí', 'Sí', 'Sí', 'Sí', '101.90', 'ALTA', '2015-07-04 22:00:00'),
('100084318', '0', '1', 'No', 'Sí', 'No', 'Sí', 'Sí', '17.30', 'MEDIA', '2017-03-18 23:00:00'),
('100705146', '7', '3', 'Sí', 'Sí', 'No', 'Sí', 'Sí', '999.99', 'BAJA', '2014-02-05 23:00:00'),
('103591070', '0', '1', 'No', 'Sí', 'Sí', 'Sí', 'Sí', '999.99', 'MEDIA', '2019-04-26 22:00:00'),
('104310408', '1', '4', 'Sí', 'No', 'No', 'Sí', 'No', '999.99', 'MEDIA', '2013-08-08 22:00:00'),
('104654765', '8', '2', 'No', 'No', 'Sí', 'Sí', 'No', '999.99', 'ALTA', '2011-12-02 23:00:00'),
('114614847', '0', '1', 'Sí', 'Sí', 'No', 'Sí', 'No', '999.99', 'MEDIA', '2021-03-06 10:17:50'),
('115240897', '5', '7', 'No', 'No', 'No', 'Sí', 'No', '708.86', 'ALTA', '2016-06-09 22:00:00'),
('126649862', '4', '9', 'No', 'No', 'No', 'Sí', 'No', '10.00', 'ALTA', '2020-08-07 22:00:00'),
('127044143', '0', '5', 'Sí', 'No', 'Sí', 'No', 'Sí', '999.99', 'ALTA', '2020-01-10 23:00:00'),
('130414326', '5', '9', 'No', 'Sí', 'No', 'Sí', 'No', '76.63', 'MEDIA', '2020-02-15 23:00:00'),
('137369337', '7', '8', 'No', 'No', 'No', 'No', 'No', '999.99', 'BAJA', '2014-02-03 23:00:00'),
('146533510', '2', '1', 'No', 'Sí', 'No', 'Sí', 'Sí', '15.70', 'ALTA', '2021-03-06 10:17:50'),
('148590471', '7', '4', 'Sí', 'No', 'No', 'No', 'No', '999.99', 'MEDIA', '2014-02-24 23:00:00'),
('150473979', '0', '7', 'No', 'No', 'Sí', 'No', 'No', '999.99', 'ALTA', '2015-04-16 22:00:00'),
('151476162', '7', '1', 'No', 'Sí', 'Sí', 'No', 'Sí', '999.99', 'ALTA', '2021-03-06 10:17:50'),
('170122153', '8', '8', 'No', 'No', 'Sí', 'Sí', 'No', '337.13', 'ALTA', '2013-05-29 22:00:00'),
('172308022', '9', '4', 'Sí', 'Sí', 'Sí', 'Sí', 'No', '12.85', 'ALTA', '2011-08-29 22:00:00'),
('173198749', '0', '1', 'No', 'Sí', 'No', 'No', 'No', '999.99', 'MEDIA', '2021-03-06 10:17:50'),
('175340456', '0', '5', 'No', 'No', 'Sí', 'No', 'Sí', '402.00', 'MEDIA', '2018-05-24 22:00:00'),
('181007404', '3', '9', 'Sí', 'Sí', 'Sí', 'No', 'No', '10.00', 'ALTA', '2017-02-17 23:00:00'),
('181444552', '7', '6', 'No', 'No', 'No', 'No', 'Sí', '180.26', 'BAJA', '2016-08-22 22:00:00'),
('182049200', '2', '1', 'No', 'Sí', 'Sí', 'No', 'Sí', '10.41', 'BAJA', '2021-03-06 10:17:50'),
('187968324', '5', '2', 'No', 'Sí', 'No', 'No', 'No', '999.99', 'BAJA', '2018-05-01 22:00:00'),
('191901278', '6', '7', 'No', 'No', 'No', 'No', 'Sí', '272.00', 'MEDIA', '2015-04-04 22:00:00'),
('203783659', '9', '4', 'No', 'Sí', 'No', 'Sí', 'Sí', '10.00', 'ALTA', '2013-04-01 22:00:00'),
('205009051', '1', '7', 'No', 'Sí', 'No', 'No', 'Sí', '999.99', 'BAJA', '2015-03-24 23:00:00'),
('207216391', '5', '7', 'No', 'Sí', 'No', 'Sí', 'Sí', '999.99', 'ALTA', '2016-06-10 22:00:00'),
('213683353', '7', '5', 'No', 'No', 'No', 'Sí', 'Sí', '999.99', 'ALTA', '2017-08-29 22:00:00'),
('216895997', '8', '4', 'No', 'No', 'No', 'No', 'No', '10.00', 'MEDIA', '2016-07-11 22:00:00'),
('220016627', '3', '1', 'No', 'Sí', 'No', 'Sí', 'No', '999.99', 'MEDIA', '2021-03-06 10:17:50'),
('224169265', '8', '9', 'No', 'No', 'Sí', 'Sí', 'Sí', '999.99', 'ALTA', '2016-06-04 22:00:00'),
('224262602', '0', '8', 'No', 'No', 'No', 'No', 'Sí', '999.99', 'MEDIA', '2020-10-15 22:00:00'),
('226975168', '7', '5', 'No', 'No', 'No', 'Sí', 'Sí', '999.99', 'MEDIA', '2017-01-10 23:00:00'),
('229707501', '0', '2', 'No', 'No', 'No', 'No', 'No', '999.99', 'MEDIA', '2011-11-11 23:00:00'),
('230267787', '6', '1', 'Sí', 'No', 'No', 'No', 'Sí', '51.35', 'BAJA', '2012-03-28 22:00:00'),
('232269119', '6', '1', 'Sí', 'Sí', 'Sí', 'No', 'Sí', '12.49', 'MEDIA', '2015-11-22 23:00:00'),
('234203028', '1', '8', 'No', 'No', 'No', 'Sí', 'No', '999.99', 'MEDIA', '2011-03-27 22:00:00'),
('237992781', '1', '6', 'Sí', 'No', 'No', 'Sí', 'No', '10.00', 'BAJA', '2011-10-11 22:00:00'),
('241722981', '7', '8', 'No', 'No', 'Sí', 'No', 'No', '999.99', 'BAJA', '2011-08-16 22:00:00'),
('246539210', '1', '6', 'No', 'No', 'No', 'No', 'No', '11.94', 'BAJA', '2017-08-15 22:00:00'),
('255720351', '7', '4', 'Sí', 'No', 'No', 'No', 'Sí', '999.98', 'ALTA', '2011-03-08 23:00:00'),
('260797887', '5', '4', 'No', 'Sí', 'Sí', 'Sí', 'Sí', '94.63', 'MEDIA', '2016-11-30 23:00:00'),
('280100237', '7', '7', 'Sí', 'Sí', 'Sí', 'Sí', 'No', '999.99', 'MEDIA', '2013-07-28 22:00:00'),
('283950642', '3', '7', 'No', 'Sí', 'No', 'No', 'No', '999.99', 'MEDIA', '2013-07-04 22:00:00'),
('292722505', '4', '2', 'Sí', 'Sí', 'Sí', 'No', 'No', '275.76', 'MEDIA', '2014-04-11 22:00:00'),
('295157116', '3', '4', 'Sí', 'Sí', 'No', 'No', 'No', '16.91', 'MEDIA', '2013-10-03 22:00:00'),
('300871253', '4', '1', 'Sí', 'Sí', 'No', 'Sí', 'Sí', '999.99', 'BAJA', '2018-07-19 22:00:00'),
('309594722', '8', '6', 'No', 'No', 'No', 'Sí', 'No', '11.40', 'MEDIA', '2017-07-23 22:00:00'),
('313135184', '3', '3', 'No', 'Sí', 'No', 'Sí', 'No', '999.99', 'MEDIA', '2016-12-18 23:00:00'),
('319235641', '1', '5', 'No', 'No', 'Sí', 'No', 'Sí', '999.99', 'ALTA', '2017-03-23 23:00:00'),
('335574826', '6', '1', 'Sí', 'Sí', 'No', 'No', 'Sí', '370.16', 'BAJA', '2014-07-14 22:00:00'),
('335685219', '0', '2', 'No', 'No', 'No', 'Sí', 'Sí', '999.99', 'BAJA', '2017-10-10 22:00:00'),
('337074299', '8', '4', 'Sí', 'No', 'Sí', 'No', 'No', '13.01', 'MEDIA', '2017-01-30 23:00:00'),
('340085881', '4', '3', 'No', 'No', 'No', 'Sí', 'No', '999.99', 'BAJA', '2016-03-07 23:00:00'),
('340173034', '0', '1', 'No', 'No', 'Sí', 'No', 'No', '82.00', 'BAJA', '2021-03-06 10:17:50'),
('342941391', '6', '1', 'No', 'No', 'Sí', 'Sí', 'No', '999.99', 'MEDIA', '2019-07-19 22:00:00'),
('350108834', '4', '8', 'Sí', 'No', 'Sí', 'No', 'No', '423.87', 'ALTA', '2017-01-06 23:00:00'),
('350228915', '9', '1', 'Sí', 'Sí', 'No', 'No', 'No', '26.97', 'MEDIA', '2021-03-06 10:17:50'),
('356559720', '7', '5', 'Sí', 'No', 'Sí', 'Sí', 'No', '10.00', 'MEDIA', '2019-09-06 22:00:00'),
('361001500', '8', '5', 'Sí', 'No', 'No', 'No', 'No', '999.99', 'BAJA', '2018-09-09 22:00:00'),
('361791985', '7', '4', 'No', 'Sí', 'No', 'No', 'Sí', '24.12', 'BAJA', '2013-05-19 22:00:00'),
('362909043', '7', '7', 'Sí', 'Sí', 'No', 'Sí', 'Sí', '999.99', 'BAJA', '2015-06-22 22:00:00'),
('367581674', '4', '8', 'No', 'Sí', 'Sí', 'Sí', 'Sí', '999.99', 'BAJA', '2016-06-18 22:00:00'),
('370201218', '8', '7', 'Sí', 'Sí', 'Sí', 'Sí', 'No', '35.58', 'ALTA', '2012-09-29 22:00:00'),
('373450826', '2', '4', 'No', 'Sí', 'Sí', 'No', 'Sí', '22.37', 'MEDIA', '2015-08-30 22:00:00'),
('374769924', '4', '1', 'Sí', 'No', 'Sí', 'No', 'No', '999.99', 'MEDIA', '2021-03-06 10:17:50'),
('375926626', '1', '9', 'Sí', 'No', 'Sí', 'No', 'No', '10.00', 'MEDIA', '2018-05-24 22:00:00'),
('400320301', '8', '8', 'No', 'No', 'No', 'Sí', 'No', '16.72', 'MEDIA', '2014-04-29 22:00:00'),
('403899367', '5', '1', 'No', 'Sí', 'No', 'No', 'Sí', '10.00', 'MEDIA', '2021-03-06 10:17:50'),
('406855849', '3', '1', 'No', 'Sí', 'Sí', 'No', 'Sí', '999.99', 'MEDIA', '2016-03-20 23:00:00'),
('407529131', '9', '7', 'No', 'Sí', 'No', 'Sí', 'No', '999.99', 'MEDIA', '2020-02-21 23:00:00'),
('408611359', '1', '1', 'No', 'Sí', 'Sí', 'Sí', 'Sí', '14.17', 'ALTA', '2021-03-06 10:17:50'),
('420607712', '7', '2', 'Sí', 'Sí', 'Sí', 'No', 'No', '999.99', 'MEDIA', '2018-02-25 23:00:00'),
('422505860', '7', '1', 'No', 'No', 'No', 'No', 'Sí', '314.39', 'ALTA', '2014-09-17 22:00:00'),
('422519965', '1', '9', 'Sí', 'Sí', 'No', 'No', 'Sí', '999.99', 'ALTA', '2015-09-07 22:00:00'),
('423436988', '6', '6', 'No', 'Sí', 'No', 'Sí', 'No', '999.99', 'BAJA', '2018-09-03 22:00:00'),
('424855669', '7', '4', 'No', 'Sí', 'Sí', 'Sí', 'No', '999.99', 'ALTA', '2016-04-09 22:00:00'),
('438824361', '2', '5', 'No', 'Sí', 'Sí', 'No', 'Sí', '18.88', 'ALTA', '2012-07-29 22:00:00'),
('438962610', '6', '7', 'Sí', 'Sí', 'Sí', 'Sí', 'No', '999.99', 'MEDIA', '2013-12-31 23:00:00'),
('445560981', '7', '5', 'Sí', 'Sí', 'Sí', 'Sí', 'Sí', '999.99', 'MEDIA', '2020-05-13 22:00:00'),
('447756080', '5', '1', 'No', 'Sí', 'Sí', 'Sí', 'No', '999.99', 'ALTA', '2021-03-06 10:17:50'),
('453067246', '3', '3', 'No', 'Sí', 'No', 'Sí', 'Sí', '999.99', 'ALTA', '2015-04-09 22:00:00'),
('456258640', '8', '4', 'Sí', 'Sí', 'Sí', 'No', 'No', '999.99', 'MEDIA', '2020-10-30 23:00:00'),
('472531826', '2', '6', 'No', 'No', 'No', 'Sí', 'No', '10.00', 'MEDIA', '2011-03-20 23:00:00'),
('485897940', '3', '8', 'No', 'No', 'No', 'Sí', 'No', '999.99', 'MEDIA', '2020-04-03 22:00:00'),
('492011233', '4', '4', 'Sí', 'Sí', 'No', 'Sí', 'Sí', '999.99', 'MEDIA', '2018-04-28 22:00:00'),
('495356441', '9', '8', 'Sí', 'Sí', 'No', 'Sí', 'Sí', '10.00', 'ALTA', '2017-05-23 22:00:00'),
('495646950', '3', '7', 'No', 'No', 'No', 'No', 'No', '999.99', 'MEDIA', '2017-09-08 22:00:00'),
('495711159', '7', '9', 'Sí', 'Sí', 'Sí', 'Sí', 'Sí', '999.99', 'BAJA', '2015-09-04 22:00:00'),
('497250698', '0', '1', 'No', 'No', 'No', 'No', 'No', '14.20', 'MEDIA', '2015-06-18 22:00:00'),
('502575409', '8', '4', 'No', 'No', 'No', 'Sí', 'No', '10.00', 'MEDIA', '2019-09-29 22:00:00'),
('504056705', '4', '9', 'Sí', 'Sí', 'Sí', 'No', 'Sí', '999.99', 'MEDIA', '2015-09-29 22:00:00'),
('507029250', '7', '3', 'No', 'No', 'Sí', 'Sí', 'No', '406.10', 'BAJA', '2014-08-30 22:00:00'),
('522838843', '5', '8', 'Sí', 'Sí', 'Sí', 'Sí', 'No', '999.99', 'MEDIA', '2013-07-03 22:00:00'),
('540176796', '6', '1', 'No', 'Sí', 'No', 'Sí', 'Sí', '999.99', 'BAJA', '2021-03-06 10:17:50'),
('540443954', '3', '7', 'No', 'No', 'No', 'No', 'Sí', '42.25', 'MEDIA', '2020-07-30 22:00:00'),
('542884962', '8', '2', 'Sí', 'Sí', 'No', 'No', 'Sí', '999.99', 'ALTA', '2012-03-24 23:00:00'),
('555142478', '3', '5', 'Sí', 'No', 'No', 'No', 'Sí', '10.00', 'MEDIA', '2019-04-19 22:00:00'),
('562958947', '1', '2', 'No', 'No', 'Sí', 'No', 'No', '10.00', 'ALTA', '2015-05-18 22:00:00'),
('565939912', '9', '9', 'Sí', 'Sí', 'No', 'Sí', 'Sí', '999.99', 'MEDIA', '2017-08-18 22:00:00'),
('568212495', '9', '9', 'Sí', 'Sí', 'Sí', 'No', 'No', '999.99', 'BAJA', '2012-04-10 22:00:00'),
('570377776', '1', '3', 'Sí', 'Sí', 'Sí', 'No', 'No', '10.00', 'BAJA', '2011-03-28 22:00:00'),
('570946867', '4', '8', 'Sí', 'No', 'No', 'No', 'No', '999.99', 'ALTA', '2012-10-19 22:00:00'),
('576610140', '5', '1', 'No', 'No', 'Sí', 'No', 'No', '999.99', 'MEDIA', '2021-03-06 10:17:50'),
('577324732', '9', '5', 'No', 'Sí', 'No', 'Sí', 'No', '999.99', 'BAJA', '2015-09-08 22:00:00'),
('582801188', '4', '4', 'No', 'No', 'Sí', 'No', 'Sí', '999.99', 'BAJA', '2017-03-16 23:00:00'),
('597460701', '6', '6', 'Sí', 'No', 'No', 'Sí', 'No', '29.76', 'BAJA', '2016-09-30 22:00:00'),
('625465927', '5', '5', 'Sí', 'Sí', 'Sí', 'Sí', 'Sí', '10.00', 'MEDIA', '2012-03-22 23:00:00'),
('626044282', '9', '7', 'No', 'No', 'No', 'No', 'No', '11.42', 'ALTA', '2019-12-09 23:00:00'),
('627935723', '3', '4', 'No', 'Sí', 'No', 'Sí', 'Sí', '527.20', 'MEDIA', '2012-09-27 22:00:00'),
('646289000', '6', '7', 'No', 'Sí', 'No', 'No', 'No', '999.99', 'ALTA', '2019-04-16 22:00:00'),
('649163263', '1', '3', 'No', 'No', 'No', 'No', 'No', '999.99', 'MEDIA', '2014-01-19 23:00:00'),
('651889357', '9', '3', 'Sí', 'Sí', 'No', 'Sí', 'No', '999.99', 'BAJA', '2013-01-30 23:00:00'),
('659369380', '3', '9', 'No', 'Sí', 'Sí', 'No', 'Sí', '56.26', 'ALTA', '2011-08-08 22:00:00'),
('666726588', '7', '5', 'Sí', 'Sí', 'Sí', 'No', 'No', '10.00', 'MEDIA', '2011-10-18 22:00:00'),
('669715199', '3', '9', 'Sí', 'Sí', 'No', 'Sí', 'No', '10.00', 'MEDIA', '2018-11-28 23:00:00'),
('671420950', '7', '8', 'Sí', 'No', 'No', 'No', 'No', '999.99', 'ALTA', '2020-07-14 22:00:00'),
('673775660', '9', '7', 'No', 'Sí', 'Sí', 'No', 'No', '999.99', 'ALTA', '2018-11-24 23:00:00'),
('675482994', '0', '9', 'No', 'No', 'Sí', 'Sí', 'Sí', '15.31', 'ALTA', '2018-10-02 22:00:00'),
('676524624', '0', '7', 'Sí', 'No', 'Sí', 'No', 'No', '175.80', 'ALTA', '2011-12-28 23:00:00'),
('679970779', '8', '1', 'No', 'Sí', 'No', 'No', 'No', '999.99', 'BAJA', '2019-03-13 23:00:00'),
('683057710', '4', '3', 'Sí', 'Sí', 'No', 'Sí', 'No', '999.99', 'BAJA', '2011-08-19 22:00:00'),
('684182659', '9', '1', 'Sí', 'No', 'Sí', 'No', 'No', '999.99', 'BAJA', '2018-05-07 22:00:00'),
('687253944', '3', '7', 'Sí', 'No', 'No', 'No', 'Sí', '999.99', 'ALTA', '2011-06-30 22:00:00'),
('696246422', '0', '4', 'No', 'Sí', 'Sí', 'No', 'Sí', '999.99', 'ALTA', '2019-04-15 22:00:00'),
('710313203', '2', '6', 'Sí', 'No', 'No', 'Sí', 'Sí', '10.00', 'BAJA', '2020-10-21 22:00:00'),
('712504347', '6', '1', 'Sí', 'Sí', 'Sí', 'Sí', 'No', '10.00', 'ALTA', '2021-03-06 10:17:50'),
('718216405', '5', '7', 'Sí', 'Sí', 'Sí', 'No', 'No', '13.44', 'ALTA', '2019-03-14 23:00:00'),
('721663735', '3', '8', 'No', 'No', 'Sí', 'No', 'No', '101.56', 'ALTA', '2014-09-28 22:00:00'),
('722347687', '7', '9', 'Sí', 'Sí', 'Sí', 'No', 'Sí', '999.99', 'BAJA', '2013-01-14 23:00:00'),
('729519881', '9', '2', 'Sí', 'No', 'Sí', 'No', 'Sí', '999.99', 'BAJA', '2015-07-06 22:00:00'),
('738750803', '6', '9', 'Sí', 'Sí', 'No', 'Sí', 'No', '999.99', 'BAJA', '2019-02-27 23:00:00'),
('754842465', '4', '5', 'No', 'Sí', 'No', 'Sí', 'No', '999.99', 'MEDIA', '2016-11-10 23:00:00'),
('764378255', '9', '1', 'No', 'Sí', 'No', 'No', 'Sí', '999.99', 'ALTA', '2020-04-28 22:00:00'),
('774622100', '2', '5', 'Sí', 'Sí', 'No', 'Sí', 'Sí', '999.99', 'ALTA', '2011-09-16 22:00:00'),
('786505741', '7', '6', 'Sí', 'Sí', 'No', 'Sí', 'No', '999.99', 'ALTA', '2016-05-03 22:00:00'),
('787074940', '3', '6', 'No', 'Sí', 'No', 'No', 'No', '10.00', 'MEDIA', '2021-02-13 23:00:00'),
('791169840', '9', '3', 'No', 'No', 'Sí', 'No', 'Sí', '10.00', 'ALTA', '2020-04-07 22:00:00'),
('795590758', '9', '5', 'No', 'No', 'No', 'Sí', 'Sí', '10.00', 'BAJA', '2020-02-13 23:00:00'),
('803805649', '5', '1', 'Sí', 'Sí', 'Sí', 'Sí', 'Sí', '450.94', 'ALTA', '2021-03-06 10:17:50'),
('807362227', '7', '1', 'No', 'Sí', 'Sí', 'Sí', 'No', '999.99', 'BAJA', '2021-02-14 23:00:00'),
('809328115', '5', '7', 'No', 'Sí', 'Sí', 'No', 'No', '999.99', 'ALTA', '2014-05-12 22:00:00'),
('809489198', '6', '5', 'Sí', 'No', 'No', 'No', 'Sí', '999.99', 'BAJA', '2017-10-20 22:00:00'),
('809545814', '3', '4', 'Sí', 'No', 'Sí', 'Sí', 'No', '12.40', 'MEDIA', '2013-02-24 23:00:00'),
('813326738', '7', '8', 'Sí', 'Sí', 'Sí', 'No', 'No', '253.25', 'ALTA', '2020-06-15 22:00:00'),
('815285853', '2', '5', 'Sí', 'Sí', 'Sí', 'Sí', 'No', '202.60', 'BAJA', '2015-04-13 22:00:00'),
('815902749', '8', '9', 'Sí', 'Sí', 'Sí', 'No', 'No', '999.99', 'MEDIA', '2014-11-15 23:00:00'),
('817663881', '7', '2', 'No', 'No', 'Sí', 'No', 'No', '999.99', 'MEDIA', '2015-07-02 22:00:00'),
('821702064', '0', '8', 'No', 'No', 'Sí', 'No', 'No', '999.99', 'MEDIA', '2015-09-05 22:00:00'),
('822794929', '1', '6', 'Sí', 'No', 'Sí', 'No', 'No', '999.99', 'MEDIA', '2015-08-24 22:00:00'),
('828935407', '4', '3', 'No', 'No', 'Sí', 'No', 'Sí', '999.99', 'ALTA', '2016-08-12 22:00:00'),
('829326610', '5', '3', 'No', 'Sí', 'Sí', 'Sí', 'No', '999.99', 'MEDIA', '2016-06-18 22:00:00'),
('842221757', '8', '1', 'No', 'No', 'Sí', 'Sí', 'Sí', '37.82', 'ALTA', '2021-03-06 10:17:50'),
('846135370', '1', '1', 'Sí', 'No', 'No', 'No', 'Sí', '10.00', 'ALTA', '2021-03-06 10:17:50'),
('848318690', '7', '9', 'Sí', 'Sí', 'Sí', 'Sí', 'No', '999.99', 'ALTA', '2012-07-08 22:00:00'),
('854717185', '2', '5', 'Sí', 'No', 'Sí', 'No', 'No', '999.99', 'MEDIA', '2015-02-27 23:00:00'),
('860005070', '4', '3', 'Sí', 'No', 'No', 'Sí', 'No', '14.10', 'BAJA', '2011-10-02 22:00:00'),
('860338284', '0', '1', 'Sí', 'Sí', 'No', 'No', 'No', '34.73', 'BAJA', '2019-02-19 23:00:00'),
('863246729', '4', '7', 'Sí', 'Sí', 'No', 'Sí', 'No', '630.28', 'MEDIA', '2013-05-06 22:00:00'),
('866627877', '9', '2', 'No', 'Sí', 'No', 'Sí', 'No', '10.00', 'BAJA', '2017-07-23 22:00:00'),
('876834803', '8', '4', 'No', 'Sí', 'Sí', 'Sí', 'No', '999.99', 'BAJA', '2020-05-20 22:00:00'),
('881164449', '6', '3', 'No', 'No', 'Sí', 'No', 'Sí', '999.99', 'MEDIA', '2019-02-28 23:00:00'),
('885837281', '5', '1', 'Sí', 'No', 'No', 'No', 'No', '999.99', 'ALTA', '2020-06-09 22:00:00'),
('910617325', '8', '4', 'Sí', 'No', 'Sí', 'No', 'No', '999.99', 'ALTA', '2020-11-07 23:00:00'),
('910737692', '5', '2', 'No', 'No', 'Sí', 'No', 'Sí', '999.99', 'MEDIA', '2019-12-26 23:00:00'),
('920864754', '0', '2', 'Sí', 'Sí', 'Sí', 'Sí', 'No', '999.99', 'ALTA', '2012-10-06 22:00:00'),
('924370606', '2', '7', 'Sí', 'No', 'No', 'Sí', 'Sí', '302.87', 'BAJA', '2018-11-17 23:00:00'),
('927509350', '2', '7', 'Sí', 'No', 'No', 'No', 'No', '999.99', 'BAJA', '2020-05-03 22:00:00'),
('933760377', '3', '6', 'No', 'Sí', 'Sí', 'No', 'No', '10.00', 'BAJA', '2018-06-30 22:00:00'),
('935853427', '7', '1', 'No', 'No', 'Sí', 'No', 'Sí', '13.00', 'MEDIA', '2013-11-11 23:00:00'),
('946316467', '2', '8', 'No', 'No', 'No', 'Sí', 'Sí', '10.00', 'ALTA', '2013-03-13 23:00:00'),
('955205550', '7', '1', 'No', 'No', 'No', 'No', 'Sí', '13.00', 'MEDIA', '2021-03-06 10:17:50'),
('960925565', '1', '7', 'No', 'Sí', 'No', 'Sí', 'No', '241.03', 'ALTA', '2016-04-03 22:00:00'),
('966477448', '1', '2', 'Sí', 'No', 'Sí', 'Sí', 'No', '728.00', 'BAJA', '2016-12-30 23:00:00'),
('975154047', '6', '8', 'No', 'Sí', 'No', 'No', 'No', '10.00', 'BAJA', '2012-11-11 23:00:00'),
('976943165', '7', '1', 'Sí', 'Sí', 'No', 'Sí', 'No', '999.99', 'ALTA', '2021-03-06 10:17:50'),
('976972301', '3', '1', 'Sí', 'No', 'Sí', 'No', 'Sí', '999.99', 'BAJA', '2021-03-06 10:17:50'),
('979377000', '5', '5', 'No', 'No', 'No', 'No', 'No', '999.99', 'BAJA', '2015-02-23 23:00:00'),
('985228451', '6', '7', 'Sí', 'No', 'No', 'No', 'Sí', '999.99', 'MEDIA', '2015-06-20 22:00:00');

-- --------------------------------------------------------

--
-- Estructura de tabla para la tabla `espacio_instalacion`
--

DROP TABLE IF EXISTS `espacio_instalacion`;
CREATE TABLE IF NOT EXISTS `espacio_instalacion` (
  `ID_ESPACIO` varchar(9) COLLATE utf8_spanish_ci NOT NULL,
  `AFORO` decimal(3,0) UNSIGNED DEFAULT NULL,
  `HORARIO_ACCESIBLE` varchar(40) COLLATE utf8_spanish_ci DEFAULT NULL,
  `ES_EXTERIOR` enum('Sí','No') COLLATE utf8_spanish_ci NOT NULL,
  `USO_INFANTIL` enum('Sí','No') COLLATE utf8_spanish_ci NOT NULL,
  `TIPO` enum('Gimnasio','Restaurante','Piscina','Pista de tenis','Pista de pádel','Campo de Golf','Spa') COLLATE utf8_spanish_ci DEFAULT NULL,
  `ESTA_INCLUIDO` enum('Sí','No') COLLATE utf8_spanish_ci NOT NULL,
  `NECESITA_RESERVA` enum('Sí','No') COLLATE utf8_spanish_ci NOT NULL,
  `ULTIMA_ACTUALIZACION` timestamp NOT NULL DEFAULT current_timestamp() ON UPDATE current_timestamp(),
  PRIMARY KEY (`ID_ESPACIO`)
) ENGINE=InnoDB DEFAULT CHARSET=utf8 COLLATE=utf8_spanish_ci;

--
-- Volcado de datos para la tabla `espacio_instalacion`
--

INSERT INTO `espacio_instalacion` (`ID_ESPACIO`, `AFORO`, `HORARIO_ACCESIBLE`, `ES_EXTERIOR`, `USO_INFANTIL`, `TIPO`, `ESTA_INCLUIDO`, `NECESITA_RESERVA`, `ULTIMA_ACTUALIZACION`) VALUES
('006214088', '248', 'Nemo eum minus molestiae quos omnis adip', 'No', 'No', 'Gimnasio', 'Sí', 'Sí', '2019-06-25 22:00:00'),
('011472127', '264', 'Saepe aut voluptatem consequatur vitae.', 'Sí', 'Sí', 'Campo de Golf', 'Sí', 'Sí', '2012-05-25 22:00:00'),
('014654930', '172', 'Facere eum nobis optio eum inventore con', 'No', 'Sí', 'Restaurante', 'Sí', 'No', '2017-05-16 22:00:00'),
('017098557', '711', 'Reprehenderit animi dolor ut perferendis', 'Sí', 'Sí', 'Piscina', 'No', 'No', '2020-07-23 22:00:00'),
('020284519', '986', 'Incidunt doloremque in consequatur sed c', 'Sí', 'No', 'Piscina', 'Sí', 'Sí', '2013-01-07 23:00:00'),
('026125615', '759', 'Cupiditate aut et atque sunt.', 'Sí', 'No', 'Gimnasio', 'Sí', 'Sí', '2021-01-03 23:00:00'),
('029488743', '571', 'Impedit voluptatem quia debitis reiciend', 'No', 'Sí', 'Pista de pádel', 'No', 'No', '2018-08-07 22:00:00'),
('034838186', '993', 'Id tempore voluptatem voluptatem qui.', 'Sí', 'Sí', 'Pista de pádel', 'No', 'Sí', '2019-01-21 23:00:00'),
('035622664', '121', 'Commodi placeat eos quis et ipsa iure.', 'Sí', 'Sí', 'Pista de pádel', 'Sí', 'Sí', '2013-01-25 23:00:00'),
('044036927', '780', 'Vel similique voluptatibus est mollitia ', 'No', 'No', 'Gimnasio', 'Sí', 'Sí', '2015-03-19 23:00:00'),
('044115043', '333', 'Odio rerum quaerat aliquam.', 'Sí', 'Sí', 'Pista de tenis', 'Sí', 'Sí', '2011-06-30 22:00:00'),
('048095684', '392', 'Officiis et blanditiis error eum nisi.', 'Sí', 'Sí', 'Pista de tenis', 'No', 'Sí', '2014-05-29 22:00:00'),
('061953480', '556', 'Inventore eveniet accusantium sunt volup', 'No', 'Sí', 'Piscina', 'Sí', 'No', '2017-12-29 23:00:00'),
('062324288', '104', 'Deserunt nemo aut aliquid quidem volupta', 'Sí', 'No', 'Gimnasio', 'No', 'Sí', '2011-06-05 22:00:00'),
('065607779', '313', 'Consequatur et hic deserunt fugit conseq', 'Sí', 'Sí', 'Piscina', 'No', 'No', '2011-10-30 23:00:00'),
('068012947', '916', 'Iusto voluptatem quis est.', 'Sí', 'No', 'Piscina', 'Sí', 'No', '2016-12-12 23:00:00'),
('074287078', '580', 'Dolorum occaecati doloremque ipsam amet ', 'Sí', 'No', 'Campo de Golf', 'Sí', 'Sí', '2020-02-03 23:00:00'),
('077839149', '228', 'Modi aliquid accusantium necessitatibus ', 'Sí', 'Sí', 'Gimnasio', 'Sí', 'Sí', '2011-06-19 22:00:00'),
('080255665', '783', 'Tenetur vel dignissimos nihil ut et dese', 'No', 'Sí', 'Campo de Golf', 'No', 'No', '2013-06-12 22:00:00'),
('083154652', '690', 'Pariatur cupiditate voluptas quod aspern', 'Sí', 'No', 'Pista de pádel', 'Sí', 'Sí', '2019-09-17 22:00:00'),
('083969566', '449', 'Suscipit ut totam dolorem autem quasi qu', 'No', 'Sí', 'Pista de pádel', 'No', 'No', '2015-01-10 23:00:00'),
('088402831', '761', 'Earum est nihil aut qui voluptatem repel', 'No', 'No', 'Restaurante', 'Sí', 'Sí', '2014-10-05 22:00:00'),
('090614214', '946', 'Odit ad velit ex omnis aut alias et.', 'Sí', 'No', 'Pista de pádel', 'No', 'Sí', '2021-03-01 23:00:00'),
('106307732', '863', 'Qui aliquid iure quo voluptas nobis aspe', 'No', 'Sí', 'Pista de tenis', 'Sí', 'No', '2019-12-10 23:00:00'),
('107939264', '616', 'Exercitationem explicabo dolor reiciendi', 'Sí', 'Sí', 'Pista de tenis', 'Sí', 'Sí', '2020-10-24 22:00:00'),
('113944898', '180', 'Magnam natus consequuntur corrupti error', 'No', 'No', 'Campo de Golf', 'No', 'No', '2017-08-18 22:00:00'),
('115082070', '480', 'Eum adipisci quidem illo at.', 'Sí', 'No', 'Spa', 'No', 'Sí', '2017-06-26 22:00:00'),
('123221746', '479', 'Aut accusamus est asperiores alias tempo', 'Sí', 'No', 'Spa', 'No', 'No', '2020-05-02 22:00:00'),
('124722276', '552', 'Ipsum dolorem exercitationem ut itaque m', 'No', 'Sí', 'Piscina', 'Sí', 'Sí', '2013-09-30 22:00:00'),
('127154314', '456', 'Necessitatibus rerum maxime et reprehend', 'Sí', 'Sí', 'Piscina', 'No', 'Sí', '2012-08-08 22:00:00'),
('127423255', '999', 'Et quas perspiciatis cum sit aut.', 'Sí', 'Sí', 'Restaurante', 'No', 'No', '2017-08-21 22:00:00'),
('140280706', '437', 'Ullam sunt assumenda nihil dolor corrupt', 'No', 'No', 'Restaurante', 'Sí', 'Sí', '2013-10-08 22:00:00'),
('147853736', '666', 'Labore ratione rem sunt iure maxime.', 'No', 'No', 'Restaurante', 'Sí', 'No', '2014-03-07 23:00:00'),
('147888711', '909', 'Velit at recusandae ea eum.', 'Sí', 'No', 'Pista de pádel', 'Sí', 'No', '2011-04-05 22:00:00'),
('147918009', '501', 'Recusandae porro labore quis quasi sit.', 'Sí', 'Sí', 'Gimnasio', 'No', 'No', '2016-01-26 23:00:00'),
('149775326', '217', 'Blanditiis facere quo laudantium necessi', 'Sí', 'Sí', 'Pista de pádel', 'Sí', 'Sí', '2019-10-04 22:00:00'),
('153080913', '776', 'Eum quidem sed voluptatem ut.', 'No', 'Sí', 'Campo de Golf', 'No', 'Sí', '2014-12-02 23:00:00'),
('168322853', '755', 'Natus id vel animi et nobis ullam harum ', 'Sí', 'No', 'Gimnasio', 'No', 'No', '2015-04-22 22:00:00'),
('169352254', '356', 'Quia consequatur nam aut quia fugiat ali', 'Sí', 'No', 'Pista de tenis', 'Sí', 'No', '2019-05-05 22:00:00'),
('171970178', '798', 'Consectetur rerum nostrum dolorem quia.', 'Sí', 'No', 'Pista de tenis', 'Sí', 'Sí', '2015-10-25 23:00:00'),
('174678610', '539', 'Rerum minus vel et neque fugit recusanda', 'No', 'No', 'Campo de Golf', 'No', 'Sí', '2020-05-21 22:00:00'),
('176902615', '68', 'Consequatur molestias error explicabo eo', 'Sí', 'No', 'Piscina', 'Sí', 'Sí', '2017-07-20 22:00:00'),
('181056800', '208', 'Temporibus aliquam quisquam sit voluptat', 'No', 'No', 'Pista de pádel', 'Sí', 'Sí', '2013-06-02 22:00:00'),
('185873593', '641', 'Fugiat excepturi eos vero sint aut iure ', 'No', 'No', 'Spa', 'Sí', 'No', '2015-01-20 23:00:00'),
('197426023', '764', 'Quod officiis repellat non qui soluta se', 'Sí', 'Sí', 'Gimnasio', 'Sí', 'No', '2020-12-09 23:00:00'),
('198337214', '833', 'Sunt facilis facere sunt vitae voluptate', 'Sí', 'Sí', 'Campo de Golf', 'No', 'Sí', '2011-07-30 22:00:00'),
('199414768', '75', 'Consequatur veritatis saepe doloremque o', 'No', 'Sí', 'Campo de Golf', 'No', 'No', '2016-08-18 22:00:00'),
('205741657', '220', 'Ratione quam quia in perspiciatis ipsam.', 'Sí', 'Sí', 'Pista de tenis', 'Sí', 'No', '2011-09-07 22:00:00'),
('209490437', '232', 'Provident aut explicabo voluptatibus rer', 'Sí', 'No', 'Pista de pádel', 'Sí', 'Sí', '2012-12-10 23:00:00'),
('216086613', '198', 'Est est magnam nisi aliquid.', 'No', 'No', 'Campo de Golf', 'No', 'Sí', '2018-11-17 23:00:00'),
('244142286', '782', 'Qui pariatur iusto ipsum doloribus quide', 'Sí', 'No', 'Pista de tenis', 'Sí', 'No', '2012-02-28 23:00:00'),
('247240248', '759', 'Aut qui ipsa ut eveniet voluptatem enim.', 'No', 'No', 'Pista de tenis', 'Sí', 'Sí', '2017-01-13 23:00:00'),
('258285219', '327', 'Mollitia qui doloremque est maiores id e', 'No', 'No', 'Gimnasio', 'Sí', 'No', '2013-12-06 23:00:00'),
('267151046', '34', 'Quis quod labore et ipsum deleniti volup', 'No', 'Sí', 'Gimnasio', 'Sí', 'Sí', '2012-09-29 22:00:00'),
('269056038', '409', 'Aspernatur et rerum unde hic qui quisqua', 'Sí', 'No', 'Gimnasio', 'Sí', 'Sí', '2018-01-24 23:00:00'),
('273799236', '363', 'Sit minus at quo.', 'Sí', 'Sí', 'Spa', 'Sí', 'No', '2018-07-13 22:00:00'),
('275232447', '175', 'Labore perferendis rerum et quia quia re', 'Sí', 'Sí', 'Pista de tenis', 'No', 'No', '2015-07-23 22:00:00'),
('285269502', '795', 'Necessitatibus consequatur dolor repudia', 'Sí', 'No', 'Pista de pádel', 'No', 'Sí', '2013-09-17 22:00:00'),
('285933369', '583', 'Ipsa architecto rerum tenetur expedita a', 'Sí', 'No', 'Campo de Golf', 'Sí', 'No', '2013-02-24 23:00:00'),
('295701729', '971', 'Animi culpa sint aut.', 'No', 'Sí', 'Gimnasio', 'Sí', 'No', '2019-01-22 23:00:00'),
('296765016', '201', 'Enim beatae quasi esse quisquam perferen', 'No', 'Sí', 'Gimnasio', 'Sí', 'No', '2020-04-10 22:00:00'),
('297783697', '935', 'Vero commodi eos praesentium natus aliqu', 'Sí', 'Sí', 'Restaurante', 'Sí', 'No', '2012-10-12 22:00:00'),
('298696309', '543', 'Commodi numquam cumque repellendus quisq', 'Sí', 'No', 'Pista de pádel', 'Sí', 'Sí', '2019-08-30 22:00:00'),
('304476997', '820', 'Quod et nisi non dolorum cum et.', 'No', 'No', 'Campo de Golf', 'Sí', 'Sí', '2016-10-26 22:00:00'),
('307681155', '170', 'Et facere quia necessitatibus quia ducim', 'Sí', 'Sí', 'Pista de tenis', 'Sí', 'Sí', '2011-06-21 22:00:00'),
('308873411', '617', 'Quos quae eveniet ea inventore.', 'No', 'No', 'Restaurante', 'Sí', 'No', '2013-03-13 23:00:00'),
('309599050', '383', 'Adipisci eos qui nihil qui.', 'No', 'No', 'Pista de tenis', 'Sí', 'No', '2019-07-24 22:00:00'),
('310120223', '132', 'Rerum eum dicta non provident eos evenie', 'Sí', 'No', 'Pista de tenis', 'Sí', 'Sí', '2011-08-24 22:00:00'),
('313140860', '971', 'Nemo magnam facere vel autem repudiandae', 'Sí', 'No', 'Gimnasio', 'Sí', 'Sí', '2012-04-20 22:00:00'),
('314260642', '562', 'Aut incidunt quasi maxime sed omnis.', 'No', 'No', 'Pista de tenis', 'Sí', 'Sí', '2015-11-04 23:00:00'),
('317899741', '911', 'Molestias sunt saepe sed atque debitis a', 'No', 'Sí', 'Pista de tenis', 'Sí', 'Sí', '2013-08-28 22:00:00'),
('318000797', '524', 'Necessitatibus officiis eum similique pe', 'Sí', 'No', 'Pista de pádel', 'Sí', 'No', '2015-09-06 22:00:00'),
('318931308', '365', 'Voluptatum nulla quo praesentium debitis', 'No', 'No', 'Gimnasio', 'No', 'No', '2015-09-03 22:00:00'),
('323092774', '427', 'Quia dolorum incidunt et quidem quia atq', 'No', 'No', 'Campo de Golf', 'Sí', 'Sí', '2012-03-19 23:00:00'),
('324782386', '212', 'Possimus modi vel accusantium et sapient', 'No', 'Sí', 'Gimnasio', 'Sí', 'No', '2016-03-03 23:00:00'),
('328881009', '727', 'Saepe sunt illo quaerat maxime ut neque.', 'No', 'No', 'Campo de Golf', 'No', 'No', '2013-04-24 22:00:00'),
('332661343', '437', 'Recusandae at labore accusantium placeat', 'Sí', 'No', 'Pista de pádel', 'No', 'Sí', '2011-09-13 22:00:00'),
('343537461', '75', 'Omnis voluptas cumque aut et corrupti.', 'Sí', 'Sí', 'Pista de tenis', 'Sí', 'Sí', '2012-12-08 23:00:00'),
('346298544', '293', 'Accusamus quasi eos consectetur omnis li', 'No', 'No', 'Campo de Golf', 'No', 'No', '2016-03-22 23:00:00'),
('346882750', '264', 'Officiis inventore beatae et qui tempora', 'No', 'No', 'Pista de tenis', 'No', 'No', '2014-01-24 23:00:00'),
('348039745', '327', 'Mollitia adipisci similique et voluptate', 'No', 'Sí', 'Campo de Golf', 'Sí', 'Sí', '2013-03-10 23:00:00'),
('358140418', '526', 'Qui aliquid nostrum error omnis voluptat', 'Sí', 'Sí', 'Piscina', 'Sí', 'Sí', '2015-09-14 22:00:00'),
('365647556', '235', 'Eum consequatur accusantium vitae odio q', 'No', 'No', 'Pista de pádel', 'No', 'Sí', '2018-01-05 23:00:00'),
('368408002', '824', 'Nam id sit quia numquam.', 'Sí', 'Sí', 'Pista de pádel', 'No', 'No', '2014-02-16 23:00:00'),
('381843844', '437', 'Culpa sunt blanditiis perferendis.', 'Sí', 'No', 'Pista de tenis', 'No', 'No', '2015-07-13 22:00:00'),
('383004437', '340', 'Quis sed enim qui molestiae est est aut.', 'No', 'No', 'Campo de Golf', 'Sí', 'No', '2014-03-12 23:00:00'),
('385068343', '810', 'Quis quam necessitatibus est non hic mod', 'No', 'Sí', 'Pista de pádel', 'No', 'No', '2013-08-09 22:00:00'),
('385816434', '38', 'Non quia labore sint atque soluta unde.', 'Sí', 'Sí', 'Gimnasio', 'No', 'Sí', '2017-10-27 22:00:00'),
('386070397', '238', 'At expedita commodi ut cumque.', 'No', 'Sí', 'Pista de pádel', 'No', 'Sí', '2013-10-18 22:00:00'),
('397644916', '279', 'Incidunt earum omnis omnis mollitia non ', 'Sí', 'No', 'Pista de tenis', 'No', 'Sí', '2015-02-07 23:00:00'),
('399539630', '586', 'Error velit ducimus maxime ducimus adipi', 'No', 'No', 'Restaurante', 'No', 'Sí', '2014-06-14 22:00:00'),
('401977921', '884', 'Iste nam ratione quas voluptatem quia be', 'Sí', 'No', 'Spa', 'No', 'Sí', '2015-11-11 23:00:00'),
('405860151', '174', 'Iusto molestias debitis tempora in quaer', 'Sí', 'Sí', 'Campo de Golf', 'No', 'Sí', '2020-10-21 22:00:00'),
('413502218', '913', 'Dolores vitae sit voluptatibus modi et.', 'No', 'No', 'Piscina', 'No', 'No', '2017-10-04 22:00:00'),
('417944062', '701', 'Quasi esse magni eos tempore voluptatem ', 'Sí', 'Sí', 'Piscina', 'No', 'Sí', '2018-06-06 22:00:00'),
('418840381', '460', 'Dolores dolorum ut quia earum dolorem sa', 'Sí', 'Sí', 'Campo de Golf', 'Sí', 'Sí', '2019-05-02 22:00:00'),
('434155142', '136', 'Iure optio rerum eaque laborum voluptate', 'Sí', 'No', 'Pista de pádel', 'No', 'No', '2020-02-08 23:00:00'),
('439478454', '466', 'Corrupti fuga et et esse.', 'No', 'Sí', 'Campo de Golf', 'Sí', 'Sí', '2014-07-12 22:00:00'),
('446265919', '656', 'Rem eos minus natus odit.', 'Sí', 'No', 'Gimnasio', 'Sí', 'No', '2017-08-30 22:00:00'),
('451746863', '249', 'Eveniet fugiat animi ab ea quia qui.', 'No', 'No', 'Pista de pádel', 'Sí', 'No', '2012-07-16 22:00:00'),
('453697870', '782', 'Dolores inventore iste reprehenderit.', 'Sí', 'No', 'Piscina', 'Sí', 'Sí', '2020-02-11 23:00:00'),
('457829962', '970', 'Deleniti sed non velit quibusdam qui rem', 'Sí', 'Sí', 'Restaurante', 'No', 'No', '2017-06-08 22:00:00'),
('464873636', '371', 'Magnam blanditiis dolores enim suscipit ', 'Sí', 'No', 'Restaurante', 'Sí', 'Sí', '2017-02-17 23:00:00'),
('472772326', '831', 'Minus sunt perferendis ad vero ut et.', 'Sí', 'No', 'Spa', 'Sí', 'No', '2019-12-26 23:00:00'),
('474155264', '279', 'Culpa rerum et tenetur et debitis evenie', 'Sí', 'Sí', 'Pista de pádel', 'Sí', 'Sí', '2013-02-17 23:00:00'),
('487140094', '579', 'Adipisci est quibusdam et expedita.', 'No', 'No', 'Spa', 'Sí', 'No', '2012-07-17 22:00:00'),
('490218241', '555', 'Est harum aut dolore dicta.', 'Sí', 'Sí', 'Gimnasio', 'Sí', 'No', '2018-12-16 23:00:00'),
('499261439', '783', 'Deleniti rem fuga enim.', 'No', 'No', 'Pista de pádel', 'Sí', 'Sí', '2017-09-20 22:00:00'),
('512494249', '11', 'Sed eum non est ut ipsam et vitae.', 'Sí', 'Sí', 'Pista de tenis', 'No', 'No', '2017-01-25 23:00:00'),
('513269075', '993', 'Et ut debitis nisi numquam ea veniam.', 'No', 'No', 'Pista de pádel', 'Sí', 'Sí', '2015-11-25 23:00:00'),
('525172528', '501', 'Ullam quis et nemo et non nisi iusto.', 'Sí', 'No', 'Pista de pádel', 'Sí', 'Sí', '2015-07-09 22:00:00'),
('527152598', '122', 'Error tenetur voluptatibus ipsum volupta', 'Sí', 'No', 'Restaurante', 'Sí', 'No', '2017-02-10 23:00:00'),
('532382599', '34', 'Modi iure sit quaerat ea nihil vel id qu', 'No', 'Sí', 'Gimnasio', 'Sí', 'No', '2011-11-24 23:00:00'),
('537944035', '967', 'Non aperiam consequatur impedit delectus', 'No', 'Sí', 'Pista de tenis', 'Sí', 'Sí', '2019-11-17 23:00:00'),
('540135407', '515', 'Voluptatum quisquam molestiae deleniti p', 'Sí', 'Sí', 'Gimnasio', 'Sí', 'No', '2015-10-29 23:00:00'),
('543817686', '936', 'Dolores dolore est consequuntur ipsa.', 'No', 'Sí', 'Spa', 'Sí', 'Sí', '2012-09-17 22:00:00'),
('551300958', '656', 'Assumenda facilis assumenda laborum sed ', 'Sí', 'Sí', 'Pista de tenis', 'No', 'No', '2012-08-21 22:00:00'),
('575370599', '780', 'Sit ipsum rem minima labore aperiam modi', 'No', 'Sí', 'Restaurante', 'Sí', 'Sí', '2020-02-09 23:00:00'),
('580841952', '647', 'Nesciunt laboriosam officiis quibusdam q', 'Sí', 'Sí', 'Pista de pádel', 'Sí', 'Sí', '2013-01-28 23:00:00'),
('585428740', '272', 'Eligendi ut ut tenetur impedit velit omn', 'Sí', 'No', 'Pista de tenis', 'No', 'Sí', '2016-06-04 22:00:00'),
('585569916', '531', 'Perferendis sit harum dolores quos exped', 'No', 'Sí', 'Restaurante', 'Sí', 'Sí', '2013-08-06 22:00:00'),
('593830026', '962', 'Nam reprehenderit maxime dolores illo ip', 'No', 'No', 'Spa', 'Sí', 'Sí', '2021-01-25 23:00:00'),
('604057844', '194', 'Qui culpa quis laborum quia.', 'No', 'Sí', 'Campo de Golf', 'Sí', 'Sí', '2014-07-18 22:00:00'),
('608894766', '409', 'Earum sunt accusantium suscipit.', 'Sí', 'Sí', 'Pista de pádel', 'Sí', 'Sí', '2012-02-29 23:00:00'),
('610318497', '815', 'Neque et libero voluptas molestiae.', 'No', 'Sí', 'Pista de pádel', 'Sí', 'Sí', '2020-09-13 22:00:00'),
('621683003', '567', 'Natus ducimus tenetur magnam consequuntu', 'No', 'No', 'Pista de pádel', 'No', 'Sí', '2018-11-30 23:00:00'),
('622180765', '766', 'Occaecati odit cupiditate ut mollitia ve', 'No', 'Sí', 'Piscina', 'Sí', 'No', '2011-06-22 22:00:00'),
('627714982', '689', 'Est sequi sed quo quia nostrum dolorum e', 'No', 'No', 'Restaurante', 'Sí', 'Sí', '2017-03-21 23:00:00'),
('634895614', '944', 'Tempora incidunt qui enim perspiciatis q', 'Sí', 'No', 'Restaurante', 'Sí', 'No', '2015-06-15 22:00:00'),
('640350368', '607', 'Voluptatem voluptate voluptatem error as', 'Sí', 'No', 'Campo de Golf', 'Sí', 'No', '2011-05-16 22:00:00'),
('646952271', '701', 'Nihil nostrum aut quia sed tenetur sunt ', 'Sí', 'Sí', 'Pista de tenis', 'Sí', 'Sí', '2011-11-03 23:00:00'),
('658574234', '684', 'Minus tempora quia rerum aut.', 'No', 'No', 'Gimnasio', 'Sí', 'No', '2015-04-10 22:00:00'),
('664050744', '863', 'Debitis dicta sapiente totam sit.', 'No', 'No', 'Restaurante', 'No', 'Sí', '2017-11-04 23:00:00'),
('667090124', '671', 'Nam officiis ut cupiditate quidem dolore', 'No', 'Sí', 'Campo de Golf', 'Sí', 'Sí', '2013-02-06 23:00:00'),
('669851019', '458', 'Dicta recusandae iusto quo cupiditate es', 'No', 'No', 'Spa', 'No', 'No', '2020-06-09 22:00:00'),
('674415619', '832', 'Mollitia est odio accusantium laborum om', 'No', 'No', 'Restaurante', 'Sí', 'Sí', '2011-11-01 23:00:00'),
('676720137', '593', 'Aut id error non.', 'No', 'No', 'Spa', 'Sí', 'No', '2013-09-25 22:00:00'),
('678266454', '494', 'Odit aut occaecati et nesciunt magnam qu', 'Sí', 'No', 'Pista de tenis', 'No', 'No', '2014-07-27 22:00:00'),
('705343749', '968', 'Enim natus dignissimos rem dolorem cum.', 'Sí', 'Sí', 'Pista de pádel', 'No', 'Sí', '2018-05-23 22:00:00'),
('715790179', '735', 'Dolorem eius mollitia esse itaque omnis.', 'No', 'Sí', 'Pista de pádel', 'Sí', 'Sí', '2015-06-03 22:00:00'),
('725771691', '545', 'Corporis ut minima eaque.', 'No', 'Sí', 'Restaurante', 'No', 'Sí', '2020-04-26 22:00:00'),
('732147658', '350', 'Quia quos quae cum assumenda provident a', 'No', 'Sí', 'Gimnasio', 'Sí', 'Sí', '2015-04-07 22:00:00'),
('735098748', '483', 'Inventore iste numquam adipisci beatae.', 'No', 'Sí', 'Campo de Golf', 'No', 'Sí', '2011-05-29 22:00:00'),
('735851760', '21', 'Non autem qui culpa et in.', 'No', 'Sí', 'Pista de tenis', 'Sí', 'Sí', '2016-04-20 22:00:00'),
('742386321', '335', 'Id dolor ipsam adipisci ut earum in et.', 'No', 'Sí', 'Gimnasio', 'No', 'No', '2013-08-25 22:00:00'),
('748871954', '264', 'Nihil similique ut est.', 'No', 'No', 'Pista de tenis', 'No', 'Sí', '2019-10-08 22:00:00'),
('751777518', '944', 'Corrupti culpa iusto temporibus qui.', 'Sí', 'No', 'Spa', 'No', 'Sí', '2017-05-05 22:00:00'),
('752789847', '478', 'Et totam quo odio.', 'Sí', 'Sí', 'Restaurante', 'No', 'Sí', '2015-09-03 22:00:00'),
('756939816', '561', 'Provident omnis sunt eos quidem reiciend', 'Sí', 'No', 'Campo de Golf', 'Sí', 'No', '2013-03-14 23:00:00'),
('761140281', '388', 'Nisi qui assumenda itaque qui.', 'Sí', 'Sí', 'Piscina', 'No', 'Sí', '2012-06-02 22:00:00'),
('778379362', '904', 'Odio et ea animi eos occaecati nihil bea', 'No', 'Sí', 'Campo de Golf', 'Sí', 'No', '2016-07-19 22:00:00'),
('788316051', '905', 'Perspiciatis repellat dolor ut corporis ', 'No', 'Sí', 'Restaurante', 'Sí', 'Sí', '2016-07-10 22:00:00'),
('794563216', '157', 'Eum mollitia excepturi velit deserunt ut', 'Sí', 'Sí', 'Pista de pádel', 'Sí', 'No', '2017-04-05 22:00:00'),
('800477711', '321', 'Ea saepe aut enim aut natus quaerat.', 'Sí', 'Sí', 'Gimnasio', 'Sí', 'No', '2014-01-03 23:00:00'),
('800872971', '418', 'Harum et nihil consequuntur magnam eos q', 'Sí', 'Sí', 'Spa', 'No', 'No', '2011-07-14 22:00:00'),
('803227622', '919', 'Doloremque ullam numquam id.', 'Sí', 'No', 'Pista de tenis', 'No', 'Sí', '2011-06-01 22:00:00'),
('804247700', '309', 'Deleniti et sint qui sit molestias alias', 'Sí', 'Sí', 'Gimnasio', 'Sí', 'No', '2013-07-23 22:00:00'),
('808758048', '483', 'Eos aut nesciunt ab amet est.', 'Sí', 'No', 'Restaurante', 'No', 'Sí', '2016-03-13 23:00:00'),
('815119316', '311', 'Sunt sunt cum illo nemo facilis.', 'Sí', 'Sí', 'Gimnasio', 'Sí', 'No', '2012-04-17 22:00:00'),
('816527195', '847', 'Nihil maxime alias nihil et.', 'No', 'No', 'Spa', 'Sí', 'No', '2011-05-20 22:00:00'),
('820164268', '473', 'A eum esse reprehenderit voluptatem eum ', 'No', 'Sí', 'Piscina', 'Sí', 'No', '2017-07-13 22:00:00'),
('827826422', '327', 'Praesentium voluptatum non suscipit quam', 'No', 'Sí', 'Piscina', 'Sí', 'No', '2013-11-12 23:00:00'),
('828185191', '395', 'Cum cumque illum dolor.', 'No', 'Sí', 'Gimnasio', 'Sí', 'Sí', '2019-05-12 22:00:00'),
('829009792', '788', 'Voluptatem perferendis iste aut eaque et', 'Sí', 'Sí', 'Pista de pádel', 'Sí', 'Sí', '2018-10-19 22:00:00'),
('832504372', '304', 'Aut nostrum accusamus quos blanditiis.', 'Sí', 'Sí', 'Pista de pádel', 'Sí', 'Sí', '2011-06-02 22:00:00'),
('832924169', '853', 'Enim dolorum minima totam voluptas.', 'No', 'No', 'Restaurante', 'No', 'No', '2020-11-10 23:00:00'),
('833513365', '59', 'Accusantium deleniti sunt eos nostrum au', 'No', 'Sí', 'Piscina', 'No', 'No', '2013-08-10 22:00:00'),
('836474068', '805', 'Autem labore voluptas voluptatem magni.', 'No', 'Sí', 'Pista de tenis', 'Sí', 'Sí', '2017-12-05 23:00:00'),
('843240662', '72', 'Commodi voluptas quibusdam quis omnis au', 'No', 'No', 'Pista de pádel', 'Sí', 'Sí', '2018-05-17 22:00:00'),
('844158674', '108', 'Et quae dicta perspiciatis sunt.', 'Sí', 'No', 'Campo de Golf', 'No', 'Sí', '2016-07-15 22:00:00'),
('845726014', '456', 'Dolorum quaerat quis omnis minima volupt', 'No', 'Sí', 'Spa', 'Sí', 'Sí', '2019-05-28 22:00:00'),
('847789324', '117', 'Consequatur ut consequatur explicabo por', 'No', 'No', 'Piscina', 'No', 'No', '2014-10-07 22:00:00'),
('849650271', '917', 'Nam aut ea incidunt quaerat iusto libero', 'No', 'No', 'Piscina', 'No', 'Sí', '2017-04-02 22:00:00'),
('858362888', '223', 'Neque commodi ea et est et odit.', 'No', 'Sí', 'Campo de Golf', 'No', 'Sí', '2011-05-15 22:00:00'),
('860887664', '450', 'Vero consequatur eum non rem.', 'Sí', 'Sí', 'Campo de Golf', 'No', 'No', '2016-10-10 22:00:00'),
('871256447', '218', 'Ut at consequatur quo ut necessitatibus ', 'No', 'Sí', 'Campo de Golf', 'Sí', 'Sí', '2016-06-29 22:00:00'),
('884390513', '587', 'Sed veritatis aut cupiditate dolorem ea ', 'Sí', 'No', 'Pista de tenis', 'No', 'No', '2012-08-27 22:00:00'),
('892338073', '95', 'Quia minima distinctio dolor in id odit.', 'No', 'Sí', 'Campo de Golf', 'No', 'No', '2018-07-13 22:00:00'),
('895705557', '40', 'Mollitia ipsum modi veniam.', 'Sí', 'No', 'Gimnasio', 'No', 'Sí', '2018-11-29 23:00:00'),
('902613236', '896', 'Et odio earum illum cumque nihil.', 'No', 'Sí', 'Gimnasio', 'No', 'No', '2014-04-24 22:00:00'),
('905672429', '837', 'Modi voluptatem ad cum et cupiditate rep', 'Sí', 'Sí', 'Campo de Golf', 'Sí', 'Sí', '2020-12-15 23:00:00'),
('905855238', '837', 'Iste cum quis vel officiis sed temporibu', 'No', 'No', 'Spa', 'Sí', 'No', '2011-08-04 22:00:00'),
('907145011', '859', 'Ipsa qui velit sed amet ratione.', 'No', 'No', 'Gimnasio', 'Sí', 'No', '2014-03-19 23:00:00'),
('907803568', '480', 'Neque dolorum harum praesentium temporib', 'No', 'No', 'Pista de pádel', 'No', 'No', '2018-07-06 22:00:00'),
('914239595', '408', 'Fugit asperiores mollitia nostrum magnam', 'Sí', 'No', 'Spa', 'Sí', 'No', '2012-03-26 22:00:00'),
('915870982', '772', 'Hic quisquam mollitia esse iusto quo.', 'No', 'No', 'Pista de tenis', 'No', 'No', '2019-11-28 23:00:00'),
('916414860', '423', 'Sit eaque repudiandae eaque et officiis ', 'Sí', 'No', 'Piscina', 'Sí', 'No', '2019-09-08 22:00:00'),
('923943752', '465', 'Enim blanditiis at id dolorem omnis repr', 'Sí', 'Sí', 'Pista de pádel', 'Sí', 'Sí', '2012-10-10 22:00:00'),
('936988150', '696', 'Rerum voluptatem est voluptatibus omnis ', 'No', 'No', 'Campo de Golf', 'No', 'No', '2016-05-02 22:00:00'),
('944532248', '229', 'Qui quasi non ad facere consequatur id.', 'No', 'Sí', 'Spa', 'Sí', 'No', '2017-04-20 22:00:00'),
('947714310', '269', 'Deleniti unde hic qui alias.', 'Sí', 'No', 'Pista de tenis', 'No', 'No', '2017-02-08 23:00:00'),
('947813863', '244', 'Aut optio reiciendis in dolores.', 'Sí', 'Sí', 'Gimnasio', 'Sí', 'No', '2011-04-30 22:00:00'),
('953529883', '834', 'Reprehenderit aspernatur dicta eaque.', 'Sí', 'No', 'Pista de tenis', 'Sí', 'No', '2019-07-03 22:00:00'),
('958976728', '315', 'Voluptatem sit dolorum ipsa et.', 'No', 'Sí', 'Gimnasio', 'No', 'No', '2014-04-28 22:00:00'),
('964457029', '410', 'Quae est non quae laboriosam.', 'No', 'No', 'Campo de Golf', 'Sí', 'No', '2020-03-21 23:00:00'),
('967989686', '968', 'Assumenda aut eum corrupti non.', 'Sí', 'No', 'Gimnasio', 'Sí', 'Sí', '2017-05-20 22:00:00'),
('969583822', '657', 'Illum qui eaque enim quia rerum et.', 'No', 'Sí', 'Pista de pádel', 'Sí', 'Sí', '2012-05-12 22:00:00'),
('977302124', '86', 'Id et id quibusdam nisi.', 'Sí', 'Sí', 'Restaurante', 'No', 'Sí', '2013-11-14 23:00:00'),
('979167608', '558', 'Natus velit iusto ut labore placeat non ', 'Sí', 'No', 'Campo de Golf', 'No', 'No', '2011-08-18 22:00:00'),
('997226974', '54', 'Voluptatibus nulla dignissimos ipsam nec', 'No', 'No', 'Restaurante', 'Sí', 'No', '2017-08-20 22:00:00');

-- --------------------------------------------------------

--
-- Estructura de tabla para la tabla `espacio_trabajo`
--

DROP TABLE IF EXISTS `espacio_trabajo`;
CREATE TABLE IF NOT EXISTS `espacio_trabajo` (
  `ID_ESPACIO` varchar(9) COLLATE utf8_spanish_ci NOT NULL,
  `TIPO` enum('ADMINISTRATIVO','SERVICIOS','DIRECCION') COLLATE utf8_spanish_ci NOT NULL,
  PRIMARY KEY (`ID_ESPACIO`)
) ENGINE=InnoDB DEFAULT CHARSET=utf8 COLLATE=utf8_spanish_ci;

-- --------------------------------------------------------

--
-- Estructura de tabla para la tabla `habitacion`
--

DROP TABLE IF EXISTS `habitacion`;
CREATE TABLE IF NOT EXISTS `habitacion` (
  `ID_ESPACIO` varchar(9) COLLATE utf8_spanish_ci NOT NULL,
  `TIPO` enum('INDIVIDUAL','DOBLE','TRIPLE','CUADRUPLE') COLLATE utf8_spanish_ci NOT NULL,
  `ES_SUITE` enum('Sí','No') COLLATE utf8_spanish_ci NOT NULL,
  `ES_COMPARTIDO` enum('Sí','No') COLLATE utf8_spanish_ci NOT NULL,
  `BANHO_COMPARTIDO` enum('Sí','No') COLLATE utf8_spanish_ci NOT NULL,
  `TIENE_COCINA` enum('Sí','No') COLLATE utf8_spanish_ci NOT NULL,
  `ULTIMA_ACTUALIZACION` timestamp NOT NULL DEFAULT current_timestamp() ON UPDATE current_timestamp(),
  PRIMARY KEY (`ID_ESPACIO`)
) ENGINE=InnoDB DEFAULT CHARSET=utf8 COLLATE=utf8_spanish_ci;

--
-- Volcado de datos para la tabla `habitacion`
--

INSERT INTO `habitacion` (`ID_ESPACIO`, `TIPO`, `ES_SUITE`, `ES_COMPARTIDO`, `BANHO_COMPARTIDO`, `TIENE_COCINA`, `ULTIMA_ACTUALIZACION`) VALUES
('003809760', 'DOBLE', 'No', 'Sí', 'No', 'Sí', '2018-01-04 23:00:00'),
('006108632', 'INDIVIDUAL', 'No', 'Sí', 'No', 'No', '2012-11-21 23:00:00'),
('008222714', 'INDIVIDUAL', 'Sí', 'No', 'Sí', 'No', '2018-01-20 23:00:00'),
('014498211', 'INDIVIDUAL', 'Sí', 'Sí', 'No', 'No', '2012-05-20 22:00:00'),
('022627445', 'INDIVIDUAL', 'Sí', 'No', 'No', 'No', '2020-08-30 22:00:00'),
('030576787', 'TRIPLE', 'No', 'No', 'Sí', 'No', '2014-08-06 22:00:00'),
('031460553', 'INDIVIDUAL', 'No', 'Sí', 'Sí', 'Sí', '2019-04-26 22:00:00'),
('038941546', 'CUADRUPLE', 'No', 'No', 'Sí', 'Sí', '2013-01-27 23:00:00'),
('044518628', 'TRIPLE', 'Sí', 'Sí', 'No', 'No', '2016-03-30 22:00:00'),
('049856367', 'TRIPLE', 'Sí', 'No', 'Sí', 'No', '2016-04-05 22:00:00'),
('051005028', 'DOBLE', 'No', 'Sí', 'Sí', 'Sí', '2017-03-14 23:00:00'),
('053682785', 'TRIPLE', 'Sí', 'No', 'No', 'Sí', '2012-12-30 23:00:00'),
('056654336', 'CUADRUPLE', 'Sí', 'No', 'Sí', 'No', '2012-12-17 23:00:00'),
('057422922', 'INDIVIDUAL', 'Sí', 'Sí', 'No', 'Sí', '2013-05-14 22:00:00'),
('063063336', 'TRIPLE', 'Sí', 'No', 'Sí', 'No', '2014-11-16 23:00:00'),
('063373860', 'INDIVIDUAL', 'No', 'Sí', 'No', 'Sí', '2020-07-24 22:00:00'),
('072909816', 'INDIVIDUAL', 'Sí', 'No', 'Sí', 'Sí', '2016-05-03 22:00:00'),
('088576295', 'INDIVIDUAL', 'Sí', 'Sí', 'Sí', 'No', '2012-10-25 22:00:00'),
('094496178', 'TRIPLE', 'No', 'Sí', 'Sí', 'Sí', '2013-01-23 23:00:00'),
('096823013', 'CUADRUPLE', 'Sí', 'No', 'No', 'Sí', '2019-10-16 22:00:00'),
('099331865', 'INDIVIDUAL', 'Sí', 'No', 'No', 'Sí', '2020-05-03 22:00:00'),
('100084318', 'INDIVIDUAL', 'No', 'No', 'No', 'No', '2020-04-15 22:00:00'),
('100705146', 'TRIPLE', 'No', 'Sí', 'No', 'Sí', '2012-10-03 22:00:00'),
('103591070', 'TRIPLE', 'Sí', 'No', 'Sí', 'Sí', '2014-03-10 23:00:00'),
('104310408', 'INDIVIDUAL', 'Sí', 'No', 'No', 'Sí', '2013-10-15 22:00:00'),
('104654765', 'INDIVIDUAL', 'Sí', 'No', 'No', 'Sí', '2017-11-15 23:00:00'),
('114614847', 'INDIVIDUAL', 'No', 'Sí', 'Sí', 'No', '2020-11-09 23:00:00'),
('115240897', 'CUADRUPLE', 'Sí', 'No', 'Sí', 'No', '2015-10-19 22:00:00'),
('126649862', 'CUADRUPLE', 'No', 'Sí', 'Sí', 'Sí', '2018-06-07 22:00:00'),
('127044143', 'CUADRUPLE', 'No', 'Sí', 'No', 'Sí', '2019-08-31 22:00:00'),
('130414326', 'TRIPLE', 'Sí', 'Sí', 'No', 'No', '2017-09-09 22:00:00'),
('137369337', 'DOBLE', 'Sí', 'No', 'Sí', 'Sí', '2020-04-15 22:00:00'),
('146533510', 'INDIVIDUAL', 'No', 'No', 'No', 'No', '2016-03-30 22:00:00'),
('148590471', 'TRIPLE', 'No', 'Sí', 'No', 'Sí', '2012-05-11 22:00:00'),
('150473979', 'INDIVIDUAL', 'Sí', 'No', 'Sí', 'Sí', '2015-09-14 22:00:00'),
('151476162', 'DOBLE', 'No', 'Sí', 'No', 'Sí', '2016-03-03 23:00:00'),
('170122153', 'CUADRUPLE', 'Sí', 'Sí', 'Sí', 'Sí', '2015-09-04 22:00:00'),
('172308022', 'INDIVIDUAL', 'Sí', 'No', 'No', 'Sí', '2015-09-15 22:00:00'),
('173198749', 'CUADRUPLE', 'Sí', 'Sí', 'No', 'Sí', '2017-01-14 23:00:00'),
('175340456', 'DOBLE', 'Sí', 'Sí', 'Sí', 'Sí', '2012-03-08 23:00:00'),
('181007404', 'DOBLE', 'Sí', 'Sí', 'No', 'No', '2011-06-09 22:00:00'),
('181444552', 'DOBLE', 'No', 'Sí', 'No', 'Sí', '2017-07-02 22:00:00'),
('182049200', 'CUADRUPLE', 'No', 'Sí', 'No', 'No', '2012-03-23 23:00:00'),
('187968324', 'TRIPLE', 'No', 'No', 'Sí', 'No', '2013-03-26 23:00:00'),
('191901278', 'TRIPLE', 'Sí', 'Sí', 'Sí', 'No', '2011-11-23 23:00:00'),
('203783659', 'TRIPLE', 'No', 'No', 'No', 'No', '2018-10-21 22:00:00'),
('205009051', 'DOBLE', 'Sí', 'Sí', 'Sí', 'No', '2016-05-19 22:00:00'),
('207216391', 'DOBLE', 'No', 'Sí', 'No', 'Sí', '2016-03-29 22:00:00'),
('213683353', 'CUADRUPLE', 'No', 'Sí', 'Sí', 'Sí', '2020-07-11 22:00:00'),
('216895997', 'CUADRUPLE', 'No', 'No', 'No', 'Sí', '2011-11-19 23:00:00'),
('220016627', 'DOBLE', 'Sí', 'No', 'No', 'Sí', '2013-05-19 22:00:00'),
('224169265', 'INDIVIDUAL', 'No', 'No', 'Sí', 'Sí', '2016-04-28 22:00:00'),
('224262602', 'TRIPLE', 'Sí', 'Sí', 'No', 'No', '2013-03-28 23:00:00'),
('226975168', 'TRIPLE', 'No', 'No', 'Sí', 'Sí', '2020-03-02 23:00:00'),
('229707501', 'TRIPLE', 'Sí', 'Sí', 'No', 'No', '2016-12-02 23:00:00'),
('230267787', 'INDIVIDUAL', 'Sí', 'No', 'No', 'Sí', '2018-09-27 22:00:00'),
('232269119', 'DOBLE', 'Sí', 'No', 'Sí', 'Sí', '2016-06-28 22:00:00'),
('234203028', 'INDIVIDUAL', 'No', 'Sí', 'Sí', 'Sí', '2017-11-09 23:00:00'),
('237992781', 'CUADRUPLE', 'No', 'Sí', 'Sí', 'No', '2019-10-28 23:00:00'),
('241722981', 'CUADRUPLE', 'Sí', 'No', 'No', 'No', '2012-05-30 22:00:00'),
('246539210', 'INDIVIDUAL', 'Sí', 'No', 'No', 'No', '2021-01-31 23:00:00'),
('255720351', 'INDIVIDUAL', 'Sí', 'No', 'No', 'Sí', '2017-01-05 23:00:00'),
('260797887', 'TRIPLE', 'No', 'Sí', 'Sí', 'No', '2017-06-07 22:00:00'),
('280100237', 'TRIPLE', 'Sí', 'Sí', 'Sí', 'No', '2015-03-21 23:00:00'),
('283950642', 'TRIPLE', 'Sí', 'Sí', 'No', 'No', '2020-11-06 23:00:00'),
('292722505', 'DOBLE', 'No', 'Sí', 'No', 'No', '2013-02-15 23:00:00'),
('295157116', 'CUADRUPLE', 'No', 'Sí', 'Sí', 'No', '2015-11-29 23:00:00'),
('300871253', 'CUADRUPLE', 'Sí', 'No', 'No', 'Sí', '2015-12-30 23:00:00'),
('309594722', 'INDIVIDUAL', 'Sí', 'No', 'No', 'No', '2012-05-06 22:00:00'),
('313135184', 'INDIVIDUAL', 'Sí', 'Sí', 'No', 'No', '2011-07-16 22:00:00'),
('319235641', 'TRIPLE', 'No', 'No', 'No', 'Sí', '2014-04-16 22:00:00'),
('335574826', 'INDIVIDUAL', 'Sí', 'No', 'Sí', 'No', '2014-05-10 22:00:00'),
('335685219', 'INDIVIDUAL', 'No', 'Sí', 'Sí', 'Sí', '2020-05-30 22:00:00'),
('337074299', 'INDIVIDUAL', 'Sí', 'No', 'No', 'No', '2015-01-22 23:00:00'),
('340085881', 'INDIVIDUAL', 'No', 'Sí', 'No', 'Sí', '2019-09-28 22:00:00'),
('340173034', 'CUADRUPLE', 'No', 'Sí', 'Sí', 'No', '2014-12-25 23:00:00'),
('342941391', 'DOBLE', 'Sí', 'Sí', 'No', 'No', '2020-09-30 22:00:00'),
('350108834', 'TRIPLE', 'No', 'Sí', 'No', 'Sí', '2016-05-05 22:00:00'),
('350228915', 'TRIPLE', 'Sí', 'Sí', 'No', 'No', '2012-04-30 22:00:00'),
('356559720', 'DOBLE', 'Sí', 'No', 'Sí', 'No', '2016-04-21 22:00:00'),
('361001500', 'TRIPLE', 'Sí', 'Sí', 'No', 'Sí', '2020-04-19 22:00:00'),
('361791985', 'DOBLE', 'Sí', 'No', 'Sí', 'No', '2015-02-16 23:00:00'),
('362909043', 'DOBLE', 'Sí', 'No', 'No', 'No', '2016-05-05 22:00:00'),
('367581674', 'DOBLE', 'Sí', 'Sí', 'Sí', 'Sí', '2011-07-09 22:00:00'),
('370201218', 'CUADRUPLE', 'No', 'No', 'No', 'Sí', '2013-10-22 22:00:00'),
('373450826', 'INDIVIDUAL', 'Sí', 'No', 'No', 'Sí', '2020-08-19 22:00:00'),
('374769924', 'CUADRUPLE', 'No', 'Sí', 'Sí', 'No', '2019-01-27 23:00:00'),
('375926626', 'CUADRUPLE', 'Sí', 'Sí', 'No', 'Sí', '2015-04-20 22:00:00'),
('400320301', 'TRIPLE', 'No', 'Sí', 'Sí', 'No', '2017-11-25 23:00:00'),
('403899367', 'INDIVIDUAL', 'No', 'No', 'Sí', 'No', '2020-08-22 22:00:00'),
('406855849', 'CUADRUPLE', 'Sí', 'Sí', 'Sí', 'No', '2019-08-05 22:00:00'),
('407529131', 'TRIPLE', 'Sí', 'Sí', 'No', 'No', '2012-12-25 23:00:00'),
('408611359', 'DOBLE', 'No', 'No', 'No', 'No', '2019-02-17 23:00:00'),
('420607712', 'DOBLE', 'No', 'No', 'Sí', 'No', '2019-12-03 23:00:00'),
('422505860', 'TRIPLE', 'No', 'No', 'Sí', 'Sí', '2012-01-11 23:00:00'),
('422519965', 'DOBLE', 'Sí', 'Sí', 'Sí', 'No', '2018-03-18 23:00:00'),
('423436988', 'DOBLE', 'Sí', 'No', 'Sí', 'No', '2016-09-10 22:00:00'),
('424855669', 'TRIPLE', 'No', 'No', 'No', 'Sí', '2014-10-04 22:00:00'),
('438824361', 'TRIPLE', 'No', 'Sí', 'Sí', 'No', '2020-06-30 22:00:00'),
('438962610', 'DOBLE', 'Sí', 'No', 'Sí', 'No', '2011-03-24 23:00:00'),
('445560981', 'INDIVIDUAL', 'No', 'Sí', 'Sí', 'No', '2016-06-19 22:00:00'),
('447756080', 'TRIPLE', 'Sí', 'Sí', 'Sí', 'No', '2013-12-07 23:00:00'),
('453067246', 'TRIPLE', 'Sí', 'No', 'Sí', 'No', '2013-05-26 22:00:00'),
('456258640', 'TRIPLE', 'No', 'Sí', 'No', 'No', '2013-09-22 22:00:00'),
('472531826', 'INDIVIDUAL', 'No', 'Sí', 'Sí', 'Sí', '2020-12-09 23:00:00'),
('485897940', 'CUADRUPLE', 'Sí', 'Sí', 'Sí', 'Sí', '2014-12-01 23:00:00'),
('492011233', 'DOBLE', 'No', 'Sí', 'No', 'Sí', '2021-02-06 23:00:00'),
('495356441', 'TRIPLE', 'No', 'Sí', 'Sí', 'Sí', '2018-04-01 22:00:00'),
('495646950', 'TRIPLE', 'Sí', 'Sí', 'Sí', 'No', '2015-01-18 23:00:00'),
('495711159', 'DOBLE', 'No', 'No', 'Sí', 'No', '2016-06-09 22:00:00'),
('497250698', 'TRIPLE', 'Sí', 'Sí', 'No', 'No', '2014-02-08 23:00:00'),
('502575409', 'DOBLE', 'Sí', 'Sí', 'No', 'Sí', '2018-02-23 23:00:00'),
('504056705', 'TRIPLE', 'Sí', 'No', 'Sí', 'No', '2012-09-17 22:00:00'),
('507029250', 'CUADRUPLE', 'No', 'No', 'Sí', 'No', '2012-08-30 22:00:00'),
('522838843', 'CUADRUPLE', 'No', 'No', 'Sí', 'No', '2013-08-21 22:00:00'),
('540176796', 'DOBLE', 'No', 'No', 'Sí', 'Sí', '2012-09-27 22:00:00'),
('540443954', 'TRIPLE', 'Sí', 'Sí', 'No', 'No', '2016-08-25 22:00:00'),
('542884962', 'INDIVIDUAL', 'No', 'No', 'Sí', 'Sí', '2021-01-13 23:00:00'),
('555142478', 'TRIPLE', 'No', 'No', 'No', 'No', '2020-06-07 22:00:00'),
('562958947', 'DOBLE', 'No', 'Sí', 'No', 'No', '2016-03-01 23:00:00'),
('565939912', 'DOBLE', 'Sí', 'No', 'Sí', 'No', '2017-12-22 23:00:00'),
('568212495', 'TRIPLE', 'Sí', 'Sí', 'Sí', 'Sí', '2020-11-08 23:00:00'),
('570377776', 'CUADRUPLE', 'No', 'No', 'Sí', 'Sí', '2020-10-02 22:00:00'),
('570946867', 'TRIPLE', 'No', 'Sí', 'Sí', 'Sí', '2016-03-02 23:00:00'),
('576610140', 'TRIPLE', 'Sí', 'No', 'Sí', 'Sí', '2016-06-26 22:00:00'),
('577324732', 'INDIVIDUAL', 'No', 'Sí', 'No', 'No', '2012-11-27 23:00:00'),
('582801188', 'INDIVIDUAL', 'Sí', 'Sí', 'Sí', 'No', '2016-08-17 22:00:00'),
('597460701', 'CUADRUPLE', 'No', 'Sí', 'Sí', 'Sí', '2014-04-27 22:00:00'),
('625465927', 'CUADRUPLE', 'Sí', 'Sí', 'No', 'No', '2014-03-03 23:00:00'),
('626044282', 'DOBLE', 'Sí', 'No', 'No', 'Sí', '2021-01-12 23:00:00'),
('627935723', 'CUADRUPLE', 'Sí', 'No', 'Sí', 'No', '2015-07-14 22:00:00'),
('646289000', 'TRIPLE', 'No', 'No', 'No', 'Sí', '2015-06-20 22:00:00'),
('649163263', 'DOBLE', 'Sí', 'Sí', 'No', 'No', '2015-07-26 22:00:00'),
('651889357', 'DOBLE', 'Sí', 'Sí', 'No', 'Sí', '2019-10-31 23:00:00'),
('659369380', 'DOBLE', 'No', 'Sí', 'Sí', 'No', '2011-09-29 22:00:00'),
('666726588', 'TRIPLE', 'No', 'No', 'No', 'No', '2016-08-07 22:00:00'),
('669715199', 'TRIPLE', 'No', 'No', 'Sí', 'Sí', '2019-09-25 22:00:00'),
('671420950', 'TRIPLE', 'No', 'Sí', 'No', 'Sí', '2017-04-24 22:00:00'),
('673775660', 'TRIPLE', 'No', 'No', 'Sí', 'No', '2019-05-09 22:00:00'),
('675482994', 'CUADRUPLE', 'Sí', 'No', 'No', 'Sí', '2020-07-19 22:00:00'),
('676524624', 'DOBLE', 'Sí', 'No', 'Sí', 'No', '2019-11-23 23:00:00'),
('679970779', 'DOBLE', 'Sí', 'No', 'Sí', 'Sí', '2019-01-05 23:00:00'),
('683057710', 'INDIVIDUAL', 'Sí', 'No', 'Sí', 'Sí', '2015-12-25 23:00:00'),
('684182659', 'CUADRUPLE', 'Sí', 'No', 'No', 'Sí', '2021-02-12 23:00:00'),
('687253944', 'CUADRUPLE', 'No', 'Sí', 'No', 'Sí', '2019-04-16 22:00:00'),
('696246422', 'CUADRUPLE', 'Sí', 'No', 'No', 'Sí', '2015-02-08 23:00:00'),
('710313203', 'TRIPLE', 'Sí', 'No', 'No', 'No', '2014-05-24 22:00:00'),
('712504347', 'TRIPLE', 'No', 'No', 'No', 'Sí', '2012-12-04 23:00:00'),
('718216405', 'CUADRUPLE', 'No', 'Sí', 'No', 'Sí', '2016-02-11 23:00:00'),
('721663735', 'TRIPLE', 'Sí', 'No', 'Sí', 'No', '2018-12-17 23:00:00');

-- --------------------------------------------------------

--
-- Estructura de tabla para la tabla `hotel`
--

DROP TABLE IF EXISTS `hotel`;
CREATE TABLE IF NOT EXISTS `hotel` (
  `ID_HOTEL` varchar(6) COLLATE utf8_spanish_ci NOT NULL,
  `CALLE` varchar(32) COLLATE utf8_spanish_ci NOT NULL,
  `PAIS` varchar(32) COLLATE utf8_spanish_ci NOT NULL,
  `CIUDAD` varchar(32) COLLATE utf8_spanish_ci NOT NULL,
  `ESTRELLAS` decimal(1,0) UNSIGNED NOT NULL,
  `NOMBRE` varchar(40) COLLATE utf8_spanish_ci NOT NULL,
  `PARKING` enum('ABIERTO','CERRADO') COLLATE utf8_spanish_ci DEFAULT NULL,
  `TRASLADO_AEROPUERTO` enum('Sí','No') COLLATE utf8_spanish_ci NOT NULL,
  `VALORACION` decimal(2,1) NOT NULL,
  `TIPO` enum('HISTORICO','CONCEPTUAL','MODERNO','TRADICIONAL') COLLATE utf8_spanish_ci NOT NULL,
  `TIENE_ASCENSOR` enum('Sí','No') COLLATE utf8_spanish_ci NOT NULL,
  `PRESUPUESTO` decimal(11,2) NOT NULL,
  `INGRESOS` decimal(11,2) NOT NULL,
  `PRES_MARKETING` decimal(11,2) NOT NULL,
  `TIENE_SH` enum('Sí','No') COLLATE utf8_spanish_ci NOT NULL,
  `DISTANCIA_CENTRO` enum('< 500m','< 1Km','< 2Km','< 3Km','< 5Km') COLLATE utf8_spanish_ci DEFAULT NULL,
  `DISTANCIA_PLAYA` enum('< 500m','< 1Km','< 2Km','< 3Km','< 5Km') COLLATE utf8_spanish_ci DEFAULT NULL,
  `ULTIMA_ACTUALIZACION` timestamp NOT NULL DEFAULT current_timestamp() ON UPDATE current_timestamp(),
  PRIMARY KEY (`ID_HOTEL`)
) ENGINE=InnoDB DEFAULT CHARSET=utf8 COLLATE=utf8_spanish_ci;

--
-- Volcado de datos para la tabla `hotel`
--

INSERT INTO `hotel` (`ID_HOTEL`, `CALLE`, `PAIS`, `CIUDAD`, `ESTRELLAS`, `NOMBRE`, `PARKING`, `TRASLADO_AEROPUERTO`, `VALORACION`, `TIPO`, `TIENE_ASCENSOR`, `PRESUPUESTO`, `INGRESOS`, `PRES_MARKETING`, `TIENE_SH`, `DISTANCIA_CENTRO`, `DISTANCIA_PLAYA`, `ULTIMA_ACTUALIZACION`) VALUES
('000329', '9876 Upton Throughway', 'Ghana', 'Kumasi', '3', 'Kerluke, Flatley and Konopelski', 'CERRADO', 'No', '4.2', 'TRADICIONAL', 'Sí', '693165992.48', '768373884.60', '340514715.42', 'Sí', NULL, NULL, '2021-03-06 10:50:24'),
('002139', '35373 Borer Springs', 'Grecia', 'Atenas', '5', 'Trantow and Sons', 'CERRADO', 'Sí', '4.8', 'MODERNO', 'No', '432650357.72', '878976291.97', '90233524.11', 'No', NULL, NULL, '2021-03-06 10:35:24'),
('016203', '354 Watson Points', 'Japon', 'Tokio', '3', 'Schmeler-Koss', 'CERRADO', 'Sí', '5.8', 'CONCEPTUAL', 'Sí', '168152680.53', '686906789.53', '16029369.25', 'No', NULL, NULL, '2021-03-06 10:35:24'),
('025680', '531 Lisa Streets Apt. 162', 'España', 'Vigo', '3', 'Kessler PLC', 'ABIERTO', 'Sí', '4.6', 'CONCEPTUAL', 'No', '717499092.30', '593839165.18', '305278522.59', 'Sí', NULL, NULL, '2021-03-06 10:51:06'),
('038070', '53165 Emiliano Glen', 'Grecia', 'Tripoli', '0', 'Bosco, Hartmann and Adams', 'ABIERTO', 'No', '5.4', 'TRADICIONAL', 'No', '624915428.59', '206541597.36', '302702630.14', 'Sí', NULL, NULL, '2021-03-06 10:51:06'),
('041776', '499 Everardo Valley', 'España', 'Vigo', '0', 'Hauck-Wunsch', 'CERRADO', 'No', '5.6', 'MODERNO', 'Sí', '850908516.92', '230237238.96', '247650605.81', 'No', NULL, NULL, '2021-03-06 10:51:06'),
('043776', '37995 Gavin Stravenue', 'Canada', 'Vancouver', '3', 'Anderson Ltd', 'CERRADO', 'Sí', '2.4', 'TRADICIONAL', 'Sí', '639777308.92', '665588375.64', '351157378.31', 'Sí', NULL, NULL, '2021-03-06 10:51:06'),
('045712', '783 Edison Crossing Suite 033', 'Suiza', 'Zug', '4', 'Wolf-Mohr', 'ABIERTO', 'No', '2.4', 'HISTORICO', 'Sí', '887240268.28', '17447250.62', '386501487.22', 'No', NULL, NULL, '2021-03-06 10:51:06'),
('055062', '149 Davis Springs Suite 892', 'Suiza', 'Zug', '0', 'Rosenbaum, Herman and Thompson', 'ABIERTO', 'No', '6.2', 'HISTORICO', 'No', '898635338.05', '492322760.86', '318834953.57', 'No', NULL, NULL, '2021-03-06 10:51:06'),
('055403', '5144 Nora Unions Apt. 272', 'Ghana', 'Kumasi', '1', 'Mosciski Ltd', 'ABIERTO', 'No', '7.2', 'CONCEPTUAL', 'Sí', '700525736.53', '901268268.45', '327235777.48', 'Sí', NULL, NULL, '2021-03-06 10:42:25'),
('066510', '4589 Aufderhar Harbor Apt. 941', 'Suiza', 'Zug', '4', 'Price LLC', 'CERRADO', 'Sí', '2.4', 'HISTORICO', 'No', '652692824.72', '674005737.63', '354082098.98', 'No', NULL, NULL, '2021-03-06 10:35:24'),
('066922', '75280 Zboncak Station Suite 166', 'Libano', 'Beirut', '0', 'Runte-Toy', 'ABIERTO', 'Sí', '4.2', 'MODERNO', 'Sí', '900124101.88', '978669955.66', '409420626.46', 'No', NULL, NULL, '2021-03-06 10:51:06'),
('070407', '388 Bill Port Suite 076', 'Venezuela', 'Caracas', '3', 'Boyle Inc', 'ABIERTO', 'No', '3.6', 'MODERNO', 'Sí', '493669789.02', '677180770.42', '227336957.37', 'Sí', NULL, NULL, '2021-03-06 10:42:25'),
('072446', '170 Tess Canyon Apt. 264', 'Islandia', 'Vestmannaeyjar', '3', 'Kunze-Watsica', 'ABIERTO', 'Sí', '8.2', 'CONCEPTUAL', 'No', '885462747.41', '975227443.91', '387808958.99', 'No', NULL, NULL, '2021-03-06 10:42:25'),
('079873', '6191 Jack Spurs', 'España', 'Madrid', '5', 'Ullrich, Dare and Farrell', 'ABIERTO', 'No', '2.2', 'CONCEPTUAL', 'No', '480265188.71', '339126714.66', '296183169.67', 'Sí', NULL, NULL, '2021-03-06 10:51:06'),
('080823', '6057 Beth Gardens', 'Suiza', 'Berna', '2', 'Davis, Feest and Considine', 'CERRADO', 'Sí', '7.0', 'MODERNO', 'Sí', '983731330.78', '395628343.39', '448284949.44', 'No', NULL, NULL, '2021-03-06 10:51:06'),
('082891', '89995 Schamberger Overpass Apt. ', 'España', 'Barcelona', '3', 'Wiegand, Bogan and Collier', 'CERRADO', 'No', '9.0', 'CONCEPTUAL', 'Sí', '564026602.71', '664807353.94', '241612167.35', 'Sí', NULL, NULL, '2021-03-06 10:50:24'),
('083949', '7976 Fadel Mountains', 'Canada', 'Toronto', '0', 'Gusikowski, Dietrich and Turcotte', 'CERRADO', 'Sí', '5.2', 'MODERNO', 'Sí', '796208858.06', '596368573.43', '308433463.25', 'No', NULL, NULL, '2021-03-06 10:51:06'),
('085735', '92152 Ritchie Burg', 'Grecia', 'Atenas', '5', 'Russel, Heaney and Littel', 'CERRADO', 'No', '3.8', 'CONCEPTUAL', 'No', '478752738.07', '191814897.25', '281825161.03', 'No', NULL, NULL, '2021-03-06 10:51:06'),
('088100', '352 Hilpert Mountain Apt. 530', 'Japon', 'Tokio', '5', 'Heathcote Ltd', 'ABIERTO', 'Sí', '6.4', 'HISTORICO', 'No', '384860882.33', '692226114.31', '238252522.65', 'Sí', NULL, NULL, '2021-03-06 10:35:24'),
('088915', '43960 Janis Isle', 'Suiza', 'Berna', '4', 'Langworth, Deckow and O\'Conner', 'ABIERTO', 'Sí', '7.4', 'TRADICIONAL', 'No', '747136696.31', '75497072.52', '246040316.26', 'No', NULL, NULL, '2021-03-06 10:51:06'),
('093128', '17826 Konopelski Lodge Apt. 103', 'Grecia', 'Atenas', '3', 'Gaylord, Ruecker and Moen', 'ABIERTO', 'No', '4.2', 'MODERNO', 'No', '985830290.18', '940437960.94', '389092760.53', 'No', NULL, NULL, '2021-03-06 10:51:06'),
('093643', '4132 Jody Mission', 'España', 'Vigo', '0', 'Zemlak-Koch', 'CERRADO', 'Sí', '3.4', 'CONCEPTUAL', 'No', '582386824.92', '936354449.45', '279231323.51', 'No', NULL, NULL, '2021-03-06 10:42:25'),
('094433', '668 Nicolas Shores', 'Suiza', 'Berna', '3', 'Kihn-Eichmann', 'ABIERTO', 'Sí', '6.8', 'HISTORICO', 'Sí', '483906693.03', '967202427.28', '206381534.92', 'Sí', NULL, NULL, '2021-03-06 10:35:24'),
('100481', '048 Smith Throughway Apt. 209', 'Suiza', 'Berna', '3', 'Lind, Gaylord and Walker', 'ABIERTO', 'Sí', '2.6', 'TRADICIONAL', 'No', '823218442.99', '898822453.44', '210489032.87', 'No', NULL, NULL, '2021-03-06 10:51:06'),
('114234', '84338 Carter Bypass', 'Venezuela', 'Maracay', '4', 'Senger, Hudson and Balistreri', 'ABIERTO', 'No', '3.4', 'HISTORICO', 'Sí', '972535395.94', '779091745.04', '485772122.31', 'Sí', NULL, NULL, '2021-03-06 10:51:06'),
('115395', '0311 Hauck Extensions Suite 939', 'Libano', 'Beirut', '2', 'Koss Ltd', 'CERRADO', 'Sí', '6.6', 'HISTORICO', 'No', '706992025.58', '554981787.95', '161076252.59', 'No', NULL, NULL, '2021-03-06 10:51:06'),
('117824', '577 Abbey Creek', 'Argentina', 'Mar del Plata', '5', 'Bednar-Lemke', 'CERRADO', 'Sí', '4.4', 'MODERNO', 'Sí', '496107750.31', '421010458.10', '70558148.21', 'Sí', NULL, NULL, '2021-03-06 10:51:06'),
('123291', '2155 Felipa Meadow', 'España', 'Vigo', '5', 'McGlynn and Sons', 'CERRADO', 'Sí', '3.6', 'MODERNO', 'Sí', '571170455.47', '438520779.52', '15774366.66', 'No', NULL, NULL, '2021-03-06 10:51:06'),
('124278', '979 Kutch Shoal Apt. 971', 'Canada', 'Vancouver', '3', 'Hintz-Graham', 'CERRADO', 'Sí', '4.8', 'HISTORICO', 'No', '699803705.88', '744363699.64', '248926409.86', 'Sí', NULL, NULL, '2021-03-06 10:42:25'),
('132678', '99969 Goodwin Plaza Apt. 909', 'Ghana', 'Acra', '3', 'Boehm-Gottlieb', 'ABIERTO', 'Sí', '3.2', 'HISTORICO', 'Sí', '339596813.36', '781646158.59', '161049112.45', 'Sí', NULL, NULL, '2021-03-06 10:35:24'),
('138311', '7796 Kris Spur Apt. 567', 'Islandia', 'Reiquiavik', '4', 'Hackett-Sipes', 'ABIERTO', 'Sí', '2.6', 'MODERNO', 'No', '573743756.09', '616482706.26', '135935817.63', 'No', NULL, NULL, '2021-03-06 10:51:06'),
('139973', '9784 Grady Stravenue Apt. 001', 'Canada', 'Vancouver', '3', 'Yundt-Carroll', 'CERRADO', 'Sí', '3.2', 'CONCEPTUAL', 'Sí', '971952208.26', '999999999.99', '370279819.10', 'No', NULL, NULL, '2021-03-06 10:51:06'),
('143424', '1777 Kareem Motorway Suite 558', 'Suiza', 'Zug', '1', 'Konopelski-Huel', 'ABIERTO', 'No', '3.2', 'MODERNO', 'No', '838420417.64', '947574883.27', '82892323.18', 'Sí', NULL, NULL, '2021-03-06 10:51:06'),
('144395', '72959 Ratke Path Suite 994', 'Japon', 'Hokkaido', '1', 'Frami and Sons', 'ABIERTO', 'No', '3.6', 'CONCEPTUAL', 'Sí', '851014318.42', '292384262.52', '177475639.80', 'Sí', NULL, NULL, '2021-03-06 10:51:06'),
('152618', '77671 Greenholt Park Apt. 255', 'España', 'Madrid', '3', 'Hamill and Sons', 'CERRADO', 'Sí', '7.4', 'MODERNO', 'Sí', '886943828.77', '969454970.44', '330886953.83', 'Sí', NULL, NULL, '2021-03-06 10:51:06'),
('152676', '34686 Hagenes Falls Apt. 886', 'Suiza', 'Zug', '4', 'Leffler, Jones and Collier', 'ABIERTO', 'Sí', '5.8', 'CONCEPTUAL', 'No', '771948663.11', '906188624.62', '81057385.85', 'No', NULL, NULL, '2021-03-06 10:50:24'),
('169154', '14677 Shaina Stream', 'Islandia', 'Vestmannaeyjar', '1', 'Mohr-Collier', 'CERRADO', 'No', '4.2', 'CONCEPTUAL', 'No', '895937530.78', '233451240.83', '256805313.20', 'Sí', NULL, NULL, '2021-03-06 10:51:06'),
('169469', '7371 Bailey Walks', 'Libano', 'Beirut', '5', 'Bode-Hegmann', 'CERRADO', 'No', '6.8', 'HISTORICO', 'Sí', '721024827.18', '789987572.51', '85192346.59', 'No', NULL, NULL, '2021-03-06 10:35:24'),
('170092', '33370 Schuppe Unions Suite 875', 'Venezuela', 'Caracas', '3', 'Ullrich-Kunze', 'CERRADO', 'Sí', '4.6', 'TRADICIONAL', 'No', '494419008.69', '234105053.41', '180678873.08', 'No', NULL, NULL, '2021-03-06 10:51:06'),
('170279', '517 Erling Flat', 'Grecia', 'Tripoli', '4', 'Dooley, Douglas and Botsford', 'CERRADO', 'No', '9.8', 'CONCEPTUAL', 'Sí', '801552892.70', '815536587.80', '240388839.09', 'No', NULL, NULL, '2021-03-06 10:50:24'),
('172175', '09389 Kari Bridge', 'Argentina', 'Buenos Aires', '3', 'Ritchie, Klocko and Wehner', 'CERRADO', 'No', '8.0', 'HISTORICO', 'Sí', '921465434.11', '733662423.31', '282796880.56', 'Sí', NULL, NULL, '2021-03-06 10:51:06'),
('178538', '97607 Jamal Center', 'Suiza', 'Zug', '2', 'Kirlin Group', 'ABIERTO', 'Sí', '6.6', 'TRADICIONAL', 'Sí', '452372987.98', '790377615.06', '287158979.18', 'No', NULL, NULL, '2021-03-06 10:35:24'),
('182348', '2698 Monahan Squares Suite 650', 'España', 'Vigo', '0', 'Satterfield, Pacocha and Veum', 'ABIERTO', 'No', '2.6', 'MODERNO', 'No', '862946157.35', '979795118.64', '218516187.63', 'No', NULL, NULL, '2021-03-06 10:50:24'),
('183643', '40748 Kailee Route', 'Grecia', 'Atenas', '1', 'Huel, Sipes and Kub', 'ABIERTO', 'No', '3.6', 'CONCEPTUAL', 'No', '874455364.42', '999999999.99', '316338280.96', 'Sí', NULL, NULL, '2021-03-06 10:50:24'),
('193328', '7696 Shanahan Ridge', 'España', 'Madrid', '3', 'Hermann-Harris', 'CERRADO', 'No', '6.6', 'CONCEPTUAL', 'No', '972724601.57', '995019992.28', '47770370.27', 'Sí', NULL, NULL, '2021-03-06 10:35:24'),
('199313', '134 Helena Point', 'Suiza', 'Zug', '4', 'Hane, Cole and Block', 'CERRADO', 'No', '4.0', 'HISTORICO', 'Sí', '853925298.44', '269447252.23', '136871786.19', 'No', NULL, NULL, '2021-03-06 10:51:06'),
('205388', '946 Enos Skyway Apt. 982', 'Argentina', 'Buenos Aires', '0', 'West PLC', 'ABIERTO', 'Sí', '2.6', 'TRADICIONAL', 'No', '879612084.01', '258829613.20', '575352163.37', 'Sí', NULL, NULL, '2021-03-06 10:51:06'),
('224300', '6042 Joesph Pines', 'Suiza', 'Zug', '5', 'Little PLC', 'ABIERTO', 'No', '4.2', 'CONCEPTUAL', 'No', '986903387.99', '623155127.66', '389645144.55', 'Sí', NULL, NULL, '2021-03-06 10:51:06'),
('244944', '42654 Monahan Locks Suite 126', 'Venezuela', 'Maracay', '0', 'Prohaska and Sons', 'ABIERTO', 'No', '2.2', 'HISTORICO', 'No', '942729624.42', '57049726.08', '464702611.29', 'No', NULL, NULL, '2021-03-06 10:51:06'),
('245069', '053 Joelle Centers Suite 033', 'España', 'Barcelona', '2', 'Legros PLC', 'CERRADO', 'Sí', '4.8', 'MODERNO', 'Sí', '777313652.50', '8213138.58', '435634084.09', 'Sí', NULL, NULL, '2021-03-06 10:51:06'),
('250865', '94435 Bartell Forks', 'España', 'Barcelona', '4', 'Smith-Turcotte', 'CERRADO', 'Sí', '7.2', 'MODERNO', 'No', '546365829.82', '461685873.47', '230724434.50', 'Sí', NULL, NULL, '2021-03-06 10:51:06'),
('261454', '419 Eden Valley Apt. 233', 'Argentina', 'Mar del Plata', '4', 'McGlynn, West and Blick', 'CERRADO', 'Sí', '2.6', 'HISTORICO', 'No', '468891915.15', '168904121.64', '253945612.94', 'No', NULL, NULL, '2021-03-06 10:51:06'),
('269210', '74298 Josephine Park Suite 967', 'Japon', 'Tokio', '1', 'O\'Reilly Ltd', 'ABIERTO', 'Sí', '3.2', 'MODERNO', 'No', '804656070.23', '347053029.86', '140169240.50', 'Sí', NULL, NULL, '2021-03-06 10:51:06'),
('272571', '2779 Wintheiser Park', 'Argentina', 'Mar del Plata', '4', 'Kiehn, Lang and Erdman', 'CERRADO', 'No', '9.9', 'MODERNO', 'No', '792481769.85', '618622358.04', '195131622.22', 'No', NULL, NULL, '2021-03-06 10:51:06'),
('274150', '3749 Dickens Mountain Apt. 790', 'España', 'Barcelona', '5', 'Hayes-Hauck', 'CERRADO', 'Sí', '5.2', 'HISTORICO', 'No', '240619780.37', '378148434.95', '85245521.30', 'No', NULL, NULL, '2021-03-06 10:42:25'),
('275038', '04214 Whitney Course Suite 638', 'España', 'Vigo', '0', 'Koepp, O\'Reilly and Pfannerstill', 'ABIERTO', 'Sí', '2.8', 'HISTORICO', 'Sí', '629527317.02', '403108220.33', '253089591.57', 'No', NULL, NULL, '2021-03-06 10:51:06'),
('288440', '295 Kaci Trafficway Apt. 497', 'Ghana', 'Kumasi', '0', 'Hauck LLC', 'ABIERTO', 'No', '9.4', 'TRADICIONAL', 'No', '214430340.45', '469448770.61', '95921426.31', 'No', NULL, NULL, '2021-03-06 10:42:25'),
('295466', '8170 Giovanni Grove Apt. 734', 'Canada', 'Vancouver', '5', 'Grimes-Graham', 'CERRADO', 'No', '3.8', 'HISTORICO', 'Sí', '795304133.13', '322469436.95', '48614728.02', 'No', NULL, NULL, '2021-03-06 10:51:06'),
('296057', '0444 Della Points', 'Japon', 'Hokkaido', '4', 'Labadie, Beer and Morar', 'CERRADO', 'Sí', '8.6', 'MODERNO', 'Sí', '865506461.36', '999999999.99', '538040066.65', 'No', NULL, NULL, '2021-03-06 10:50:24'),
('296530', '894 Raheem Street', 'Canada', 'Vancouver', '4', 'Lebsack, Nicolas and Daugherty', 'CERRADO', 'Sí', '2.2', 'MODERNO', 'Sí', '685043394.67', '488941577.56', '316783480.59', 'No', NULL, NULL, '2021-03-06 10:51:06'),
('301812', '007 Schamberger Crescent Suite 8', 'Grecia', 'Atenas', '2', 'Lebsack, Mann and Wolff', 'ABIERTO', 'Sí', '9.2', 'MODERNO', 'No', '209554423.00', '222836601.17', '79561576.10', 'No', NULL, NULL, '2021-03-06 10:51:06'),
('307206', '0394 Louisa Valleys Suite 032', 'Japon', 'Hokkaido', '3', 'Powlowski, Wehner and Beatty', 'ABIERTO', 'No', '7.2', 'HISTORICO', 'Sí', '765936674.61', '987489426.91', '16951932.31', 'Sí', NULL, NULL, '2021-03-06 10:35:24'),
('308004', '5319 Wilfrid Spur', 'Ghana', 'Kumasi', '2', 'Schulist-Daniel', 'ABIERTO', 'Sí', '4.4', 'TRADICIONAL', 'No', '918824427.27', '929329966.49', '382525029.42', 'Sí', NULL, NULL, '2021-03-06 10:51:06'),
('311328', '7711 Rose Well Suite 822', 'Grecia', 'Atenas', '1', 'Runolfsdottir, Vandervort and Kunde', 'ABIERTO', 'No', '6.8', 'MODERNO', 'Sí', '700885299.22', '766077607.00', '67848247.61', 'No', NULL, NULL, '2021-03-06 10:35:24'),
('319356', '7703 Marcos Dale', 'Grecia', 'Atenas', '1', 'Wiegand-Hauck', 'ABIERTO', 'Sí', '9.4', 'HISTORICO', 'No', '959079714.45', '963097897.03', '472873265.47', 'No', NULL, NULL, '2021-03-06 10:50:24'),
('326461', '444 Orn Lights', 'Japon', 'Tokio', '3', 'Dickens PLC', 'ABIERTO', 'No', '2.6', 'MODERNO', 'No', '903112001.70', '999669440.95', '578062859.29', 'No', NULL, NULL, '2021-03-06 10:35:24'),
('327080', '251 Strosin Track', 'España', 'Madrid', '0', 'Krajcik-Connelly', 'CERRADO', 'Sí', '2.2', 'MODERNO', 'Sí', '464906828.70', '950393006.63', '112554074.27', 'No', NULL, NULL, '2021-03-06 10:35:24'),
('334723', '1087 Mariela Fields', 'España', 'Vigo', '1', 'Raynor, Fahey and Hilll', 'ABIERTO', 'Sí', '3.2', 'CONCEPTUAL', 'Sí', '982876742.66', '999999999.99', '285294714.73', 'Sí', NULL, NULL, '2021-03-06 10:50:24'),
('337496', '488 Giovanna Curve', 'Argentina', 'Buenos Aires', '2', 'Johnston, Franecki and Wilderman', 'ABIERTO', 'Sí', '9.9', 'MODERNO', 'No', '620133888.11', '719597405.18', '224806028.76', 'Sí', NULL, NULL, '2021-03-06 10:50:24'),
('342341', '0207 Kris Islands Apt. 625', 'Argentina', 'Mar del Plata', '5', 'Aufderhar, Hilll and Bruen', 'CERRADO', 'No', '9.2', 'CONCEPTUAL', 'No', '880298221.01', '407808147.23', '332015869.41', 'No', NULL, NULL, '2021-03-06 10:51:06'),
('350520', '961 Gottlieb Roads', 'Grecia', 'Tripoli', '2', 'Rolfson-Koepp', 'ABIERTO', 'No', '4.6', 'CONCEPTUAL', 'No', '505237805.85', '950684632.13', '301403134.36', 'Sí', NULL, NULL, '2021-03-06 10:35:24'),
('352504', '467 Aufderhar Cove', 'Islandia', 'Reiquiavik', '2', 'Treutel, Padberg and Wuckert', 'ABIERTO', 'Sí', '4.8', 'CONCEPTUAL', 'No', '733304314.39', '690556708.66', '263918866.02', 'No', NULL, NULL, '2021-03-06 10:51:06'),
('354687', '1606 Davis Curve', 'Argentina', 'Mar del Plata', '5', 'White LLC', 'ABIERTO', 'No', '3.4', 'HISTORICO', 'No', '865068649.41', '201861433.66', '350078216.40', 'Sí', NULL, NULL, '2021-03-06 10:51:06'),
('355247', '732 Schmeler Forges Suite 406', 'Suiza', 'Zug', '4', 'Weber-Mosciski', 'CERRADO', 'Sí', '3.2', 'HISTORICO', 'No', '966793040.69', '18991192.49', '428968123.38', 'No', NULL, NULL, '2021-03-06 10:51:06'),
('365693', '124 Herzog Motorway Suite 414', 'Ghana', 'Kumasi', '2', 'Harris-Russel', 'ABIERTO', 'Sí', '3.2', 'TRADICIONAL', 'No', '773337347.02', '391333259.06', '6902610.73', 'No', NULL, NULL, '2021-03-06 10:51:06'),
('366198', '078 Koss Highway', 'Suiza', 'Berna', '2', 'Lueilwitz-Langosh', 'ABIERTO', 'No', '3.4', 'HISTORICO', 'Sí', '312335538.05', '362453182.50', '119442112.65', 'No', NULL, NULL, '2021-03-06 10:35:24'),
('367927', '633 Mosciski Walks Apt. 217', 'Argentina', 'Buenos Aires', '4', 'Halvorson Inc', 'CERRADO', 'No', '6.2', 'TRADICIONAL', 'Sí', '782548334.96', '841771153.46', '346396150.88', 'No', NULL, NULL, '2021-03-06 10:50:24'),
('372161', '3627 Maegan Fords Apt. 017', 'España', 'Vigo', '1', 'Tillman, Stehr and Schaden', 'CERRADO', 'Sí', '6.8', 'MODERNO', 'No', '542948575.87', '983299344.25', '151627306.59', 'No', NULL, NULL, '2021-03-06 10:35:24'),
('379036', '66385 Herman Hill', 'España', 'Vigo', '4', 'Rath, Brown and O\'Conner', 'CERRADO', 'No', '7.0', 'TRADICIONAL', 'Sí', '984001117.70', '999999999.99', '364288764.94', 'No', NULL, NULL, '2021-03-06 10:51:06'),
('384320', '94543 Ledner Lane Suite 092', 'Ghana', 'Acra', '5', 'White, Boyle and Volkman', 'ABIERTO', 'Sí', '9.2', 'MODERNO', 'No', '676796611.04', '972001480.82', '292483798.01', 'Sí', NULL, NULL, '2021-03-06 10:42:25'),
('389479', '9193 Lowe Estate Apt. 850', 'España', 'Barcelona', '2', 'Hackett, Hodkiewicz and Berge', 'CERRADO', 'No', '4.4', 'HISTORICO', 'Sí', '896423573.59', '428756180.17', '89929532.08', 'Sí', NULL, NULL, '2021-03-06 10:51:06'),
('390386', '8385 Kiel Parkways Suite 481', 'Canada', 'Toronto', '3', 'O\'Kon, Blick and Fahey', 'ABIERTO', 'No', '3.8', 'MODERNO', 'Sí', '238414796.41', '261936505.65', '108317487.14', 'Sí', NULL, NULL, '2021-03-06 10:42:25'),
('391164', '8414 Schaden View', 'Grecia', 'Tripoli', '3', 'Paucek-Hodkiewicz', 'ABIERTO', 'No', '3.4', 'HISTORICO', 'No', '713250268.80', '680013987.72', '172803236.85', 'Sí', NULL, NULL, '2021-03-06 10:51:06'),
('401034', '27900 Samanta Flat Suite 143', 'Ghana', 'Acra', '5', 'Baumbach, McDermott and Upton', 'ABIERTO', 'Sí', '7.2', 'HISTORICO', 'Sí', '253154597.58', '344545664.08', '122890523.67', 'No', NULL, NULL, '2021-03-06 10:35:24'),
('401509', '09354 Velma Turnpike Apt. 303', 'Venezuela', 'Caracas', '4', 'Hermiston Inc', 'CERRADO', 'No', '8.0', 'HISTORICO', 'Sí', '404941355.13', '430857612.14', '141801581.54', 'No', NULL, NULL, '2021-03-06 10:50:24'),
('402848', '2709 Mazie Creek Apt. 880', 'Venezuela', 'Maracay', '5', 'Gleason, Hegmann and West', 'ABIERTO', 'No', '6.2', 'TRADICIONAL', 'No', '805543804.11', '178881567.02', '36628655.42', 'No', NULL, NULL, '2021-03-06 10:51:06'),
('407310', '10216 Barton Burgs Apt. 834', 'Islandia', 'Vestmannaeyjar', '4', 'Marvin-Ernser', 'ABIERTO', 'No', '7.8', 'TRADICIONAL', 'Sí', '972266186.44', '626026872.29', '122782841.70', 'No', NULL, NULL, '2021-03-06 10:51:06'),
('410968', '70339 Langworth Branch', 'España', 'Madrid', '5', 'Schoen-Hudson', 'CERRADO', 'Sí', '3.4', 'CONCEPTUAL', 'No', '845126690.36', '88607765.16', '418349490.16', 'No', NULL, NULL, '2021-03-06 10:51:06'),
('421721', '003 Flatley Viaduct Apt. 476', 'Grecia', 'Tripoli', '2', 'Lemke Ltd', 'CERRADO', 'No', '7.4', 'CONCEPTUAL', 'No', '695589964.84', '717931216.66', '66925547.45', 'No', NULL, NULL, '2021-03-06 10:35:24'),
('437025', '95004 Kuhn Glens Suite 155', 'Japon', 'Hokkaido', '4', 'Davis, Carter and Upton', 'ABIERTO', 'No', '4.8', 'HISTORICO', 'No', '911129966.82', '798301803.79', '453755758.27', 'No', NULL, NULL, '2021-03-06 10:51:06'),
('448272', '584 Raynor Way', 'Grecia', 'Atenas', '3', 'Bartell PLC', 'ABIERTO', 'No', '4.0', 'TRADICIONAL', 'Sí', '219836845.88', '248140227.85', '152017367.37', 'Sí', NULL, NULL, '2021-03-06 10:50:24'),
('468142', '54487 Lucile Wells Suite 121', 'Canada', 'Toronto', '2', 'Medhurst, Jacobs and Rogahn', 'ABIERTO', 'Sí', '4.2', 'MODERNO', 'No', '787450474.73', '928974995.82', '369643804.58', 'No', NULL, NULL, '2021-03-06 10:35:24'),
('475721', '449 Ofelia Glen Apt. 574', 'Islandia', 'Vestmannaeyjar', '3', 'Ruecker Group', 'ABIERTO', 'Sí', '3.4', 'CONCEPTUAL', 'No', '818836050.60', '136269978.96', '223206401.95', 'No', NULL, NULL, '2021-03-06 10:51:06'),
('477686', '79746 Rex Islands', 'España', 'Vigo', '4', 'Reichel, Kunde and Pfeffer', 'ABIERTO', 'Sí', '9.8', 'HISTORICO', 'No', '710996374.11', '390891883.46', '339391942.50', 'No', NULL, NULL, '2021-03-06 10:51:06'),
('482994', '933 Dickinson Extension', 'Japon', 'Hokkaido', '2', 'Lesch-Lehner', 'CERRADO', 'No', '7.8', 'CONCEPTUAL', 'Sí', '924327861.02', '896734068.06', '441689996.84', 'No', NULL, NULL, '2021-03-06 10:51:06'),
('494980', '30766 Durgan Rue Apt. 139', 'Argentina', 'Buenos Aires', '1', 'Gerhold, Grady and Stiedemann', 'ABIERTO', 'Sí', '7.2', 'MODERNO', 'Sí', '629135747.57', '458977807.96', '287646408.15', 'Sí', NULL, NULL, '2021-03-06 10:51:06'),
('500158', '655 Kathryne Branch', 'Ghana', 'Acra', '3', 'Batz-Goldner', 'ABIERTO', 'Sí', '3.6', 'MODERNO', 'Sí', '392276787.46', '1465470.49', '138275335.89', 'No', NULL, NULL, '2021-03-06 10:51:06'),
('501911', '887 Hansen Manor Apt. 446', 'Venezuela', 'Caracas', '3', 'Monahan-McDermott', 'ABIERTO', 'Sí', '3.2', 'CONCEPTUAL', 'Sí', '909737691.26', '999999999.99', '355566547.99', 'Sí', NULL, NULL, '2021-03-06 10:50:24'),
('502162', '623 Kiehn Haven', 'Venezuela', 'Caracas', '5', 'Tillman-Konopelski', 'ABIERTO', 'Sí', '7.6', 'CONCEPTUAL', 'No', '984909048.24', '986286279.59', '390755516.83', 'Sí', NULL, NULL, '2021-03-06 10:50:24'),
('502420', '1698 Runolfsdottir Walks', 'Suiza', 'Zug', '4', 'Keeling, Sawayn and Schinner', 'CERRADO', 'No', '8.0', 'CONCEPTUAL', 'No', '466818480.50', '620855350.18', '290527591.80', 'Sí', NULL, NULL, '2021-03-06 10:35:24'),
('509275', '646 Adams Skyway', 'Islandia', 'Reiquiavik', '4', 'Homenick, Ruecker and Kreiger', 'ABIERTO', 'No', '2.6', 'TRADICIONAL', 'Sí', '914203335.04', '569138625.92', '334290741.74', 'No', NULL, NULL, '2021-03-06 10:51:06'),
('511502', '71665 Alexandria Points Suite 93', 'Argentina', 'Mar del Plata', '3', 'Haley, Robel and Langworth', 'ABIERTO', 'No', '2.6', 'MODERNO', 'No', '253103806.04', '508594146.66', '99920890.08', 'No', NULL, NULL, '2021-03-06 10:42:25'),
('511670', '8413 Sam Villages Suite 834', 'Venezuela', 'Maracay', '0', 'Weber LLC', 'ABIERTO', 'Sí', '4.4', 'CONCEPTUAL', 'No', '672649947.57', '820949048.30', '253535842.86', 'Sí', NULL, NULL, '2021-03-06 10:42:25'),
('512005', '699 Lennie Summit', 'Venezuela', 'Maracay', '2', 'Kunze, Herzog and Ortiz', 'CERRADO', 'No', '3.8', 'TRADICIONAL', 'No', '429096498.76', '107005232.59', '171859934.18', 'No', NULL, NULL, '2021-03-06 10:51:06'),
('516092', '6145 Hudson Passage Suite 512', 'España', 'Barcelona', '3', 'Baumbach-Keebler', 'ABIERTO', 'No', '5.8', 'CONCEPTUAL', 'Sí', '701103338.13', '574901366.06', '259777554.34', 'No', NULL, NULL, '2021-03-06 10:51:06'),
('516595', '95892 Hand Ramp Suite 323', 'Argentina', 'Buenos Aires', '0', 'Rogahn Group', 'ABIERTO', 'No', '7.0', 'HISTORICO', 'No', '259134768.84', '362503049.70', '130531435.73', 'Sí', NULL, NULL, '2021-03-06 10:35:24'),
('519028', '552 Crist Manor Suite 061', 'Canada', 'Vancouver', '1', 'Murazik Group', 'ABIERTO', 'No', '6.6', 'TRADICIONAL', 'Sí', '593569468.39', '614568377.98', '175364620.25', 'No', NULL, NULL, '2021-03-06 10:35:24'),
('520781', '38666 Juliet Ridges Apt. 901', 'Japon', 'Tokio', '3', 'Lakin Group', 'CERRADO', 'No', '4.8', 'CONCEPTUAL', 'Sí', '266433177.37', '185228702.84', '128692961.80', 'No', NULL, NULL, '2021-03-06 10:51:06'),
('529092', '18695 Twila Plaza', 'Venezuela', 'Maracay', '1', 'Powlowski, Nitzsche and Harber', 'CERRADO', 'No', '3.0', 'TRADICIONAL', 'No', '760926526.10', '338800689.48', '359116631.47', 'Sí', NULL, NULL, '2021-03-06 10:51:06'),
('533597', '510 Funk Cape', 'Grecia', 'Atenas', '1', 'Johns-Dooley', 'ABIERTO', 'Sí', '9.6', 'MODERNO', 'No', '757469133.07', '782179464.63', '311068373.47', 'No', NULL, NULL, '2021-03-06 10:42:25'),
('536085', '49216 Price Route Apt. 795', 'Argentina', 'Mar del Plata', '1', 'O\'Hara Inc', 'ABIERTO', 'No', '3.0', 'HISTORICO', 'Sí', '891356534.31', '388838146.19', '245124285.24', 'No', NULL, NULL, '2021-03-06 10:51:06'),
('546778', '446 Quentin Fort', 'Ghana', 'Kumasi', '0', 'Wuckert Group', 'CERRADO', 'Sí', '5.6', 'HISTORICO', 'No', '681058068.40', '33813043.97', '310221495.14', 'No', NULL, NULL, '2021-03-06 10:51:06'),
('567561', '583 Billy Summit Suite 739', 'España', 'Vigo', '4', 'Towne, Wyman and McLaughlin', 'ABIERTO', 'Sí', '4.2', 'MODERNO', 'Sí', '497561273.83', '859622282.91', '181607173.63', 'Sí', NULL, NULL, '2021-03-06 10:42:25'),
('570163', '087 Aliyah Park', 'Grecia', 'Atenas', '2', 'Feest, Pollich and Dooley', 'CERRADO', 'Sí', '8.4', 'TRADICIONAL', 'No', '416713106.22', '512317248.81', '191052530.78', 'Sí', NULL, NULL, '2021-03-06 10:42:25'),
('571304', '156 Metz Estate', 'Venezuela', 'Maracay', '5', 'Schmeler-Fay', 'CERRADO', 'No', '2.6', 'MODERNO', 'No', '460991787.94', '538238261.92', '181991366.34', 'Sí', NULL, NULL, '2021-03-06 10:50:24'),
('573112', '3272 Aiyana Parkways', 'Islandia', 'Vestmannaeyjar', '2', 'Miller-Runte', 'ABIERTO', 'Sí', '3.0', 'CONCEPTUAL', 'No', '987193448.41', '954667756.34', '220204689.90', 'No', NULL, NULL, '2021-03-06 10:51:06'),
('576470', '3019 Tromp Prairie Suite 627', 'Libano', 'Beirut', '5', 'Ondricka LLC', 'ABIERTO', 'Sí', '5.4', 'TRADICIONAL', 'No', '700891812.42', '911369097.86', '326251128.18', 'No', NULL, NULL, '2021-03-06 10:42:25'),
('577036', '886 Kennith Lakes', 'Canada', 'Vancouver', '4', 'Huel, Bahringer and D\'Amore', 'ABIERTO', 'Sí', '4.4', 'MODERNO', 'Sí', '904080791.85', '999999999.99', '445538303.87', 'Sí', NULL, NULL, '2021-03-06 10:51:06'),
('582212', '56003 Vena Village Suite 835', 'Islandia', 'Vestmannaeyjar', '2', 'Johnston PLC', 'CERRADO', 'No', '3.6', 'CONCEPTUAL', 'Sí', '330779892.22', '164651838.68', '44721639.37', 'No', NULL, NULL, '2021-03-06 10:51:06'),
('582985', '03162 Brain Court Apt. 494', 'Suiza', 'Berna', '4', 'Prosacco, Gorczany and Boyle', 'CERRADO', 'No', '9.9', 'TRADICIONAL', 'Sí', '463032436.78', '729600572.57', '166495963.73', 'No', NULL, NULL, '2021-03-06 10:42:25'),
('598426', '75574 Efrain Island', 'Venezuela', 'Maracay', '0', 'Donnelly-Medhurst', 'CERRADO', 'No', '5.8', 'MODERNO', 'Sí', '576300530.39', '966844147.02', '109595912.11', 'Sí', NULL, NULL, '2021-03-06 10:35:24'),
('600988', '431 Kuhic Ridge Suite 369', 'Ghana', 'Kumasi', '5', 'Kirlin, Auer and Breitenberg', 'ABIERTO', 'Sí', '5.0', 'TRADICIONAL', 'No', '840995968.34', '573121852.49', '333620320.00', 'No', NULL, NULL, '2021-03-06 10:51:06'),
('603705', '14108 Elenor Flats Suite 216', 'Suiza', 'Berna', '0', 'Gorczany, Howell and Quigley', 'ABIERTO', 'No', '6.6', 'MODERNO', 'No', '582728562.10', '696474908.29', '231024249.49', 'Sí', NULL, NULL, '2021-03-06 10:51:06'),
('604761', '904 Misty Street', 'Argentina', 'Mar del Plata', '2', 'Murray-Konopelski', 'ABIERTO', 'Sí', '7.6', 'MODERNO', 'No', '956815243.65', '92889875.65', '576082033.71', 'Sí', NULL, NULL, '2021-03-06 10:51:06'),
('608739', '03150 Retha Glens Suite 299', 'España', 'Madrid', '4', 'Dibbert Group', 'ABIERTO', 'Sí', '4.8', 'HISTORICO', 'Sí', '565780747.85', '187719558.38', '232268958.41', 'No', NULL, NULL, '2021-03-06 10:51:06'),
('608944', '09468 Ziemann Keys Suite 220', 'Islandia', 'Reiquiavik', '0', 'Emard, Parker and Medhurst', 'ABIERTO', 'Sí', '7.6', 'MODERNO', 'Sí', '982242588.36', '94731487.73', '293723577.70', 'No', NULL, NULL, '2021-03-06 10:51:06'),
('625589', '340 Sandy Gateway Apt. 889', 'Islandia', 'Reiquiavik', '5', 'Marks-Stiedemann', 'ABIERTO', 'Sí', '8.2', 'CONCEPTUAL', 'No', '533439485.54', '609648297.68', '17069513.41', 'No', NULL, NULL, '2021-03-06 10:35:24'),
('637398', '372 Devon Isle Apt. 612', 'Canada', 'Vancouver', '3', 'Heidenreich Ltd', 'ABIERTO', 'Sí', '4.4', 'MODERNO', 'Sí', '536010117.45', '553380071.30', '140913817.45', 'Sí', NULL, NULL, '2021-03-06 10:51:06'),
('641086', '44684 Melany Valley Apt. 831', 'Canada', 'Toronto', '1', 'Strosin-Kovacek', 'CERRADO', 'No', '5.8', 'HISTORICO', 'No', '239669193.39', '665054559.35', '52361218.60', 'Sí', NULL, NULL, '2021-03-06 10:35:24'),
('641871', '95743 Fahey Dale', 'Venezuela', 'Caracas', '0', 'Upton, Lynch and Doyle', 'CERRADO', 'No', '4.2', 'MODERNO', 'No', '571105882.69', '259348717.20', '173434903.09', 'No', NULL, NULL, '2021-03-06 10:51:06'),
('643624', '139 Tamara Plaza Suite 167', 'Venezuela', 'Maracay', '0', 'Hickle Group', 'CERRADO', 'Sí', '3.8', 'HISTORICO', 'Sí', '866354718.34', '966813912.10', '373829571.31', 'No', NULL, NULL, '2021-03-06 10:50:24'),
('661708', '52125 Miller Forks', 'Islandia', 'Vestmannaeyjar', '5', 'Streich, Adams and Bogisich', 'CERRADO', 'No', '7.0', 'CONCEPTUAL', 'No', '458911673.39', '359304311.23', '185365245.53', 'No', NULL, NULL, '2021-03-06 10:51:06'),
('671552', '26791 Damien Crest', 'Canada', 'Toronto', '3', 'Champlin and Sons', 'ABIERTO', 'No', '5.8', 'HISTORICO', 'No', '305329426.03', '823925154.77', '131485588.58', 'Sí', NULL, NULL, '2021-03-06 10:35:24'),
('676573', '675 Walter Square', 'Japon', 'Hokkaido', '3', 'Raynor, Swift and Stracke', 'ABIERTO', 'Sí', '3.8', 'MODERNO', 'No', '242550045.59', '453958909.72', '114168928.89', 'Sí', NULL, NULL, '2021-03-06 10:42:25'),
('678409', '270 Graham Flats Apt. 243', 'Islandia', 'Reiquiavik', '2', 'Cummings PLC', 'CERRADO', 'No', '3.4', 'TRADICIONAL', 'No', '890877623.57', '499077061.37', '369821287.89', 'Sí', NULL, NULL, '2021-03-06 10:51:06'),
('679825', '574 Diego Crest Apt. 162', 'Canada', 'Toronto', '4', 'Zieme, Kunde and Cole', 'CERRADO', 'No', '3.0', 'MODERNO', 'No', '819113655.51', '865947041.02', '205913362.18', 'Sí', NULL, NULL, '2021-03-06 10:50:24'),
('682000', '816 Stamm Spurs', 'España', 'Madrid', '1', 'Wisoky, Abbott and Bergstrom', 'CERRADO', 'Sí', '7.6', 'TRADICIONAL', 'No', '953446039.42', '793223075.22', '11028860.49', 'Sí', NULL, NULL, '2021-03-06 10:51:06'),
('688059', '915 Dietrich Junction', 'Canada', 'Toronto', '5', 'Bogan, Hauck and Grady', 'ABIERTO', 'Sí', '3.0', 'HISTORICO', 'No', '851372246.18', '368823659.45', '258544829.33', 'No', NULL, NULL, '2021-03-06 10:51:06'),
('690474', '5340 Lula Islands', 'Grecia', 'Atenas', '4', 'Kihn-O\'Reilly', 'CERRADO', 'Sí', '4.0', 'HISTORICO', 'No', '503424541.29', '395426581.58', '243505720.25', 'No', NULL, NULL, '2021-03-06 10:51:06'),
('695328', '8921 Mario Mills', 'Islandia', 'Reiquiavik', '3', 'Cassin-Stamm', 'ABIERTO', 'Sí', '7.0', 'HISTORICO', 'Sí', '899975680.73', '613053313.62', '456694823.27', 'Sí', NULL, NULL, '2021-03-06 10:51:06'),
('707678', '30254 Lakin Crest', 'Grecia', 'Atenas', '3', 'Harber, Price and O\'Hara', 'ABIERTO', 'Sí', '5.2', 'HISTORICO', 'Sí', '741868962.14', '862893271.28', '63924182.29', 'No', NULL, NULL, '2021-03-06 10:51:06'),
('727770', '694 Armstrong Fall', 'Japon', 'Hokkaido', '2', 'Schultz, Nienow and Gutmann', 'CERRADO', 'No', '9.6', 'TRADICIONAL', 'Sí', '584886669.80', '645046872.49', '265677414.10', 'Sí', NULL, NULL, '2021-03-06 10:50:24'),
('730527', '35947 Witting Greens', 'Argentina', 'Buenos Aires', '2', 'Romaguera-Murazik', 'CERRADO', 'No', '6.2', 'MODERNO', 'No', '592256635.11', '721429207.91', '168126882.08', 'Sí', NULL, NULL, '2021-03-06 10:35:24'),
('731577', '296 Jesus Tunnel Suite 974', 'Ghana', 'Kumasi', '2', 'Spencer, Ruecker and Buckridge', 'ABIERTO', 'No', '9.8', 'MODERNO', 'No', '630355739.16', '793636337.43', '437435831.28', 'No', NULL, NULL, '2021-03-06 10:35:24'),
('732763', '4278 Goodwin Meadows', 'Suiza', 'Berna', '4', 'Haley, Orn and Little', 'CERRADO', 'No', '8.8', 'TRADICIONAL', 'No', '742115904.18', '726579310.13', '458723047.74', 'Sí', NULL, NULL, '2021-03-06 10:51:06'),
('734955', '309 Claudie Cove Suite 163', 'Venezuela', 'Caracas', '2', 'Stehr, Watsica and Klocko', 'CERRADO', 'Sí', '6.8', 'CONCEPTUAL', 'Sí', '622914046.65', '470275928.80', '5475848.63', 'Sí', NULL, NULL, '2021-03-06 10:51:06'),
('735599', '58971 Vidal Junctions Apt. 999', 'Japon', 'Tokio', '2', 'Legros-Simonis', 'CERRADO', 'No', '7.4', 'CONCEPTUAL', 'Sí', '433845607.33', '570698083.54', '82243150.79', 'Sí', NULL, NULL, '2021-03-06 10:35:24'),
('745693', '07951 Hickle Falls', 'Japon', 'Hokkaido', '5', 'Oberbrunner PLC', 'CERRADO', 'Sí', '3.8', 'MODERNO', 'No', '539463425.23', '165966674.30', '248548835.50', 'No', NULL, NULL, '2021-03-06 10:51:06'),
('752533', '683 Erdman Burg Apt. 632', 'Ghana', 'Acra', '5', 'Rodriguez-Satterfield', 'ABIERTO', 'Sí', '6.0', 'HISTORICO', 'No', '854992242.07', '983304069.78', '33029204.22', 'Sí', NULL, NULL, '2021-03-06 10:35:24'),
('762159', '773 Lemke View', 'Canada', 'Vancouver', '2', 'Lindgren-Simonis', 'CERRADO', 'Sí', '5.2', 'TRADICIONAL', 'Sí', '271360433.52', '847881551.84', '116346988.18', 'Sí', NULL, NULL, '2021-03-06 10:35:24'),
('768713', '2478 Cleora Mills', 'Japon', 'Tokio', '2', 'Greenfelder-Block', 'CERRADO', 'Sí', '4.8', 'TRADICIONAL', 'Sí', '578355419.61', '943875548.39', '16124079.40', 'No', NULL, NULL, '2021-03-06 10:35:24'),
('769844', '1866 Rico Run Suite 991', 'Venezuela', 'Maracay', '5', 'Dooley-Grimes', 'CERRADO', 'Sí', '7.6', 'MODERNO', 'Sí', '754152662.18', '153784352.53', '321696140.18', 'No', NULL, NULL, '2021-03-06 10:51:06'),
('771933', '196 Casimir Shore Suite 861', 'Grecia', 'Tripoli', '2', 'Yundt Ltd', 'CERRADO', 'No', '3.6', 'TRADICIONAL', 'No', '222920780.88', '678829852.59', '40577346.28', 'No', NULL, NULL, '2021-03-06 10:35:24'),
('776748', '9158 Valerie Shoals Suite 595', 'Japon', 'Hokkaido', '3', 'Leffler PLC', 'CERRADO', 'No', '3.0', 'MODERNO', 'No', '944525354.50', '647804977.85', '331274590.12', 'Sí', NULL, NULL, '2021-03-06 10:51:06'),
('777166', '2638 Greenholt Hollow', 'España', 'Vigo', '1', 'Deckow, Sporer and Schaden', 'CERRADO', 'Sí', '5.4', 'MODERNO', 'Sí', '789999728.60', '493100107.27', '163987256.64', 'No', NULL, NULL, '2021-03-06 10:51:06'),
('777468', '1751 Julius Camp Apt. 036', 'Canada', 'Vancouver', '0', 'Hermann LLC', 'ABIERTO', 'Sí', '9.2', 'HISTORICO', 'No', '759389279.94', '697226752.94', '374265221.29', 'Sí', NULL, NULL, '2021-03-06 10:51:06'),
('785668', '334 Swaniawski Circles', 'Suiza', 'Zug', '5', 'Greenfelder-Miller', 'CERRADO', 'No', '7.4', 'TRADICIONAL', 'No', '655371994.36', '153594218.78', '200390621.39', 'No', NULL, NULL, '2021-03-06 10:51:06'),
('786882', '876 Alejandra Shores', 'Japon', 'Hokkaido', '4', 'Hansen-McCullough', 'ABIERTO', 'Sí', '8.6', 'HISTORICO', 'No', '640415421.81', '470936831.12', '366144366.48', 'Sí', NULL, NULL, '2021-03-06 10:51:06'),
('803868', '3566 Anahi Plains', 'Argentina', 'Buenos Aires', '5', 'Ledner, Thiel and Stroman', 'CERRADO', 'No', '8.0', 'CONCEPTUAL', 'No', '239739330.36', '649773927.06', '112839150.79', 'No', NULL, NULL, '2021-03-06 10:42:25'),
('805387', '79629 Patience Port Apt. 363', 'Venezuela', 'Caracas', '5', 'Langosh, Kohler and Larkin', 'ABIERTO', 'No', '8.0', 'CONCEPTUAL', 'No', '484042403.50', '974184948.90', '239977338.27', 'No', NULL, NULL, '2021-03-06 10:42:25'),
('816807', '0388 Lubowitz Stravenue', 'Suiza', 'Zug', '0', 'Mante, Rolfson and Lebsack', 'ABIERTO', 'No', '3.0', 'TRADICIONAL', 'No', '71404485.93', '735488041.84', '9548858.60', 'No', NULL, NULL, '2021-03-06 10:35:24'),
('817009', '42919 Stroman Ville Apt. 095', 'Argentina', 'Buenos Aires', '1', 'Kuhlman, O\'Kon and Gottlieb', 'CERRADO', 'Sí', '2.0', 'MODERNO', 'No', '483267517.97', '35088329.75', '335378247.62', 'No', NULL, NULL, '2021-03-06 10:51:06'),
('821177', '428 Gregg Ways Apt. 199', 'Islandia', 'Reiquiavik', '2', 'Lubowitz Ltd', 'ABIERTO', 'Sí', '8.0', 'HISTORICO', 'No', '722447534.17', '852634218.10', '49643223.61', 'Sí', NULL, NULL, '2021-03-06 10:51:06'),
('830165', '1076 Tremblay Mills Suite 145', 'Canada', 'Toronto', '2', 'Leannon-Sanford', 'ABIERTO', 'Sí', '3.4', 'MODERNO', 'Sí', '281350011.32', '142004860.34', '73611042.48', 'No', NULL, NULL, '2021-03-06 10:51:06'),
('839232', '83774 Antwon Streets', 'Suiza', 'Berna', '5', 'Senger, Will and Pouros', 'CERRADO', 'Sí', '3.6', 'MODERNO', 'Sí', '960977634.83', '35402487.49', '98048165.75', 'No', NULL, NULL, '2021-03-06 10:51:06'),
('846679', '6084 Gorczany Trail', 'Libano', 'Beirut', '1', 'Kris PLC', 'ABIERTO', 'Sí', '3.6', 'CONCEPTUAL', 'No', '907950497.68', '999983450.30', '329242234.01', 'No', NULL, NULL, '2021-03-06 10:51:06'),
('847546', '2153 Jaylin Manors Apt. 925', 'Grecia', 'Atenas', '2', 'Hyatt-Kemmer', 'ABIERTO', 'Sí', '5.4', 'MODERNO', 'Sí', '966214356.43', '617142991.02', '309309091.82', 'Sí', NULL, NULL, '2021-03-06 10:51:06'),
('848350', '8514 Muhammad Mountains', 'Canada', 'Toronto', '5', 'Lubowitz, Buckridge and Blick', 'CERRADO', 'Sí', '3.2', 'CONCEPTUAL', 'No', '904332791.90', '533817164.60', '384246928.93', 'Sí', NULL, NULL, '2021-03-06 10:51:06'),
('862042', '4332 Bernie Avenue', 'Suiza', 'Zug', '4', 'Kozey-Brakus', 'ABIERTO', 'Sí', '2.8', 'CONCEPTUAL', 'Sí', '723507212.55', '748022667.96', '118729972.03', 'No', NULL, NULL, '2021-03-06 10:51:06'),
('865590', '6687 Aliyah Ridge Apt. 712', 'Argentina', 'Mar del Plata', '2', 'Collier, Murazik and Mraz', 'CERRADO', 'Sí', '3.0', 'HISTORICO', 'Sí', '918083109.87', '503616718.90', '501117669.60', 'Sí', NULL, NULL, '2021-03-06 10:51:06'),
('869190', '87387 Maggio Lodge', 'Islandia', 'Reiquiavik', '0', 'Dooley PLC', 'CERRADO', 'No', '6.0', 'HISTORICO', 'No', '259627419.85', '516998741.03', '61490654.44', 'Sí', NULL, NULL, '2021-03-06 10:35:24'),
('884938', '551 Efrain Tunnel', 'España', 'Vigo', '4', 'Parker, Connelly and Doyle', 'ABIERTO', 'Sí', '7.0', 'TRADICIONAL', 'Sí', '254017735.70', '680355169.45', '138876168.50', 'Sí', NULL, NULL, '2021-03-06 10:35:24'),
('887463', '102 Katharina Spur', 'Argentina', 'Buenos Aires', '2', 'Luettgen Ltd', 'ABIERTO', 'No', '4.4', 'HISTORICO', 'Sí', '548985803.67', '712466100.78', '12663052.32', 'Sí', NULL, NULL, '2021-03-06 10:35:24'),
('891960', '78344 Jensen Mission', 'Japon', 'Tokio', '2', 'Thompson-Vandervort', 'CERRADO', 'Sí', '6.6', 'TRADICIONAL', 'Sí', '853038671.90', '146626595.48', '405343654.52', 'Sí', NULL, NULL, '2021-03-06 10:51:06'),
('895040', '391 Heaney Spur Apt. 430', 'Grecia', 'Tripoli', '5', 'Gerhold LLC', 'CERRADO', 'No', '2.4', 'CONCEPTUAL', 'Sí', '406785349.14', '774907779.93', '124753791.89', 'No', NULL, NULL, '2021-03-06 10:35:24'),
('895849', '5966 Kuvalis Harbor', 'Venezuela', 'Caracas', '3', 'Leannon-Hahn', 'ABIERTO', 'No', '6.8', 'CONCEPTUAL', 'Sí', '360433997.39', '849623056.14', '38884370.94', 'No', NULL, NULL, '2021-03-06 10:35:24'),
('895868', '5436 Lori Place Suite 572', 'Suiza', 'Berna', '0', 'Russel, Walsh and Jacobs', 'CERRADO', 'No', '4.2', 'MODERNO', 'Sí', '402693896.34', '197568808.25', '249414143.87', 'Sí', NULL, NULL, '2021-03-06 10:51:06'),
('896974', '9515 Joany Mill Suite 042', 'Libano', 'Beirut', '0', 'Huels, Keeling and O\'Connell', 'ABIERTO', 'No', '5.4', 'MODERNO', 'No', '333609908.64', '367329606.78', '128969302.49', 'No', NULL, NULL, '2021-03-06 10:50:24'),
('899600', '818 Dayton Place Suite 360', 'Japon', 'Tokio', '4', 'Sipes-Howe', 'ABIERTO', 'Sí', '4.0', 'TRADICIONAL', 'Sí', '531873697.13', '567599541.77', '4137542.76', 'No', NULL, NULL, '2021-03-06 10:50:24'),
('903359', '79685 Hahn Port Apt. 070', 'Libano', 'Beirut', '2', 'Mueller-Pollich', 'ABIERTO', 'Sí', '7.6', 'CONCEPTUAL', 'No', '771856520.38', '871397703.79', '277626396.76', 'No', NULL, NULL, '2021-03-06 10:51:06'),
('906502', '6240 Lakin Garden Apt. 040', 'Canada', 'Toronto', '0', 'Dibbert-Fritsch', 'ABIERTO', 'Sí', '7.8', 'MODERNO', 'No', '964614638.54', '35851455.77', '553233335.28', 'No', NULL, NULL, '2021-03-06 10:51:06'),
('906667', '3405 Bernier Village', 'Islandia', 'Reiquiavik', '3', 'Brakus-Collins', 'ABIERTO', 'Sí', '7.4', 'HISTORICO', 'No', '665764979.66', '80227290.95', '236186767.06', 'Sí', NULL, NULL, '2021-03-06 10:51:06'),
('912490', '19571 Elna Manor', 'Japon', 'Tokio', '3', 'Olson, Kuphal and Funk', 'CERRADO', 'Sí', '8.0', 'MODERNO', 'No', '866732746.37', '897689504.45', '358401054.25', 'Sí', NULL, NULL, '2021-03-06 10:51:06'),
('915147', '933 Satterfield Port Suite 549', 'Argentina', 'Mar del Plata', '0', 'Bechtelar-Casper', 'CERRADO', 'No', '4.6', 'HISTORICO', 'No', '422383162.43', '946339040.49', '2754648.78', 'No', NULL, NULL, '2021-03-06 10:35:24'),
('917944', '2870 Mayert Lights Suite 232', 'Ghana', 'Kumasi', '3', 'Johnston PLC', 'ABIERTO', 'No', '6.0', 'MODERNO', 'No', '633478296.58', '654101226.68', '349401000.24', 'No', NULL, NULL, '2021-03-06 10:50:24'),
('925392', '55780 Watsica Ramp', 'Japon', 'Hokkaido', '2', 'Cassin Inc', 'ABIERTO', 'No', '9.8', 'CONCEPTUAL', 'Sí', '654776101.12', '102053149.90', '241688565.40', 'Sí', NULL, NULL, '2021-03-06 10:51:06'),
('930286', '95955 Dennis Brook', 'Ghana', 'Kumasi', '2', 'Mertz LLC', 'ABIERTO', 'No', '3.2', 'TRADICIONAL', 'Sí', '807765428.48', '991711801.32', '29471251.39', 'No', NULL, NULL, '2021-03-06 10:35:24'),
('931732', '22515 Lafayette Mountains', 'Argentina', 'Mar del Plata', '3', 'Borer and Sons', 'ABIERTO', 'No', '3.6', 'MODERNO', 'No', '341667903.87', '915060371.60', '165320540.28', 'No', NULL, NULL, '2021-03-06 10:42:25'),
('935664', '348 Zella Point Apt. 965', 'Suiza', 'Zug', '1', 'Pagac and Sons', 'CERRADO', 'Sí', '4.0', 'TRADICIONAL', 'No', '829456682.81', '986009593.53', '302410670.52', 'No', NULL, NULL, '2021-03-06 10:42:25'),
('936246', '1348 Ethelyn Way Apt. 489', 'Canada', 'Toronto', '1', 'Kihn, Reilly and Collins', 'CERRADO', 'No', '7.0', 'HISTORICO', 'Sí', '947821920.70', '999999999.99', '351978038.46', 'Sí', NULL, NULL, '2021-03-06 10:50:24'),
('938205', '3165 Rodriguez Shore Suite 705', 'Venezuela', 'Caracas', '3', 'Friesen Group', 'ABIERTO', 'No', '3.4', 'TRADICIONAL', 'No', '827648817.12', '903248575.50', '435353977.47', 'No', NULL, NULL, '2021-03-06 10:35:24'),
('958459', '137 Jenkins Crossroad Apt. 242', 'Venezuela', 'Maracay', '2', 'Muller Inc', 'ABIERTO', 'No', '3.0', 'MODERNO', 'Sí', '307920394.30', '768225011.94', '123764604.94', 'No', NULL, NULL, '2021-03-06 10:35:24'),
('966516', '4133 Julien Burg Apt. 827', 'Ghana', 'Kumasi', '2', 'Leannon-Farrell', 'CERRADO', 'No', '2.8', 'TRADICIONAL', 'No', '586811847.21', '603606464.39', '253295183.38', 'No', NULL, NULL, '2021-03-06 10:50:24'),
('972414', '135 Dena Pike Apt. 322', 'Venezuela', 'Caracas', '5', 'Daniel, Sanford and Funk', 'ABIERTO', 'Sí', '9.0', 'TRADICIONAL', 'No', '994486812.44', '729958842.53', '473584890.48', 'Sí', NULL, NULL, '2021-03-06 10:51:06'),
('974301', '332 Marcelina Stream Suite 159', 'Canada', 'Vancouver', '1', 'Raynor Inc', 'CERRADO', 'No', '6.4', 'TRADICIONAL', 'No', '560007895.51', '899119640.69', '261615695.39', 'No', NULL, NULL, '2021-03-06 10:35:24'),
('976165', '054 Alisa Point Suite 221', 'España', 'Vigo', '4', 'Kulas-Gerhold', 'CERRADO', 'No', '8.2', 'TRADICIONAL', 'No', '228455547.59', '783651636.96', '109329585.62', 'Sí', NULL, NULL, '2021-03-06 10:35:24'),
('992546', '4733 Mayer Squares', 'Grecia', 'Atenas', '4', 'Pollich, Aufderhar and Runolfsson', 'ABIERTO', 'Sí', '5.0', 'TRADICIONAL', 'No', '496578536.66', '498036571.51', '246130373.52', 'Sí', NULL, NULL, '2021-03-06 10:42:25'),
('994861', '3865 Beatty Square', 'Venezuela', 'Caracas', '0', 'Cartwright PLC', 'ABIERTO', 'No', '9.4', 'HISTORICO', 'Sí', '669229099.64', '886599581.68', '348565276.23', 'Sí', NULL, NULL, '2021-03-06 10:35:24'),
('998085', '1671 Gussie Plaza', 'Libano', 'Beirut', '4', 'Schiller, Reynolds and Hickle', 'CERRADO', 'No', '9.0', 'MODERNO', 'No', '957973324.18', '99711803.36', '603825044.90', 'No', NULL, NULL, '2021-03-06 10:51:06');

-- --------------------------------------------------------

--
-- Estructura de tabla para la tabla `huesped`
--

DROP TABLE IF EXISTS `huesped`;
CREATE TABLE IF NOT EXISTS `huesped` (
  `NUM_ID` varchar(9) COLLATE utf8_spanish_ci NOT NULL,
  `ID_CLIENTE` varchar(9) COLLATE utf8_spanish_ci DEFAULT NULL,
  `NACIONALIDAD` varchar(20) COLLATE utf8_spanish_ci NOT NULL,
  `NUM_TARJETA` varchar(19) COLLATE utf8_spanish_ci DEFAULT NULL,
  `FAMILIA_NUMEROSA` enum('Sí','No') COLLATE utf8_spanish_ci NOT NULL,
  `ESTADO_CIVIL` enum('Soltero','Casado','Viúdo','Divorciado') COLLATE utf8_spanish_ci DEFAULT NULL,
  `SITUACION_LABORAL` enum('Empresario','Autónomo','Asalariado','Cooperativista','En paro','Jubilado') COLLATE utf8_spanish_ci DEFAULT NULL,
  `MEDIO_TRANSPORTE` enum('Coche','Avión','Tren','Moto','Bus','Camión') COLLATE utf8_spanish_ci DEFAULT NULL,
  `COMO_CONOCISTE` enum('Internet','Publicidad','Conocidos','Otros') COLLATE utf8_spanish_ci DEFAULT NULL,
  `TRAE_MASCOTA` enum('Sí','No') COLLATE utf8_spanish_ci DEFAULT NULL,
  `PAIS_RESIDENCIA` varchar(40) COLLATE utf8_spanish_ci NOT NULL,
  `ULTIMA_ACTUALIZACION` timestamp NOT NULL DEFAULT current_timestamp() ON UPDATE current_timestamp(),
  PRIMARY KEY (`NUM_ID`),
  UNIQUE KEY `ID_CLIENTE` (`ID_CLIENTE`),
  UNIQUE KEY `NUM_TARJETA` (`NUM_TARJETA`)
) ENGINE=InnoDB DEFAULT CHARSET=utf8 COLLATE=utf8_spanish_ci;

--
-- Volcado de datos para la tabla `huesped`
--

INSERT INTO `huesped` (`NUM_ID`, `ID_CLIENTE`, `NACIONALIDAD`, `NUM_TARJETA`, `FAMILIA_NUMEROSA`, `ESTADO_CIVIL`, `SITUACION_LABORAL`, `MEDIO_TRANSPORTE`, `COMO_CONOCISTE`, `TRAE_MASCOTA`, `PAIS_RESIDENCIA`, `ULTIMA_ACTUALIZACION`) VALUES
('001654488', '002877211', 'French Guiana', '6467452515713502065', 'Sí', 'Divorciado', 'Jubilado', 'Moto', 'Otros', 'No', 'Argentina', '2013-08-17 22:00:00'),
('006370090', '007300498', 'Lebanon', '4543668175226092343', 'No', 'Soltero', 'Asalariado', 'Moto', 'Publicidad', 'Sí', 'India', '2017-09-18 22:00:00'),
('007177728', '008614403', 'Poland', '2925508664475411200', 'Sí', 'Soltero', 'Autónomo', 'Moto', 'Otros', 'Sí', 'Lao People\'s Democratic Republic', '2016-04-07 22:00:00'),
('009097848', '009180650', 'Haiti', '4319325892089067021', 'Sí', 'Soltero', 'Cooperativista', 'Coche', 'Otros', 'No', 'Maldives', '2020-03-12 23:00:00'),
('013074339', '013636187', 'Brunei Darussalam', '5097186386288297564', 'No', 'Soltero', 'Jubilado', 'Coche', 'Internet', 'No', 'Antigua and Barbuda', '2020-05-17 22:00:00'),
('021067009', '015043199', 'Eritrea', '4024268377176688544', 'Sí', 'Viúdo', 'Autónomo', 'Moto', 'Otros', 'No', 'United States Minor Outlying Islands', '2014-01-30 23:00:00'),
('021366498', '015196233', 'Bahamas', '0513710926802102646', 'Sí', 'Divorciado', 'Cooperativista', 'Moto', 'Otros', 'No', 'Niue', '2018-10-28 23:00:00'),
('027590294', '018165937', 'Reunion', '5131262755464444350', 'No', 'Soltero', 'Autónomo', 'Moto', 'Otros', 'No', 'Germany', '2016-10-07 22:00:00'),
('033174250', '021941126', 'British Virgin Islan', '0211674402637339818', 'No', 'Casado', 'Jubilado', 'Camión', 'Publicidad', 'Sí', 'Uzbekistan', '2011-12-12 23:00:00'),
('034860330', '029253089', 'Uruguay', '4283114241065864772', 'No', 'Casado', 'Empresario', 'Coche', 'Conocidos', 'Sí', 'Poland', '2020-05-13 22:00:00'),
('038687382', '031026346', 'Gibraltar', '7018125116121710753', 'Sí', 'Soltero', 'En paro', 'Avión', 'Publicidad', 'Sí', 'Germany', '2014-02-17 23:00:00'),
('050839707', '032466338', 'Lao People\'s Democra', '8931327599638526200', 'Sí', 'Viúdo', 'Autónomo', 'Camión', 'Conocidos', 'Sí', 'Paraguay', '2012-07-07 22:00:00'),
('051014080', '034708862', 'Marshall Islands', '8019597669267170658', 'Sí', 'Casado', 'Jubilado', 'Bus', 'Conocidos', 'No', 'Indonesia', '2020-03-07 23:00:00'),
('052492299', '040035116', 'Kenya', '7486846012627330644', 'No', 'Divorciado', 'Asalariado', 'Moto', 'Internet', 'Sí', 'Grenada', '2019-01-27 23:00:00'),
('053034739', '040402339', 'Morocco', '4661458558107607870', 'Sí', 'Divorciado', 'Cooperativista', 'Camión', 'Internet', 'No', 'Palestinian Territory', '2019-03-17 23:00:00'),
('053963100', '044587413', 'Paraguay', '3359494986590532374', 'Sí', 'Casado', 'Cooperativista', 'Coche', 'Otros', 'Sí', 'Philippines', '2016-10-05 22:00:00'),
('055606756', '049373595', 'Jordan', '9610413921497039948', 'Sí', 'Soltero', 'Autónomo', 'Moto', 'Conocidos', 'No', 'Nauru', '2017-10-05 22:00:00'),
('060005522', '051716265', 'Sri Lanka', '7781287717494320999', 'No', 'Soltero', 'Asalariado', 'Camión', 'Publicidad', 'No', 'Myanmar', '2015-03-19 23:00:00'),
('064336002', '052500175', 'Ireland', '9484905849601511328', 'Sí', 'Casado', 'Cooperativista', 'Tren', 'Internet', 'No', 'Lithuania', '2017-02-04 23:00:00'),
('064504013', '055168179', 'Central African Repu', '0172241677477769544', 'Sí', 'Soltero', 'Cooperativista', 'Avión', 'Publicidad', 'Sí', 'Cayman Islands', '2016-06-06 22:00:00'),
('065445693', '058493582', 'Switzerland', '3671573976658011307', 'Sí', 'Casado', 'Jubilado', 'Avión', 'Conocidos', 'Sí', 'Western Sahara', '2019-01-02 23:00:00'),
('067128755', '058828362', 'Paraguay', '5858285294716290341', 'No', 'Divorciado', 'Autónomo', 'Coche', 'Conocidos', 'Sí', 'Luxembourg', '2018-04-27 22:00:00'),
('067482706', '065430522', 'Aruba', '1447420171391651271', 'Sí', 'Casado', 'Asalariado', 'Avión', 'Conocidos', 'Sí', 'Reunion', '2018-02-22 23:00:00'),
('067731360', '070720677', 'Lebanon', '8341426662342112495', 'Sí', 'Casado', 'Autónomo', 'Moto', 'Otros', 'No', 'Puerto Rico', '2019-01-09 23:00:00'),
('074227986', '071356741', 'Zambia', '8629756685199186424', 'No', 'Viúdo', 'Autónomo', 'Tren', 'Internet', 'No', 'Mayotte', '2012-01-22 23:00:00'),
('078214495', '073311373', 'Comoros', '3984564448146808530', 'No', 'Casado', 'Asalariado', 'Avión', 'Otros', 'Sí', 'Egypt', '2017-12-17 23:00:00'),
('078585369', '074789560', 'Mali', '5747216893052252192', 'No', 'Casado', 'Empresario', 'Moto', 'Internet', 'No', 'Zimbabwe', '2019-05-03 22:00:00'),
('080087510', '078123836', 'Macedonia', '3315516000976661482', 'Sí', 'Divorciado', 'Cooperativista', 'Coche', 'Otros', 'Sí', 'Jersey', '2012-01-09 23:00:00'),
('085198716', '082658737', 'Tonga', '1690396485275714143', 'Sí', 'Casado', 'Cooperativista', 'Avión', 'Publicidad', 'Sí', 'Pitcairn Islands', '2019-08-05 22:00:00'),
('088202711', '097160594', 'Cook Islands', '4549296813113773979', 'Sí', 'Divorciado', 'Empresario', 'Bus', 'Otros', 'No', 'Cocos (Keeling) Islands', '2012-04-02 22:00:00'),
('088562087', '098771607', 'Liechtenstein', '7623610500268852832', 'No', 'Viúdo', 'Empresario', 'Camión', 'Otros', 'Sí', 'Cape Verde', '2014-11-26 23:00:00'),
('089927690', '108032579', 'Mauritius', '9571807558477189031', 'No', 'Casado', 'Cooperativista', 'Camión', 'Internet', 'No', 'Poland', '2019-02-28 23:00:00'),
('091984231', '110009394', 'Iraq', '5642270273233756842', 'Sí', 'Divorciado', 'Asalariado', 'Avión', 'Otros', 'No', 'Saint Martin', '2012-12-16 23:00:00'),
('098813990', '112802296', 'Macedonia', '2908483828878319212', 'Sí', 'Viúdo', 'Empresario', 'Avión', 'Otros', 'No', 'Pitcairn Islands', '2018-09-17 22:00:00'),
('099670137', '113288492', 'Mauritania', '8430377864639598471', 'No', 'Divorciado', 'Empresario', 'Moto', 'Internet', 'Sí', 'United States Virgin Islands', '2020-04-28 22:00:00'),
('099976878', '115318112', 'Grenada', '3150671054486384934', 'Sí', 'Viúdo', 'Empresario', 'Bus', 'Internet', 'No', 'Slovakia (Slovak Republic)', '2016-04-19 22:00:00'),
('100000558', '117549111', 'Guernsey', '7173583674436995849', 'No', 'Casado', 'Cooperativista', 'Moto', 'Conocidos', 'No', 'Taiwan', '2011-04-23 22:00:00'),
('110438685', '119670936', 'Finland', '9775683533298527779', 'No', 'Soltero', 'Cooperativista', 'Coche', 'Otros', 'Sí', 'Russian Federation', '2013-07-09 22:00:00'),
('111141880', '120479354', 'Dominica', '1542249340161453834', 'No', 'Casado', 'Empresario', 'Avión', 'Internet', 'Sí', 'Turkmenistan', '2014-11-07 23:00:00'),
('113501813', '123288674', 'Yemen', '8297095418104807567', 'No', 'Casado', 'Asalariado', 'Moto', 'Publicidad', 'Sí', 'Lao People\'s Democratic Republic', '2016-11-29 23:00:00'),
('117682801', '123397927', 'Svalbard & Jan Mayen', '7800836464905473258', 'No', 'Viúdo', 'Jubilado', 'Camión', 'Internet', 'Sí', 'Japan', '2012-09-20 22:00:00'),
('119547209', '123881026', 'Egypt', '6736421568124821373', 'Sí', 'Divorciado', 'Cooperativista', 'Tren', 'Publicidad', 'Sí', 'Bouvet Island (Bouvetoya)', '2015-08-15 22:00:00'),
('120771615', '123941470', 'French Southern Terr', '9359934798132363892', 'Sí', 'Casado', 'Autónomo', 'Tren', 'Publicidad', 'No', 'Japan', '2012-05-10 22:00:00'),
('125732421', '132601278', 'Ireland', '7159428730331640991', 'Sí', 'Divorciado', 'Jubilado', 'Bus', 'Conocidos', 'Sí', 'Chad', '2016-11-30 23:00:00'),
('126839352', '136285219', 'Pakistan', '8657568590132498100', 'Sí', 'Soltero', 'Cooperativista', 'Camión', 'Otros', 'Sí', 'Brunei Darussalam', '2021-02-10 23:00:00'),
('126891036', '145163783', 'Croatia', '1306931960618561978', 'Sí', 'Divorciado', 'Autónomo', 'Coche', 'Conocidos', 'Sí', 'Bosnia and Herzegovina', '2020-11-27 23:00:00'),
('128181932', '145679205', 'Ethiopia', '1994603089885775139', 'No', 'Casado', 'Asalariado', 'Avión', 'Internet', 'Sí', 'Holy See (Vatican City State)', '2015-07-25 22:00:00'),
('133586642', '145707931', 'Martinique', '9314857686100325820', 'Sí', 'Divorciado', 'Autónomo', 'Avión', 'Conocidos', 'Sí', 'Malaysia', '2011-12-24 23:00:00'),
('135142719', '148308755', 'Zambia', '4532423495659283918', 'No', 'Soltero', 'Empresario', 'Bus', 'Conocidos', 'No', 'Togo', '2015-02-05 23:00:00'),
('138322098', '149653562', 'Australia', '7217226940662730592', 'Sí', 'Soltero', 'Empresario', 'Moto', 'Publicidad', 'Sí', 'Angola', '2019-12-05 23:00:00'),
('140531595', '151153029', 'Iraq', '6120443769705827479', 'No', 'Soltero', 'En paro', 'Bus', 'Internet', 'Sí', 'Jamaica', '2017-10-21 22:00:00'),
('140681353', '152140787', 'United Arab Emirates', '0453841721547234928', 'Sí', 'Casado', 'En paro', 'Bus', 'Publicidad', 'No', 'Monaco', '2014-05-14 22:00:00'),
('141025169', '152686827', 'United States of Ame', '8509635382425039308', 'No', 'Soltero', 'Jubilado', 'Bus', 'Internet', 'Sí', 'Grenada', '2016-12-24 23:00:00'),
('141132650', '161283732', 'Switzerland', '7505602527969221735', 'No', 'Viúdo', 'Empresario', 'Tren', 'Otros', 'Sí', 'Guyana', '2016-09-23 22:00:00'),
('145406886', '161582928', 'Mozambique', '5817026074036795887', 'No', 'Soltero', 'Jubilado', 'Camión', 'Otros', 'No', 'Jordan', '2019-01-11 23:00:00'),
('151315633', '162381703', 'Belarus', '1022451481426829897', 'No', 'Casado', 'Jubilado', 'Coche', 'Otros', 'No', 'Azerbaijan', '2013-04-29 22:00:00'),
('151554096', '164200876', 'Niue', '5796496048518972819', 'Sí', 'Divorciado', 'Jubilado', 'Tren', 'Publicidad', 'No', 'Qatar', '2020-06-06 22:00:00'),
('156918287', '174197905', 'Tonga', '7302186042772167874', 'No', 'Divorciado', 'En paro', 'Avión', 'Publicidad', 'Sí', 'Turkmenistan', '2012-01-27 23:00:00'),
('163884999', '174509111', 'Gambia', '2297431454640880735', 'Sí', 'Divorciado', 'Jubilado', 'Camión', 'Conocidos', 'No', 'Yemen', '2018-01-08 23:00:00'),
('168690834', '176079505', 'Estonia', '7256147094178264406', 'Sí', 'Casado', 'Asalariado', 'Avión', 'Internet', 'No', 'United States Minor Outlying Islands', '2020-01-08 23:00:00'),
('169379994', '179093639', 'Ecuador', '4422645554383129715', 'Sí', 'Casado', 'Cooperativista', 'Coche', 'Conocidos', 'No', 'Cocos (Keeling) Islands', '2021-02-25 23:00:00'),
('170313791', '183696385', 'Cambodia', '1501033316637614249', 'No', 'Divorciado', 'Asalariado', 'Bus', 'Otros', 'Sí', 'Czech Republic', '2011-10-10 22:00:00'),
('174401135', '186660284', 'Falkland Islands (Ma', '5940006223409379278', 'Sí', 'Casado', 'Autónomo', 'Bus', 'Publicidad', 'Sí', 'Singapore', '2012-09-09 22:00:00'),
('176173362', '187596880', 'United Kingdom', '6037605265581880061', 'No', 'Divorciado', 'Empresario', 'Camión', 'Publicidad', 'Sí', 'Madagascar', '2016-07-12 22:00:00'),
('181056291', '188122771', 'Ghana', '7440567190539075734', 'Sí', 'Soltero', 'Asalariado', 'Coche', 'Otros', 'Sí', 'Serbia', '2016-10-02 22:00:00'),
('182209849', '198073715', 'Serbia', '4266413041677690355', 'Sí', 'Viúdo', 'Cooperativista', 'Tren', 'Internet', 'Sí', 'El Salvador', '2019-03-22 23:00:00'),
('182683144', '204651972', 'Netherlands Antilles', '9288094933729327138', 'No', 'Viúdo', 'En paro', 'Bus', 'Publicidad', 'Sí', 'Ireland', '2021-02-26 23:00:00'),
('183013059', '208236601', 'Antarctica (the terr', '2448389669883069429', 'No', 'Divorciado', 'Empresario', 'Bus', 'Otros', 'Sí', 'Jordan', '2014-11-05 23:00:00'),
('183197503', '212442726', 'Morocco', '2484937150270877667', 'Sí', 'Divorciado', 'Empresario', 'Camión', 'Publicidad', 'Sí', 'Gabon', '2015-07-17 22:00:00'),
('184074441', '221164709', 'Panama', '3608969377293543365', 'No', 'Divorciado', 'En paro', 'Moto', 'Otros', 'No', 'Cameroon', '2018-06-23 22:00:00'),
('184682549', '223276241', 'Czech Republic', '7763806472903691911', 'No', 'Viúdo', 'Asalariado', 'Moto', 'Conocidos', 'Sí', 'Switzerland', '2020-12-30 23:00:00'),
('188310282', '224836438', 'Mauritius', '7666157242984045648', 'No', 'Viúdo', 'Empresario', 'Moto', 'Conocidos', 'Sí', 'Uzbekistan', '2019-03-20 23:00:00'),
('190444080', '225403489', 'Saint Barthelemy', '1535784476957929152', 'No', 'Soltero', 'Empresario', 'Camión', 'Otros', 'No', 'Vanuatu', '2015-09-15 22:00:00'),
('190849627', '225671564', 'Israel', '4094026626271717722', 'No', 'Casado', 'Asalariado', 'Camión', 'Internet', 'No', 'Hong Kong', '2013-05-14 22:00:00'),
('192105285', '230785953', 'French Guiana', '5671368534587201065', 'No', 'Casado', 'Empresario', 'Tren', 'Publicidad', 'Sí', 'Philippines', '2014-03-30 22:00:00'),
('192680182', '233464511', 'France', '4848215204351522271', 'Sí', 'Casado', 'Empresario', 'Camión', 'Conocidos', 'No', 'Sudan', '2011-08-06 22:00:00'),
('194929489', '234581434', 'French Southern Terr', '2624286200183855095', 'Sí', 'Casado', 'Empresario', 'Bus', 'Conocidos', 'Sí', 'Bahrain', '2014-11-01 23:00:00'),
('196558210', '239109042', 'Fiji', '8905572125019179467', 'Sí', 'Viúdo', 'Jubilado', 'Camión', 'Otros', 'Sí', 'Uzbekistan', '2019-06-26 22:00:00'),
('197201448', '240930567', 'Guadeloupe', '0654391806195042443', 'Sí', 'Casado', 'Autónomo', 'Bus', 'Internet', 'No', 'Fiji', '2013-02-02 23:00:00'),
('198387529', '243735218', 'Uzbekistan', '3416304088741760083', 'No', 'Soltero', 'En paro', 'Avión', 'Publicidad', 'No', 'Guernsey', '2015-12-18 23:00:00'),
('203201754', '249191128', 'Antigua and Barbuda', '0852724678630763923', 'Sí', 'Viúdo', 'Asalariado', 'Camión', 'Internet', 'No', 'Western Sahara', '2012-04-11 22:00:00'),
('208363447', '254894877', 'Singapore', '9848979104145505527', 'Sí', 'Soltero', 'Asalariado', 'Tren', 'Internet', 'Sí', 'Falkland Islands (Malvinas)', '2014-06-01 22:00:00'),
('208573493', '257598500', 'French Polynesia', '6604636083082437655', 'No', 'Casado', 'Cooperativista', 'Avión', 'Otros', 'Sí', 'Malawi', '2017-03-20 23:00:00'),
('214009880', '257754823', 'Poland', '9813552443550769028', 'Sí', 'Divorciado', 'Empresario', 'Avión', 'Publicidad', 'No', 'Nigeria', '2020-02-07 23:00:00'),
('214063489', '265614230', 'Belarus', '6217949152372171637', 'No', 'Casado', 'Cooperativista', 'Tren', 'Internet', 'Sí', 'Timor-Leste', '2016-05-15 22:00:00'),
('218011434', '280330605', 'Falkland Islands (Ma', '9264539827640224018', 'Sí', 'Casado', 'Autónomo', 'Coche', 'Internet', 'Sí', 'Belize', '2011-04-22 22:00:00'),
('220124051', '282186650', 'Cocos (Keeling) Isla', '4621636960742214688', 'No', 'Divorciado', 'Autónomo', 'Bus', 'Internet', 'No', 'Armenia', '2019-11-18 23:00:00'),
('221436535', '290607880', 'Tokelau', '2356869912864712003', 'No', 'Divorciado', 'Asalariado', 'Bus', 'Publicidad', 'No', 'Gabon', '2011-09-29 22:00:00'),
('223803603', '291872259', 'Panama', '6431015856078226260', 'No', 'Casado', 'Asalariado', 'Coche', 'Otros', 'No', 'Antarctica (the territory South of 60 de', '2017-09-25 22:00:00'),
('225598255', '301730797', 'Jamaica', '0866470163452561471', 'Sí', 'Casado', 'Cooperativista', 'Camión', 'Otros', 'No', 'Niue', '2015-06-27 22:00:00'),
('228492257', '311973726', 'Montenegro', '9318947905952711691', 'No', 'Viúdo', 'Autónomo', 'Tren', 'Internet', 'Sí', 'Belarus', '2013-03-05 23:00:00'),
('229956738', '314837356', 'Oman', '0701990105791327143', 'Sí', 'Soltero', 'Asalariado', 'Avión', 'Otros', 'No', 'French Southern Territories', '2019-04-12 22:00:00'),
('231245743', '318259927', 'Ghana', '8249266192432445619', 'No', 'Soltero', 'Cooperativista', 'Camión', 'Publicidad', 'Sí', 'Slovenia', '2013-07-03 22:00:00'),
('231869039', '323121565', 'Eritrea', '1214873252446193186', 'Sí', 'Viúdo', 'Asalariado', 'Bus', 'Internet', 'No', 'Luxembourg', '2016-04-27 22:00:00'),
('237960760', '329883816', 'Gibraltar', '5404170872415948833', 'No', 'Casado', 'Asalariado', 'Moto', 'Conocidos', 'Sí', 'Hong Kong', '2014-08-08 22:00:00'),
('241464686', '334381451', 'Bouvet Island (Bouve', '0682920150488057185', 'Sí', 'Soltero', 'Empresario', 'Camión', 'Conocidos', 'No', 'Liechtenstein', '2017-05-04 22:00:00'),
('244552584', '334931221', 'Kuwait', '3695031805518090485', 'No', 'Viúdo', 'Autónomo', 'Moto', 'Internet', 'Sí', 'Aruba', '2011-08-25 22:00:00'),
('247258929', '338134471', 'Micronesia', '2067523284891437725', 'No', 'Casado', 'Asalariado', 'Tren', 'Internet', 'No', 'Madagascar', '2015-11-01 23:00:00'),
('248692571', '349289822', 'New Zealand', '4967688667398653304', 'Sí', 'Soltero', 'Cooperativista', 'Moto', 'Conocidos', 'No', 'Moldova', '2016-08-23 22:00:00'),
('250879285', '355091314', 'France', '2011162776224728977', 'No', 'Divorciado', 'En paro', 'Moto', 'Publicidad', 'Sí', 'Zambia', '2014-10-18 22:00:00'),
('253154590', '355531465', 'Samoa', '3200358605007592427', 'No', 'Casado', 'Asalariado', 'Camión', 'Internet', 'Sí', 'Belarus', '2013-03-17 23:00:00'),
('253655641', '356789968', 'Afghanistan', '2085553347687428298', 'Sí', 'Casado', 'Cooperativista', 'Moto', 'Otros', 'Sí', 'Burkina Faso', '2013-05-23 22:00:00'),
('255791510', '362439966', 'French Southern Terr', '2399857644304672196', 'No', 'Soltero', 'Empresario', 'Camión', 'Internet', 'Sí', 'Micronesia', '2016-09-13 22:00:00'),
('257070336', '363737598', 'Guam', '3846143581206590341', 'Sí', 'Divorciado', 'Empresario', 'Avión', 'Publicidad', 'No', 'Mauritius', '2015-03-10 23:00:00'),
('258299857', '363804364', 'Cook Islands', '5561227695835549406', 'Sí', 'Viúdo', 'Autónomo', 'Bus', 'Conocidos', 'Sí', 'Sao Tome and Principe', '2018-03-19 23:00:00'),
('261389186', '368305690', 'Ethiopia', '1057506966647302819', 'No', 'Divorciado', 'Empresario', 'Tren', 'Publicidad', 'No', 'Iraq', '2020-12-31 23:00:00'),
('261551020', '369749634', 'Sri Lanka', '4721637859296310882', 'Sí', 'Viúdo', 'Cooperativista', 'Bus', 'Publicidad', 'Sí', 'South Africa', '2014-06-23 22:00:00'),
('263352646', '380382163', 'Jordan', '4181003964047146155', 'Sí', 'Viúdo', 'Autónomo', 'Coche', 'Internet', 'Sí', 'Dominica', '2019-02-06 23:00:00'),
('263525252', '385469792', 'Lithuania', '2120997566238938957', 'Sí', 'Soltero', 'Asalariado', 'Tren', 'Conocidos', 'No', 'Latvia', '2019-08-25 22:00:00'),
('264840640', '392549400', 'Canada', '1621628198048786519', 'Sí', 'Viúdo', 'Empresario', 'Coche', 'Conocidos', 'No', 'Tajikistan', '2019-06-22 22:00:00'),
('267339226', '393692225', 'Djibouti', '9791701020289260114', 'Sí', 'Divorciado', 'En paro', 'Avión', 'Publicidad', 'Sí', 'Marshall Islands', '2014-08-29 22:00:00'),
('271562376', '400093202', 'Fiji', '2680532778764602205', 'No', 'Soltero', 'Asalariado', 'Moto', 'Publicidad', 'No', 'Russian Federation', '2020-09-14 22:00:00'),
('285179953', '400158819', 'Hungary', '3290089587190410479', 'Sí', 'Viúdo', 'Cooperativista', 'Bus', 'Otros', 'No', 'Martinique', '2011-06-06 22:00:00'),
('286713494', '404437716', 'Hong Kong', '5700555624485117404', 'Sí', 'Casado', 'Cooperativista', 'Coche', 'Publicidad', 'Sí', 'Swaziland', '2016-09-30 22:00:00'),
('287160596', '410375394', 'Czech Republic', '1420141111338909254', 'Sí', 'Viúdo', 'Asalariado', 'Tren', 'Publicidad', 'Sí', 'Liberia', '2017-01-13 23:00:00'),
('288153025', '418590008', 'Northern Mariana Isl', '2301143979782411466', 'Sí', 'Viúdo', 'Asalariado', 'Avión', 'Conocidos', 'No', 'Estonia', '2016-05-02 22:00:00'),
('292400063', '426192405', 'Bhutan', '6311508090682238061', 'Sí', 'Casado', 'Jubilado', 'Camión', 'Internet', 'Sí', 'Slovenia', '2012-07-11 22:00:00'),
('294530072', '434109791', 'Guernsey', '8040158673617626735', 'No', 'Casado', 'Jubilado', 'Avión', 'Internet', 'Sí', 'Pakistan', '2017-01-25 23:00:00'),
('294567529', '438582323', 'United States Minor ', '9999302002436426970', 'Sí', 'Divorciado', 'Jubilado', 'Bus', 'Conocidos', 'No', 'Kiribati', '2016-09-02 22:00:00'),
('295705605', '440080483', 'Turkey', '8990567134717697682', 'No', 'Casado', 'Jubilado', 'Bus', 'Internet', 'No', 'Western Sahara', '2018-11-16 23:00:00'),
('297779200', '440096868', 'French Southern Terr', '5589455188157175514', 'Sí', 'Soltero', 'Empresario', 'Bus', 'Conocidos', 'No', 'Honduras', '2013-01-09 23:00:00'),
('300236357', '442052218', 'Bangladesh', '9859092125884555013', 'Sí', 'Divorciado', 'Jubilado', 'Avión', 'Otros', 'Sí', 'Isle of Man', '2018-04-19 22:00:00'),
('304948442', '446285437', 'Aruba', '8748137805569586088', 'Sí', 'Viúdo', 'Cooperativista', 'Bus', 'Publicidad', 'No', 'Benin', '2012-01-01 23:00:00'),
('310096827', '447830812', 'Tanzania', '0677182103064942360', 'Sí', 'Divorciado', 'En paro', 'Moto', 'Conocidos', 'No', 'Mauritius', '2013-11-30 23:00:00'),
('311050673', '453554794', 'Armenia', '7313485393073998843', 'Sí', 'Divorciado', 'Asalariado', 'Moto', 'Internet', 'No', 'Nigeria', '2021-01-24 23:00:00'),
('311180342', '455359661', 'Puerto Rico', '9893830370113933171', 'Sí', 'Casado', 'Asalariado', 'Tren', 'Otros', 'No', 'Jordan', '2018-08-05 22:00:00'),
('313032018', '455837784', 'Tunisia', '2159327021198988205', 'Sí', 'Soltero', 'Empresario', 'Avión', 'Internet', 'Sí', 'Panama', '2014-04-12 22:00:00'),
('313634137', '462973082', 'Sao Tome and Princip', '6757313923914524509', 'No', 'Casado', 'Empresario', 'Camión', 'Internet', 'No', 'Angola', '2019-06-22 22:00:00'),
('314723053', '465937840', 'Burkina Faso', '8958845471921822066', 'Sí', 'Divorciado', 'Jubilado', 'Bus', 'Otros', 'No', 'Netherlands Antilles', '2018-05-10 22:00:00'),
('316180108', '465959743', 'Mali', '5821150776402374404', 'No', 'Soltero', 'Asalariado', 'Tren', 'Publicidad', 'No', 'Zimbabwe', '2011-12-04 23:00:00'),
('316378481', '466379656', 'Netherlands Antilles', '3035436957632910518', 'Sí', 'Viúdo', 'Cooperativista', 'Coche', 'Internet', 'Sí', 'Holy See (Vatican City State)', '2016-09-14 22:00:00'),
('316761516', '476068032', 'Northern Mariana Isl', '2364732184492206781', 'No', 'Casado', 'Asalariado', 'Tren', 'Internet', 'No', 'Peru', '2015-01-18 23:00:00'),
('317034358', '476503276', 'Christmas Island', '4928148443605801491', 'Sí', 'Soltero', 'Jubilado', 'Coche', 'Otros', 'No', 'Libyan Arab Jamahiriya', '2020-08-03 22:00:00'),
('319254229', '478545699', 'Congo', '2068111374786479267', 'Sí', 'Viúdo', 'Asalariado', 'Coche', 'Otros', 'No', 'Serbia', '2013-04-07 22:00:00'),
('320136553', '480237653', 'Equatorial Guinea', '3843346876805543384', 'No', 'Casado', 'Autónomo', 'Camión', 'Publicidad', 'No', 'Denmark', '2018-07-18 22:00:00'),
('323934543', '491000065', 'Niue', '7365464128673018368', 'No', 'Viúdo', 'Asalariado', 'Bus', 'Publicidad', 'Sí', 'Iraq', '2015-05-01 22:00:00'),
('331348050', '491741844', 'Philippines', '6162669160238870338', 'No', 'Viúdo', 'Jubilado', 'Avión', 'Conocidos', 'No', 'Bosnia and Herzegovina', '2016-06-11 22:00:00'),
('334247273', '492784428', 'Uzbekistan', '6908291062223807385', 'No', 'Viúdo', 'En paro', 'Tren', 'Otros', 'No', 'Montserrat', '2013-08-01 22:00:00'),
('334942638', '494844356', 'Bahamas', '9285513288929134925', 'Sí', 'Divorciado', 'Empresario', 'Moto', 'Otros', 'No', 'Colombia', '2016-01-14 23:00:00'),
('337340224', '495366036', 'Tokelau', '2374722856691246756', 'Sí', 'Viúdo', 'En paro', 'Avión', 'Otros', 'Sí', 'Tokelau', '2012-01-17 23:00:00'),
('349777269', '495962013', 'Heard Island and McD', '3599747146078164800', 'Sí', 'Viúdo', 'Empresario', 'Tren', 'Conocidos', 'Sí', 'Italy', '2015-11-11 23:00:00'),
('352618472', '499716049', 'Chad', '8471285371866628967', 'No', 'Viúdo', 'Asalariado', 'Moto', 'Otros', 'Sí', 'Mozambique', '2016-11-26 23:00:00'),
('356593972', '500238087', 'Fiji', '1932059032564185797', 'Sí', 'Divorciado', 'En paro', 'Moto', 'Otros', 'No', 'United States of America', '2016-02-26 23:00:00'),
('361886028', '504031960', 'Kuwait', '9571045748765052843', 'No', 'Viúdo', 'Jubilado', 'Moto', 'Internet', 'No', 'Botswana', '2017-11-23 23:00:00'),
('371413021', '507459869', 'Jordan', '2144349016276290640', 'Sí', 'Soltero', 'Jubilado', 'Moto', 'Otros', 'No', 'Wallis and Futuna', '2017-07-12 22:00:00'),
('371797112', '509477186', 'Gabon', '6671582806184465726', 'No', 'Casado', 'Jubilado', 'Bus', 'Otros', 'Sí', 'Honduras', '2018-08-23 22:00:00'),
('378107388', '510488616', 'Svalbard & Jan Mayen', '9076489176393229412', 'No', 'Soltero', 'Autónomo', 'Camión', 'Publicidad', 'No', 'Canada', '2020-01-14 23:00:00'),
('378223474', '516246283', 'Ukraine', '9107687571732415148', 'Sí', 'Divorciado', 'Cooperativista', 'Moto', 'Publicidad', 'No', 'Indonesia', '2016-08-07 22:00:00'),
('380520823', '519263358', 'Cameroon', '3009449145238889434', 'No', 'Soltero', 'Empresario', 'Avión', 'Publicidad', 'Sí', 'Solomon Islands', '2017-02-05 23:00:00'),
('382690090', '519682526', 'Pakistan', '5676937265503538469', 'Sí', 'Divorciado', 'En paro', 'Camión', 'Publicidad', 'No', 'Dominica', '2012-11-03 23:00:00'),
('383060974', '520099964', 'San Marino', '7576448051980238596', 'Sí', 'Casado', 'Asalariado', 'Bus', 'Internet', 'No', 'Malta', '2013-01-20 23:00:00'),
('386565342', '523222993', 'Guatemala', '8669858756224789622', 'Sí', 'Soltero', 'Asalariado', 'Avión', 'Otros', 'No', 'Christmas Island', '2015-02-08 23:00:00'),
('388970430', '523746617', 'Zambia', '6975883248653030090', 'Sí', 'Viúdo', 'Asalariado', 'Bus', 'Otros', 'No', 'Saint Martin', '2014-01-23 23:00:00'),
('390526232', '525092599', 'Guatemala', '6202208744184504441', 'Sí', 'Divorciado', 'En paro', 'Moto', 'Publicidad', 'No', 'Saint Vincent and the Grenadines', '2018-06-04 22:00:00'),
('397732946', '528034847', 'Iraq', '9756125234338765727', 'No', 'Soltero', 'Autónomo', 'Camión', 'Otros', 'Sí', 'Sudan', '2018-06-16 22:00:00'),
('402184486', '531148387', 'Egypt', '3778818277626109427', 'No', 'Casado', 'Asalariado', 'Avión', 'Conocidos', 'No', 'French Guiana', '2015-12-23 23:00:00'),
('405861534', '538395683', 'Solomon Islands', '2376427289592323855', 'No', 'Divorciado', 'Autónomo', 'Tren', 'Publicidad', 'No', 'Dominica', '2011-09-16 22:00:00'),
('409254635', '539775954', 'Ireland', '5378555876326547298', 'Sí', 'Soltero', 'Asalariado', 'Moto', 'Publicidad', 'Sí', 'Heard Island and McDonald Islands', '2016-03-28 22:00:00'),
('410456407', '543607464', 'Chad', '0167369136249119385', 'Sí', 'Divorciado', 'Autónomo', 'Tren', 'Internet', 'No', 'Montenegro', '2013-04-14 22:00:00'),
('415662868', '545181726', 'Israel', '4058631259202987479', 'No', 'Casado', 'Jubilado', 'Coche', 'Otros', 'Sí', 'Bermuda', '2017-09-02 22:00:00'),
('417405934', '546053911', 'Finland', '9965098133481522321', 'Sí', 'Viúdo', 'Empresario', 'Coche', 'Internet', 'Sí', 'Northern Mariana Islands', '2020-07-14 22:00:00'),
('418675295', '548744371', 'Sweden', '7152215339515725507', 'No', 'Divorciado', 'Empresario', 'Avión', 'Otros', 'Sí', 'Central African Republic', '2011-07-23 22:00:00'),
('418791699', '552008644', 'Zambia', '9137824296654615176', 'No', 'Viúdo', 'Empresario', 'Camión', 'Publicidad', 'No', 'Isle of Man', '2012-07-05 22:00:00'),
('427047860', '552755483', 'Turkey', '4604081291451599538', 'Sí', 'Viúdo', 'Asalariado', 'Avión', 'Otros', 'No', 'Taiwan', '2020-07-01 22:00:00'),
('430508402', '563235773', 'Hungary', '4323715492413568528', 'Sí', 'Soltero', 'Empresario', 'Bus', 'Internet', 'Sí', 'Tajikistan', '2013-10-16 22:00:00'),
('433438601', '569752286', 'Saint Kitts and Nevi', '9244307319766266585', 'Sí', 'Casado', 'En paro', 'Moto', 'Otros', 'Sí', 'Saint Pierre and Miquelon', '2017-02-01 23:00:00'),
('433889190', '569919959', 'Saint Barthelemy', '5838160805406852550', 'No', 'Divorciado', 'Empresario', 'Camión', 'Internet', 'Sí', 'Micronesia', '2020-06-27 22:00:00'),
('434993654', '571789959', 'Puerto Rico', '8374022506264549069', 'Sí', 'Casado', 'Asalariado', 'Camión', 'Conocidos', 'Sí', 'Zimbabwe', '2012-12-03 23:00:00'),
('437001599', '580939836', 'Costa Rica', '1265246078450759101', 'No', 'Casado', 'Autónomo', 'Coche', 'Internet', 'No', 'Cayman Islands', '2016-07-25 22:00:00'),
('437822664', '583178213', 'Thailand', '0605612589067713105', 'No', 'Divorciado', 'Jubilado', 'Avión', 'Otros', 'No', 'Malawi', '2017-06-24 22:00:00'),
('439052005', '585315434', 'Zambia', '3580457085558519810', 'No', 'Viúdo', 'Cooperativista', 'Tren', 'Internet', 'Sí', 'Cote d\'Ivoire', '2017-12-26 23:00:00'),
('442335865', '594576314', 'Panama', '7678672121215735901', 'Sí', 'Divorciado', 'Asalariado', 'Tren', 'Conocidos', 'No', 'Luxembourg', '2018-01-04 23:00:00'),
('445261917', '596795128', 'Sierra Leone', '7425798596527618359', 'No', 'Divorciado', 'En paro', 'Avión', 'Publicidad', 'No', 'Fiji', '2020-09-24 22:00:00'),
('447118327', '598031287', 'Sweden', '7094686930241048832', 'Sí', 'Divorciado', 'Empresario', 'Bus', 'Publicidad', 'Sí', 'Serbia', '2017-04-25 22:00:00'),
('450302745', '604419349', 'Kazakhstan', '1679967810190350181', 'Sí', 'Casado', 'Jubilado', 'Bus', 'Internet', 'Sí', 'Nigeria', '2019-08-04 22:00:00'),
('450396389', '604652685', 'Mauritius', '7900399405908436949', 'No', 'Soltero', 'Cooperativista', 'Moto', 'Publicidad', 'No', 'Saint Helena', '2012-04-23 22:00:00'),
('452500322', '604720329', 'Korea', '6955351696786972646', 'Sí', 'Viúdo', 'Empresario', 'Camión', 'Conocidos', 'Sí', 'Lesotho', '2014-10-01 22:00:00'),
('454857108', '612642474', 'Slovakia (Slovak Rep', '3815089753416046583', 'Sí', 'Viúdo', 'Cooperativista', 'Moto', 'Internet', 'No', 'Israel', '2013-08-17 22:00:00'),
('456592433', '613065371', 'Netherlands', '4017220964538359678', 'No', 'Soltero', 'Jubilado', 'Bus', 'Otros', 'Sí', 'Cocos (Keeling) Islands', '2016-11-04 23:00:00'),
('460860167', '614657226', 'Uganda', '9714387236178544238', 'No', 'Viúdo', 'Empresario', 'Moto', 'Publicidad', 'Sí', 'Brunei Darussalam', '2019-01-17 23:00:00'),
('460899803', '615565916', 'Saint Lucia', '3148891083642564199', 'Sí', 'Casado', 'Autónomo', 'Avión', 'Conocidos', 'Sí', 'Morocco', '2019-03-21 23:00:00'),
('461740370', '618398250', 'Botswana', '7540753578249220477', 'Sí', 'Divorciado', 'Autónomo', 'Tren', 'Internet', 'Sí', 'Gibraltar', '2014-03-01 23:00:00'),
('463145512', '619262677', 'Ecuador', '0028320688091953896', 'Sí', 'Soltero', 'Asalariado', 'Bus', 'Internet', 'Sí', 'Botswana', '2013-09-17 22:00:00'),
('463152164', '620429947', 'Martinique', '2721732031397669940', 'No', 'Casado', 'Cooperativista', 'Bus', 'Publicidad', 'No', 'Tokelau', '2016-02-27 23:00:00'),
('463413654', '629590340', 'Hungary', '7827674915661892072', 'No', 'Divorciado', 'Empresario', 'Coche', 'Publicidad', 'Sí', 'British Virgin Islands', '2016-03-18 23:00:00'),
('465467967', '632766336', 'Zambia', '9804190257130921671', 'Sí', 'Soltero', 'Cooperativista', 'Moto', 'Internet', 'Sí', 'Chile', '2011-04-10 22:00:00'),
('468908117', '635752321', 'Christmas Island', '0235949608699123126', 'No', 'Casado', 'Asalariado', 'Moto', 'Internet', 'No', 'Cayman Islands', '2015-06-16 22:00:00'),
('472332883', '637048379', 'Liechtenstein', '0048006736472971219', 'Sí', 'Viúdo', 'Cooperativista', 'Coche', 'Internet', 'No', 'Uruguay', '2014-03-13 23:00:00'),
('472987691', '640422512', 'Congo', '1698801884709439592', 'No', 'Soltero', 'Cooperativista', 'Avión', 'Otros', 'No', 'Sudan', '2013-07-04 22:00:00'),
('477582918', '650739560', 'Andorra', '8567648417052356528', 'No', 'Casado', 'Jubilado', 'Avión', 'Conocidos', 'Sí', 'Turkey', '2018-12-07 23:00:00'),
('477835429', '659987678', 'Gabon', '2929424847229545876', 'No', 'Soltero', 'En paro', 'Moto', 'Publicidad', 'No', 'Vanuatu', '2021-02-26 23:00:00'),
('479100213', '660904323', 'Pakistan', '9681313069184154058', 'Sí', 'Soltero', 'Asalariado', 'Tren', 'Conocidos', 'No', 'Liberia', '2013-09-06 22:00:00'),
('479636693', '667315631', 'French Polynesia', '1554473260181307035', 'Sí', 'Viúdo', 'Jubilado', 'Camión', 'Conocidos', 'Sí', 'Zimbabwe', '2018-01-05 23:00:00'),
('479697307', '667742802', 'New Caledonia', '9294183305990671586', 'No', 'Soltero', 'Asalariado', 'Coche', 'Internet', 'No', 'Libyan Arab Jamahiriya', '2013-09-12 22:00:00'),
('480358821', '669545023', 'Greece', '9200692076102558501', 'Sí', 'Casado', 'En paro', 'Camión', 'Otros', 'Sí', 'Iceland', '2018-09-13 22:00:00'),
('482938497', '673479514', 'Gambia', '8306353665062524804', 'No', 'Viúdo', 'Asalariado', 'Moto', 'Internet', 'Sí', 'Mexico', '2015-02-19 23:00:00'),
('485630921', '674211310', 'Namibia', '5703216766631960837', 'Sí', 'Casado', 'Jubilado', 'Tren', 'Internet', 'Sí', 'Northern Mariana Islands', '2020-01-27 23:00:00'),
('487704520', '679979298', 'Slovenia', '6746259722733671661', 'Sí', 'Soltero', 'Jubilado', 'Camión', 'Publicidad', 'Sí', 'Tokelau', '2017-12-05 23:00:00'),
('490917362', '680512470', 'Macedonia', '2074593748687070229', 'No', 'Viúdo', 'Asalariado', 'Bus', 'Internet', 'Sí', 'Dominican Republic', '2018-10-30 23:00:00'),
('496234200', '681757314', 'Paraguay', '1128471974704794457', 'Sí', 'Viúdo', 'Jubilado', 'Bus', 'Publicidad', 'Sí', 'Korea', '2015-08-06 22:00:00'),
('497778340', '693160653', 'India', '5898837730332257767', 'No', 'Viúdo', 'Asalariado', 'Camión', 'Publicidad', 'Sí', 'Taiwan', '2018-11-20 23:00:00'),
('497948446', '696371962', 'Algeria', '5267333885264655706', 'Sí', 'Viúdo', 'Cooperativista', 'Coche', 'Otros', 'No', 'Macedonia', '2016-04-14 22:00:00'),
('497959810', '699903042', 'China', '7465140721716181990', 'Sí', 'Casado', 'Jubilado', 'Camión', 'Otros', 'Sí', 'Norfolk Island', '2021-01-14 23:00:00'),
('498307082', '702218564', 'Liechtenstein', '0853810197313850929', 'No', 'Casado', 'Empresario', 'Camión', 'Otros', 'No', 'Portugal', '2011-05-24 22:00:00'),
('499737574', '702629280', 'Pakistan', '4617669529065820199', 'Sí', 'Casado', 'Autónomo', 'Tren', 'Publicidad', 'No', 'Paraguay', '2015-02-01 23:00:00'),
('499928803', '705483133', 'Lithuania', '7026700981557446232', 'No', 'Casado', 'Autónomo', 'Bus', 'Internet', 'No', 'French Guiana', '2016-10-25 22:00:00'),
('502381174', '706326262', 'Oman', '0761926941719212796', 'No', 'Soltero', 'Empresario', 'Camión', 'Internet', 'Sí', 'Mayotte', '2013-05-22 22:00:00'),
('508830251', '707082008', 'Korea', '3351104963018893605', 'Sí', 'Viúdo', 'Empresario', 'Bus', 'Publicidad', 'Sí', 'Belize', '2019-07-13 22:00:00'),
('509096748', '708157576', 'Jamaica', '5413986131421759307', 'No', 'Soltero', 'Empresario', 'Coche', 'Otros', 'Sí', 'Bahamas', '2019-07-21 22:00:00'),
('517930637', '709897689', 'Cook Islands', '2287782284617521982', 'No', 'Soltero', 'Empresario', 'Bus', 'Conocidos', 'Sí', 'Spain', '2012-01-02 23:00:00'),
('521570995', '710256760', 'Sweden', '4470091626649573191', 'Sí', 'Soltero', 'Autónomo', 'Avión', 'Otros', 'No', 'Mongolia', '2017-08-19 22:00:00'),
('522124286', '710567605', 'Bolivia', '2127548437869086496', 'Sí', 'Casado', 'Jubilado', 'Avión', 'Publicidad', 'Sí', 'Suriname', '2013-12-15 23:00:00'),
('524489700', '718008635', 'Philippines', '6961040896414274763', 'No', 'Soltero', 'Asalariado', 'Bus', 'Conocidos', 'Sí', 'Norfolk Island', '2017-06-11 22:00:00'),
('526485513', '719717093', 'Yemen', '9848946618162820122', 'No', 'Viúdo', 'Cooperativista', 'Tren', 'Conocidos', 'Sí', 'Cape Verde', '2014-01-16 23:00:00'),
('530295604', '724832078', 'Bahamas', '7674594743515682431', 'Sí', 'Soltero', 'Jubilado', 'Moto', 'Conocidos', 'Sí', 'Yemen', '2012-08-17 22:00:00'),
('533632170', '725892270', 'France', '6464585884165430090', 'No', 'Divorciado', 'Asalariado', 'Camión', 'Internet', 'No', 'Colombia', '2019-06-04 22:00:00'),
('536249183', '726571756', 'Dominica', '0180201328540173107', 'Sí', 'Casado', 'Cooperativista', 'Avión', 'Conocidos', 'Sí', 'Panama', '2016-10-23 22:00:00'),
('537394720', '727828080', 'Nauru', '7301251016648137242', 'No', 'Viúdo', 'Empresario', 'Camión', 'Conocidos', 'Sí', 'Macao', '2019-12-16 23:00:00'),
('539697134', '728892539', 'Western Sahara', '9593609005943534379', 'No', 'Viúdo', 'Autónomo', 'Bus', 'Otros', 'Sí', 'Cyprus', '2011-08-05 22:00:00'),
('550306440', '729716434', 'Tonga', '9028935136480466378', 'Sí', 'Soltero', 'Empresario', 'Tren', 'Internet', 'No', 'Egypt', '2012-02-19 23:00:00'),
('553635210', '730181473', 'Taiwan', '8791217742806796289', 'Sí', 'Viúdo', 'Cooperativista', 'Bus', 'Internet', 'Sí', 'Belize', '2018-03-28 22:00:00'),
('555259328', '732630392', 'Palau', '1484542275306938188', 'No', 'Divorciado', 'Empresario', 'Avión', 'Conocidos', 'Sí', 'Liberia', '2019-12-03 23:00:00'),
('557154858', '737756008', 'New Zealand', '8023158495752796208', 'Sí', 'Viúdo', 'En paro', 'Camión', 'Publicidad', 'Sí', 'Benin', '2011-08-29 22:00:00'),
('558572616', '745737429', 'Singapore', '6083174528184214550', 'Sí', 'Viúdo', 'Jubilado', 'Camión', 'Publicidad', 'No', 'Djibouti', '2019-10-20 22:00:00'),
('558635813', '745885093', 'Saint Pierre and Miq', '1380736265963709728', 'No', 'Soltero', 'Empresario', 'Moto', 'Publicidad', 'Sí', 'United States of America', '2012-09-29 22:00:00'),
('559045547', '751007615', 'Belgium', '8116742692081882332', 'No', 'Viúdo', 'Empresario', 'Moto', 'Conocidos', 'Sí', 'British Indian Ocean Territory (Chagos A', '2013-04-29 22:00:00'),
('563795719', '756277167', 'Dominica', '2472931420708575561', 'Sí', 'Soltero', 'Cooperativista', 'Camión', 'Publicidad', 'Sí', 'Brunei Darussalam', '2018-08-23 22:00:00'),
('568903981', '757374552', 'Pakistan', '7827091509832711625', 'Sí', 'Divorciado', 'Empresario', 'Coche', 'Internet', 'Sí', 'Madagascar', '2016-09-15 22:00:00'),
('577664259', '757762815', 'Greenland', '6963892002360626484', 'No', 'Casado', 'Asalariado', 'Bus', 'Conocidos', 'Sí', 'French Southern Territories', '2016-08-31 22:00:00'),
('578930181', '758846457', 'Jamaica', '5817555651197737671', 'No', 'Viúdo', 'Jubilado', 'Moto', 'Conocidos', 'No', 'Poland', '2017-06-22 22:00:00'),
('582036311', '763142346', 'Hungary', '4958175800368867248', 'No', 'Viúdo', 'En paro', 'Camión', 'Otros', 'No', 'Liberia', '2011-07-11 22:00:00'),
('589541445', '765721620', 'Malaysia', '3746248103334543419', 'No', 'Viúdo', 'Asalariado', 'Camión', 'Internet', 'Sí', 'Honduras', '2016-05-12 22:00:00'),
('590765826', '787620947', 'Falkland Islands (Ma', '3174220563062336696', 'No', 'Casado', 'Jubilado', 'Camión', 'Otros', 'No', 'Mozambique', '2017-07-23 22:00:00'),
('592171158', '787898222', 'Myanmar', '8794274137481232230', 'No', 'Casado', 'Empresario', 'Bus', 'Internet', 'No', 'Romania', '2017-12-19 23:00:00'),
('595431912', '789896278', 'Portugal', '2795790398723940123', 'Sí', 'Soltero', 'Autónomo', 'Avión', 'Internet', 'Sí', 'Saint Kitts and Nevis', '2014-07-20 22:00:00'),
('597770069', '793313978', 'Gabon', '5840221886784628294', 'Sí', 'Viúdo', 'Jubilado', 'Avión', 'Conocidos', 'Sí', 'Egypt', '2019-01-29 23:00:00'),
('599582414', '797763713', 'Mali', '8526868094303085625', 'No', 'Divorciado', 'Asalariado', 'Coche', 'Conocidos', 'Sí', 'Cyprus', '2014-11-19 23:00:00'),
('604529513', '798855852', 'Thailand', '0626489648590979571', 'No', 'Viúdo', 'En paro', 'Tren', 'Conocidos', 'Sí', 'Fiji', '2019-10-18 22:00:00'),
('605227492', '803796616', 'Ethiopia', '0983905277340593540', 'No', 'Casado', 'Asalariado', 'Avión', 'Conocidos', 'No', 'Guernsey', '2013-08-20 22:00:00'),
('606190363', '806868231', 'Philippines', '4526112003332026785', 'Sí', 'Soltero', 'Cooperativista', 'Tren', 'Conocidos', 'Sí', 'Christmas Island', '2018-04-24 22:00:00'),
('608877051', '809305283', 'Wallis and Futuna', '0622405354256731872', 'No', 'Viúdo', 'Jubilado', 'Coche', 'Publicidad', 'Sí', 'Myanmar', '2015-07-11 22:00:00'),
('613661615', '809422863', 'Sri Lanka', '9077981132149655061', 'Sí', 'Divorciado', 'Empresario', 'Tren', 'Publicidad', 'Sí', 'Pakistan', '2014-05-29 22:00:00'),
('619593962', '812511361', 'Equatorial Guinea', '4045092858464148316', 'No', 'Casado', 'Jubilado', 'Coche', 'Conocidos', 'Sí', 'Antigua and Barbuda', '2019-05-19 22:00:00'),
('620524744', '813183517', 'United States of Ame', '7610638275424857172', 'Sí', 'Casado', 'En paro', 'Bus', 'Conocidos', 'No', 'Dominican Republic', '2011-11-15 23:00:00'),
('620641723', '813941602', 'Sweden', '0534495633233816839', 'No', 'Viúdo', 'Empresario', 'Avión', 'Conocidos', 'No', 'Cameroon', '2017-05-12 22:00:00'),
('621723521', '814675158', 'Belize', '2005493040948898969', 'No', 'Viúdo', 'Empresario', 'Coche', 'Internet', 'Sí', 'Martinique', '2013-07-16 22:00:00'),
('623964093', '817612771', 'Hungary', '6221646116441398851', 'Sí', 'Casado', 'Jubilado', 'Avión', 'Publicidad', 'No', 'Martinique', '2019-09-14 22:00:00'),
('624915747', '817764457', 'Tajikistan', '1180461473321911902', 'No', 'Viúdo', 'Empresario', 'Avión', 'Internet', 'Sí', 'Guyana', '2016-01-01 23:00:00'),
('626476103', '822536471', 'Saint Lucia', '9903548434807929769', 'Sí', 'Casado', 'Autónomo', 'Tren', 'Internet', 'No', 'Kiribati', '2019-07-13 22:00:00'),
('626765930', '823471727', 'Saint Pierre and Miq', '9063056840531414157', 'Sí', 'Casado', 'Asalariado', 'Bus', 'Internet', 'No', 'Guatemala', '2011-03-16 23:00:00'),
('627221290', '824834463', 'Peru', '6342095621750727951', 'Sí', 'Viúdo', 'Cooperativista', 'Tren', 'Internet', 'Sí', 'Pakistan', '2013-07-07 22:00:00'),
('627630668', '826852297', 'Nicaragua', '6135093156059789074', 'No', 'Viúdo', 'Jubilado', 'Bus', 'Otros', 'No', 'Turkey', '2012-10-29 23:00:00'),
('631363218', '830618389', 'Ecuador', '8323959069611164142', 'Sí', 'Divorciado', 'En paro', 'Tren', 'Publicidad', 'Sí', 'Guinea', '2012-05-29 22:00:00'),
('636832294', '831159601', 'Brunei Darussalam', '3324173605138479698', 'Sí', 'Viúdo', 'Asalariado', 'Camión', 'Otros', 'Sí', 'Somalia', '2014-09-08 22:00:00'),
('637003464', '835174416', 'Maldives', '9430198881697705474', 'Sí', 'Casado', 'Jubilado', 'Tren', 'Otros', 'Sí', 'Saint Lucia', '2014-01-07 23:00:00'),
('639614869', '836899423', 'Venezuela', '2488842526490294093', 'Sí', 'Soltero', 'Asalariado', 'Tren', 'Otros', 'Sí', 'Western Sahara', '2017-08-11 22:00:00'),
('640078434', '843781682', 'Belgium', '0185040442213440495', 'Sí', 'Viúdo', 'Jubilado', 'Avión', 'Internet', 'No', 'Ukraine', '2013-08-22 22:00:00'),
('640347021', '845539386', 'Bahrain', '0996772086105847163', 'No', 'Soltero', 'Cooperativista', 'Coche', 'Conocidos', 'No', 'Bermuda', '2019-07-30 22:00:00'),
('649257219', '846346347', 'Tokelau', '1693826160112583108', 'No', 'Divorciado', 'En paro', 'Tren', 'Internet', 'No', 'Saudi Arabia', '2014-05-12 22:00:00'),
('651123967', '851502445', 'Belarus', '4785510993597607851', 'Sí', 'Viúdo', 'Autónomo', 'Coche', 'Publicidad', 'No', 'Brazil', '2015-12-31 23:00:00'),
('652875260', '852986391', 'Djibouti', '0137066688572192876', 'No', 'Casado', 'Cooperativista', 'Moto', 'Conocidos', 'No', 'United States Minor Outlying Islands', '2016-03-26 23:00:00'),
('653789552', '858319483', 'Colombia', '2490343777743051427', 'Sí', 'Casado', 'Empresario', 'Camión', 'Publicidad', 'No', 'Solomon Islands', '2014-10-19 22:00:00'),
('654624861', '861229569', 'Barbados', '4501507890022279914', 'Sí', 'Casado', 'Jubilado', 'Tren', 'Conocidos', 'Sí', 'Equatorial Guinea', '2018-12-26 23:00:00'),
('656410385', '861748544', 'El Salvador', '4478026334588275196', 'No', 'Viúdo', 'Empresario', 'Avión', 'Conocidos', 'No', 'Saint Lucia', '2012-05-12 22:00:00'),
('657411590', '862836924', 'Ethiopia', '5851425686553543897', 'No', 'Divorciado', 'En paro', 'Bus', 'Publicidad', 'No', 'Suriname', '2016-11-14 23:00:00'),
('665433492', '863391721', 'Chad', '8936371462220005224', 'No', 'Divorciado', 'Asalariado', 'Camión', 'Conocidos', 'Sí', 'Cocos (Keeling) Islands', '2015-03-01 23:00:00'),
('667650596', '871554486', 'Congo', '3626772263861350255', 'Sí', 'Viúdo', 'En paro', 'Moto', 'Internet', 'Sí', 'Belize', '2011-09-13 22:00:00'),
('671060168', '872292958', 'Chile', '5659137095485556613', 'Sí', 'Casado', 'En paro', 'Avión', 'Otros', 'Sí', 'Papua New Guinea', '2016-01-10 23:00:00'),
('673301044', '872395551', 'Pakistan', '4939050130088346883', 'No', 'Divorciado', 'Cooperativista', 'Tren', 'Internet', 'Sí', 'Ireland', '2020-07-07 22:00:00'),
('677136486', '880661351', 'Malta', '1548629077703657511', 'No', 'Casado', 'En paro', 'Bus', 'Otros', 'Sí', 'Indonesia', '2011-04-23 22:00:00'),
('677400876', '885232647', 'French Polynesia', '3103541702770285200', 'Sí', 'Casado', 'Cooperativista', 'Coche', 'Publicidad', 'Sí', 'Oman', '2014-06-13 22:00:00'),
('678855352', '886958793', 'Saint Pierre and Miq', '7961731849503334172', 'No', 'Divorciado', 'Autónomo', 'Tren', 'Internet', 'Sí', 'Colombia', '2017-04-19 22:00:00'),
('683613550', '887909302', 'Japan', '0813773374057221515', 'Sí', 'Casado', 'Cooperativista', 'Avión', 'Publicidad', 'Sí', 'Swaziland', '2014-10-12 22:00:00'),
('684663723', '888428768', 'Estonia', '9069743122587115506', 'No', 'Casado', 'Autónomo', 'Moto', 'Publicidad', 'Sí', 'Netherlands', '2015-09-27 22:00:00'),
('690252457', '889247940', 'Solomon Islands', '5691426037623678091', 'No', 'Viúdo', 'Cooperativista', 'Bus', 'Otros', 'No', 'Niue', '2012-02-14 23:00:00'),
('690429341', '899011135', 'Reunion', '3399669167972146083', 'Sí', 'Divorciado', 'Asalariado', 'Bus', 'Internet', 'No', 'Guadeloupe', '2013-01-14 23:00:00'),
('693059007', '901294197', 'Uruguay', '1638157444668695874', 'Sí', 'Soltero', 'Autónomo', 'Camión', 'Otros', 'Sí', 'Sudan', '2021-02-19 23:00:00'),
('695899536', '902508679', 'Russian Federation', '6570654697446509999', 'Sí', 'Soltero', 'Empresario', 'Moto', 'Internet', 'Sí', 'Nigeria', '2017-09-16 22:00:00'),
('699199450', '910121622', 'Panama', '4569812853376937008', 'Sí', 'Divorciado', 'Asalariado', 'Bus', 'Otros', 'No', 'Sri Lanka', '2016-01-04 23:00:00'),
('700389957', '910280215', 'Zambia', '3828007022293251412', 'No', 'Viúdo', 'Jubilado', 'Bus', 'Internet', 'No', 'Paraguay', '2012-11-30 23:00:00'),
('704536530', '911790391', 'Bangladesh', '3664067731264488495', 'No', 'Casado', 'Empresario', 'Camión', 'Conocidos', 'No', 'Anguilla', '2017-06-22 22:00:00'),
('704868571', '922589098', 'Iraq', '8881428450476498906', 'Sí', 'Soltero', 'Asalariado', 'Coche', 'Internet', 'No', 'Burkina Faso', '2013-05-11 22:00:00'),
('714185124', '930322898', 'Cameroon', '1376075313852910542', 'Sí', 'Soltero', 'En paro', 'Moto', 'Otros', 'No', 'Australia', '2013-10-28 23:00:00'),
('715910297', '931706885', 'Kyrgyz Republic', '1175606575590190460', 'No', 'Divorciado', 'Cooperativista', 'Bus', 'Publicidad', 'No', 'Vanuatu', '2018-11-10 23:00:00'),
('720131171', '940659178', 'Bahrain', '9797289736664777893', 'No', 'Casado', 'Autónomo', 'Avión', 'Internet', 'No', 'Kyrgyz Republic', '2017-05-11 22:00:00'),
('725099942', '942923500', 'Norfolk Island', '7137620805613845984', 'No', 'Soltero', 'Jubilado', 'Coche', 'Internet', 'No', 'Hungary', '2016-08-24 22:00:00'),
('729896059', '945445636', 'Qatar', '7130082074843422085', 'No', 'Casado', 'En paro', 'Avión', 'Internet', 'Sí', 'Tajikistan', '2015-09-06 22:00:00'),
('731974760', '946603299', 'Bulgaria', '7802289669132857624', 'Sí', 'Viúdo', 'Empresario', 'Bus', 'Otros', 'No', 'Chile', '2019-07-05 22:00:00'),
('732778521', '950716539', 'Heard Island and McD', '4931561321765246414', 'Sí', 'Viúdo', 'Asalariado', 'Camión', 'Otros', 'No', 'British Virgin Islands', '2012-07-13 22:00:00'),
('733816850', '958881907', 'Eritrea', '5063163275075544081', 'No', 'Soltero', 'Autónomo', 'Bus', 'Otros', 'Sí', 'Azerbaijan', '2018-12-18 23:00:00'),
('734038497', '960661551', 'Poland', '5863800202267508510', 'Sí', 'Viúdo', 'Asalariado', 'Avión', 'Publicidad', 'Sí', 'Canada', '2016-04-29 22:00:00'),
('735074564', '962851485', 'Mali', '7845808475053665960', 'Sí', 'Divorciado', 'Jubilado', 'Coche', 'Conocidos', 'No', 'Croatia', '2019-12-05 23:00:00'),
('735513168', '965341674', 'British Indian Ocean', '9575800582514121127', 'Sí', 'Viúdo', 'Cooperativista', 'Tren', 'Otros', 'Sí', 'Japan', '2013-10-02 22:00:00'),
('735841912', '969105197', 'Luxembourg', '9126421729805800189', 'No', 'Soltero', 'Cooperativista', 'Coche', 'Otros', 'No', 'Poland', '2016-11-08 23:00:00'),
('736206277', '975077274', 'Palestinian Territor', '1277845638463066214', 'Sí', 'Divorciado', 'Asalariado', 'Moto', 'Internet', 'No', 'Andorra', '2016-03-17 23:00:00'),
('737348992', '979525087', 'South Georgia and th', '2859492189860498392', 'Sí', 'Divorciado', 'Autónomo', 'Tren', 'Internet', 'Sí', 'Saudi Arabia', '2015-08-26 22:00:00'),
('742197826', '984259211', 'Nicaragua', '8489773681328495355', 'Sí', 'Casado', 'Cooperativista', 'Avión', 'Conocidos', 'No', 'Grenada', '2013-09-01 22:00:00'),
('744002517', '988224311', 'Netherlands Antilles', '2030674456136691825', 'No', 'Divorciado', 'Jubilado', 'Moto', 'Publicidad', 'No', 'Romania', '2016-05-10 22:00:00'),
('746344270', '989443836', 'Korea', '2223582108960484695', 'No', 'Divorciado', 'Jubilado', 'Moto', 'Otros', 'Sí', 'Chile', '2014-07-08 22:00:00'),
('747808805', '994787037', 'Zambia', '4358170254027025469', 'Sí', 'Soltero', 'Cooperativista', 'Camión', 'Publicidad', 'No', 'Mauritania', '2016-09-07 22:00:00');

-- --------------------------------------------------------

--
-- Estructura de tabla para la tabla `persona`
--

DROP TABLE IF EXISTS `persona`;
CREATE TABLE IF NOT EXISTS `persona` (
  `NUM_ID` varchar(9) COLLATE utf8_spanish_ci NOT NULL,
  `NOMBRE` varchar(40) COLLATE utf8_spanish_ci NOT NULL,
  `TELEFONO` varchar(31) COLLATE utf8_spanish_ci NOT NULL,
  `FECHA_NACIMIENTO` date DEFAULT NULL,
  `GENERO` enum('Masculino','Femenino','Otro') COLLATE utf8_spanish_ci DEFAULT NULL,
  `ULTIMA_ACTUALIZACION` timestamp NOT NULL DEFAULT current_timestamp() ON UPDATE current_timestamp(),
  PRIMARY KEY (`NUM_ID`),
  UNIQUE KEY `TELEFONO` (`TELEFONO`)
) ENGINE=InnoDB DEFAULT CHARSET=utf8 COLLATE=utf8_spanish_ci;

--
-- Volcado de datos para la tabla `persona`
--

INSERT INTO `persona` (`NUM_ID`, `NOMBRE`, `TELEFONO`, `FECHA_NACIMIENTO`, `GENERO`, `ULTIMA_ACTUALIZACION`) VALUES
('001654488', 'Helen Sanford', '1-707-441-4149', '1920-03-12', 'Otro', '2020-02-29 23:00:00'),
('006370090', 'Reina Wintheiser', '537-043-5306x3415', '1944-04-18', 'Otro', '2013-06-05 22:00:00'),
('007177728', 'Patricia Bradtke', '1-054-914-2319', '1904-10-13', 'Masculino', '2019-12-26 23:00:00'),
('009097848', 'Betty Bashirian', '1-413-318-6867x343', '1999-12-17', 'Otro', '2017-07-14 22:00:00'),
('013074339', 'Mrs. Amely Beier', '(272)501-4697x78244', '1948-02-16', 'Masculino', '2015-08-08 22:00:00'),
('021067009', 'Prof. Hermann Roob', '328-310-4238x2498', '1985-04-22', 'Masculino', '2019-04-11 22:00:00'),
('021366498', 'Shanie Jenkins', '993-179-6622', '1942-02-27', 'Masculino', '2020-01-21 23:00:00'),
('027590294', 'John Hartmann', '+97(6)9563950219', '1956-06-27', 'Femenino', '2013-12-01 23:00:00'),
('033174250', 'Princess Brown', '1-115-612-9400', '1945-10-27', 'Masculino', '2013-10-15 22:00:00'),
('034860330', 'Jimmie Beier', '04359507256', '1971-01-11', 'Masculino', '2015-08-03 22:00:00'),
('038687382', 'Ms. Ernestine Batz DVM', '422-748-6273x416', '1999-02-13', 'Otro', '2018-02-17 23:00:00'),
('050839707', 'Maureen Cassin Sr.', '+93(0)1449063810', '1969-08-14', 'Femenino', '2015-11-15 23:00:00'),
('051014080', 'Dr. Vincenzo Cummings Jr.', '751-866-1814', '1996-04-30', 'Femenino', '2014-03-03 23:00:00'),
('052492299', 'Marcelino Pollich Jr.', '+98(4)7859898415', '1959-02-26', 'Femenino', '2011-05-08 22:00:00'),
('053034739', 'Hillard Hettinger', '743.206.7727x9714', '1921-11-15', 'Otro', '2017-12-17 23:00:00'),
('053963100', 'Ms. Estell Casper Sr.', '1-717-054-6006x5527', '1939-07-27', 'Otro', '2018-01-06 23:00:00'),
('055606756', 'Jamil Stamm PhD', '1-429-760-4150x4051', '1989-04-03', 'Femenino', '2014-05-31 22:00:00'),
('060005522', 'Electa Legros', '908-584-2873x8099', '1946-07-14', 'Otro', '2012-01-23 23:00:00'),
('064336002', 'Mr. Ignatius Gleichner DDS', '863.253.8698', '1932-10-09', 'Otro', '2015-08-31 22:00:00'),
('064504013', 'Wilton Windler', '(377)760-9597x742', '1944-11-27', 'Otro', '2020-11-17 23:00:00'),
('065445693', 'Maryse Hudson', '425-452-3049x0053', '1985-03-21', 'Masculino', '2016-02-21 23:00:00'),
('067128755', 'Nelda Robel', '311-417-6081', '1939-01-12', 'Masculino', '2017-01-24 23:00:00'),
('067482706', 'Rahsaan Kunze', '+47(9)7769974285', '1901-07-27', 'Otro', '2012-02-16 23:00:00'),
('067731360', 'Ezequiel Schultz', '605-684-6499', '1910-01-18', 'Otro', '2011-10-06 22:00:00'),
('074227986', 'Makayla Satterfield', '1-536-679-7526x900', '1932-04-19', 'Otro', '2013-05-18 22:00:00'),
('078214495', 'Mr. Oliver Price DDS', '(645)175-1188x1160', '1975-12-12', 'Otro', '2020-04-26 22:00:00'),
('078585369', 'Lonnie Treutel', '(243)307-8759x23753', '1966-10-06', 'Masculino', '2011-11-30 23:00:00'),
('080087510', 'Alyson Bayer', '048-887-7049x7310', '1921-12-16', 'Masculino', '2015-03-23 23:00:00'),
('085198716', 'Kaci Treutel', '664.571.8580', '1989-09-21', 'Femenino', '2018-12-26 23:00:00'),
('088202711', 'Aleen Becker', '+61(5)2822168387', '1961-09-18', 'Otro', '2020-08-29 22:00:00'),
('088562087', 'Jules Pfeffer Jr.', '+28(6)6364969289', '1952-11-09', 'Otro', '2014-10-15 22:00:00'),
('089927690', 'Rosendo Stracke Jr.', '1-122-030-6769x3927', '1937-07-18', 'Masculino', '2020-04-08 22:00:00'),
('091984231', 'Miss Nedra Hoppe MD', '1-582-275-7668x35690', '1925-06-14', 'Masculino', '2012-10-18 22:00:00'),
('098813990', 'Quincy Weber', '(083)679-8831x283', '1927-12-26', 'Femenino', '2012-04-10 22:00:00'),
('099670137', 'Ms. Otha Gutmann', '(599)566-0511', '1976-07-06', 'Femenino', '2013-06-16 22:00:00'),
('099976878', 'Juana Corkery Jr.', '1-360-958-3071x933', '1993-09-07', 'Masculino', '2016-01-15 23:00:00'),
('100000558', 'Bennett Bailey', '035-443-9543', '1923-10-30', 'Femenino', '2018-01-05 23:00:00'),
('110438685', 'Oleta Hyatt', '873-340-4033', '1927-04-25', 'Otro', '2018-06-09 22:00:00'),
('111141880', 'Nicolette Denesik', '1-063-297-4679x6654', '1978-04-25', 'Femenino', '2014-05-03 22:00:00'),
('113501813', 'Dr. Makayla Schuster PhD', '845-240-5459x80344', '1917-11-06', 'Masculino', '2020-01-11 23:00:00'),
('117682801', 'Declan Hegmann', '06152089859', '1928-08-30', 'Masculino', '2015-03-24 23:00:00'),
('119547209', 'Lindsay Pacocha', '1-890-207-6486', '1969-12-14', 'Masculino', '2015-05-26 22:00:00'),
('120771615', 'Grover Douglas', '1-071-573-5946x671', '1920-07-18', 'Masculino', '2016-06-03 22:00:00'),
('125732421', 'Mr. Green Gerlach', '+31(9)5971395602', '1991-06-05', 'Femenino', '2019-02-06 23:00:00'),
('126839352', 'Meagan Stokes', '03916120935', '1934-08-03', 'Masculino', '2017-05-31 22:00:00'),
('126891036', 'Dr. Filomena Rogahn II', '(880)157-1272x7117', '1900-03-28', 'Femenino', '2019-09-09 22:00:00'),
('128181932', 'Cleo Hodkiewicz', '368.668.3270x65117', '1915-06-02', 'Femenino', '2012-10-17 22:00:00'),
('133586642', 'Prof. Lorenza Kassulke', '792.329.5731x61974', '1972-09-05', 'Masculino', '2015-08-26 22:00:00'),
('135142719', 'Rosa Weimann V', '422-823-1990x59154', '1938-10-05', 'Femenino', '2013-10-28 23:00:00'),
('138322098', 'Laurie Waelchi', '974.547.0847x3871', '1902-01-13', 'Masculino', '2017-09-22 22:00:00'),
('140531595', 'Dr. Simone Gleason Jr.', '005-643-3288', '1974-03-25', 'Masculino', '2017-09-22 22:00:00'),
('140681353', 'Quinn Torp MD', '1-744-934-5307', '1981-10-21', 'Otro', '2016-12-21 23:00:00'),
('141025169', 'Monty Quitzon', '840.773.8094x679', '1990-12-29', 'Masculino', '2012-02-15 23:00:00'),
('141132650', 'Aglae Doyle', '1-135-746-9464', '1931-10-26', 'Masculino', '2011-06-24 22:00:00'),
('145406886', 'Miss Gwendolyn Powlowski V', '+60(0)1704341335', '1997-11-29', 'Femenino', '2012-03-29 22:00:00'),
('151315633', 'Virginie King', '(265)850-0907x29329', '1927-07-23', 'Masculino', '2016-10-10 22:00:00'),
('151554096', 'Omari Mayer', '627.778.0093', '1911-01-27', 'Otro', '2017-08-22 22:00:00'),
('156918287', 'Buster Ernser', '235-333-8842x70455', '1972-07-22', 'Femenino', '2020-03-28 23:00:00'),
('163884999', 'Enid Parker', '093-480-6773', '1914-07-15', 'Masculino', '2020-08-11 22:00:00'),
('168690834', 'Ms. Sandy Auer', '04132827189', '1960-08-22', 'Otro', '2016-10-17 22:00:00'),
('169379994', 'Nellie Deckow', '(524)454-3733', '1929-12-30', 'Otro', '2012-05-18 22:00:00'),
('170313791', 'Miss Helene Dietrich PhD', '621-921-5626x3303', '1970-07-02', 'Femenino', '2019-12-12 23:00:00'),
('174401135', 'Addie Green', '1-214-356-5139', '1970-03-04', 'Femenino', '2013-04-25 22:00:00'),
('176173362', 'Dr. Jerry Hahn DVM', '777-505-6078x42040', '1941-06-24', 'Femenino', '2017-10-26 22:00:00'),
('181056291', 'Norene Durgan', '1-844-960-8502', '1916-01-08', 'Femenino', '2020-03-01 23:00:00'),
('182209849', 'Aniya Orn', '759-189-9956x482', '1909-10-02', 'Femenino', '2011-11-21 23:00:00'),
('182683144', 'Roscoe Abernathy', '879-836-6001x41614', '1920-10-20', 'Otro', '2017-03-08 23:00:00'),
('183013059', 'Enrique Hermiston', '715-840-8683', '1981-09-14', 'Otro', '2013-01-16 23:00:00'),
('183197503', 'Ms. Marilyne Harris Sr.', '561-865-8548x15048', '1967-08-05', 'Masculino', '2016-09-04 22:00:00'),
('184074441', 'Athena Predovic', '1-294-748-9815x185', '1964-07-01', 'Femenino', '2018-11-14 23:00:00'),
('184682549', 'Ms. Annamae Legros', '135.307.8042x4594', '1986-09-12', 'Masculino', '2013-12-15 23:00:00'),
('188310282', 'Kellen Bosco', '(598)311-7999', '1904-11-04', 'Masculino', '2014-09-08 22:00:00'),
('190444080', 'Mrs. Cassandra Conroy', '576-077-5955x014', '1934-05-26', 'Femenino', '2011-08-21 22:00:00'),
('190849627', 'Curtis Weissnat IV', '1-793-571-2541', '1933-03-10', 'Masculino', '2013-05-30 22:00:00'),
('192105285', 'Prof. Adan Hermann', '970-953-3791x0564', '1964-08-04', 'Masculino', '2013-08-23 22:00:00'),
('192680182', 'Ms. Brielle Schmidt', '957.088.0492', '1986-10-03', 'Otro', '2020-05-14 22:00:00'),
('194929489', 'Oscar Stark', '1-173-562-5255', '1974-11-26', 'Femenino', '2014-12-30 23:00:00'),
('196558210', 'Augustus Jacobi', '834-890-1811x244', '1919-09-19', 'Masculino', '2016-03-01 23:00:00'),
('197201448', 'Dewayne Lindgren', '335.604.6090x09503', '1988-08-02', 'Femenino', '2012-03-18 23:00:00'),
('198387529', 'Baron Stanton', '03732162051', '1961-04-16', 'Masculino', '2013-10-07 22:00:00'),
('203201754', 'Dr. Mohamed Glover', '(750)146-1038', '1941-09-02', 'Masculino', '2018-12-04 23:00:00'),
('208363447', 'Bert Luettgen', '768.430.5432x67755', '1950-07-12', 'Otro', '2011-08-06 22:00:00'),
('208573493', 'Floyd Hintz', '1-207-818-0552x3465', '1905-09-26', 'Femenino', '2013-09-24 22:00:00'),
('214009880', 'Deondre Hammes', '(896)810-8930', '1944-11-10', 'Masculino', '2019-03-18 23:00:00'),
('214063489', 'Jonas Trantow PhD', '02248327302', '1903-06-24', 'Otro', '2018-08-05 22:00:00'),
('218011434', 'Sigurd Rutherford Sr.', '060.068.0022x4429', '1952-03-15', 'Masculino', '2012-07-23 22:00:00'),
('220124051', 'Antonetta Baumbach', '(239)155-9532', '1976-03-15', 'Femenino', '2017-09-27 22:00:00'),
('221436535', 'Nat Welch', '04433531737', '1971-08-11', 'Femenino', '2014-06-05 22:00:00'),
('223803603', 'Emile Schowalter', '(630)603-5218', '1936-01-27', 'Masculino', '2017-03-03 23:00:00'),
('225598255', 'Monserrat Kub', '+22(9)1744652250', '1970-09-15', 'Otro', '2019-11-25 23:00:00'),
('228492257', 'Chanelle Heidenreich', '(666)679-9383x1735', '1968-12-22', 'Otro', '2016-04-10 22:00:00'),
('229956738', 'Wade Gusikowski Sr.', '1-968-971-9039x15741', '1920-01-28', 'Otro', '2011-09-13 22:00:00'),
('231245743', 'Prof. Ethel Bayer', '02526709411', '1941-07-13', 'Otro', '2016-01-10 23:00:00'),
('231869039', 'Juston Daniel', '566.045.4923', '1961-06-20', 'Masculino', '2014-10-21 22:00:00'),
('237960760', 'Waino Wilkinson', '333.125.5808', '1986-06-01', 'Masculino', '2012-09-28 22:00:00'),
('241464686', 'Lawrence Grady', '1-162-916-8497x9058', '1929-09-06', 'Otro', '2019-04-11 22:00:00'),
('244552584', 'Miss Alanis Mraz', '202.969.2815x08706', '1904-12-16', 'Femenino', '2014-05-07 22:00:00'),
('247258929', 'Lorenzo Beahan', '+84(5)3079504943', '1901-09-09', 'Masculino', '2012-12-16 23:00:00'),
('248692571', 'Amanda Konopelski', '(932)943-1369x325', '1955-05-23', 'Femenino', '2015-11-25 23:00:00'),
('250879285', 'Jacinthe Grady', '348.838.1780', '1926-07-09', 'Otro', '2020-12-12 23:00:00'),
('253154590', 'Hassie Moore', '(292)551-6002', '1946-06-27', 'Femenino', '2017-05-07 22:00:00'),
('253655641', 'Mateo Grimes', '(132)723-9695x50255', '1933-01-19', 'Otro', '2011-12-21 23:00:00'),
('255791510', 'Dr. Derick Watsica', '1-559-628-8778x8770', '1910-02-08', 'Otro', '2017-01-07 23:00:00'),
('257070336', 'Dr. Noemy Konopelski IV', '+13(2)9293174566', '1940-05-09', 'Femenino', '2011-04-19 22:00:00'),
('258299857', 'Kasandra Fadel', '+32(6)6857359785', '1931-12-29', 'Masculino', '2017-10-22 22:00:00'),
('261389186', 'Marcus Dickinson DVM', '(224)223-4996x01297', '1996-04-08', 'Femenino', '2013-04-04 22:00:00'),
('261551020', 'Prof. Julien Hettinger PhD', '976-984-1222x31952', '1916-04-20', 'Masculino', '2020-01-25 23:00:00'),
('263352646', 'Elsa Schiller', '+65(9)0647181553', '1962-06-24', 'Masculino', '2011-07-06 22:00:00'),
('263525252', 'Aida Schamberger III', '+11(0)3174302454', '1979-01-02', 'Femenino', '2020-01-19 23:00:00'),
('264840640', 'Miss Jakayla Rempel IV', '(785)911-7701x9725', '1965-08-12', 'Otro', '2018-01-20 23:00:00'),
('267339226', 'Prof. Jerel Thompson', '+01(8)9968752622', '1908-07-01', 'Masculino', '2014-09-26 22:00:00'),
('271562376', 'Ola Green', '+99(5)8097707525', '1911-03-27', 'Femenino', '2016-03-18 23:00:00'),
('285179953', 'Hulda Trantow Sr.', '220-508-4598', '1943-04-07', 'Masculino', '2012-12-06 23:00:00'),
('286713494', 'Gust Padberg', '131.228.6054', '1937-11-02', 'Otro', '2011-03-12 23:00:00'),
('287160596', 'Dr. Matteo Larkin PhD', '(297)611-7424', '1946-01-08', 'Otro', '2018-12-01 23:00:00'),
('288153025', 'Humberto Torphy', '+32(4)7128589312', '1942-03-16', 'Femenino', '2015-05-18 22:00:00'),
('292400063', 'Natalie Armstrong', '(302)345-2669x664', '1933-03-08', 'Otro', '2014-03-10 23:00:00'),
('294530072', 'Elliott Pfeffer', '(068)509-7849', '1983-08-13', 'Masculino', '2011-10-26 22:00:00'),
('294567529', 'Velma Dibbert', '(527)869-9332x488', '1909-02-12', 'Masculino', '2014-03-11 23:00:00'),
('295705605', 'Flavio Tremblay', '02311739016', '1981-09-23', 'Masculino', '2018-10-16 22:00:00'),
('297779200', 'Miss Leonora Zulauf', '1-125-445-4540', '1983-11-07', 'Femenino', '2019-01-26 23:00:00'),
('300236357', 'Ricky Dicki', '+83(7)0679514235', '1930-02-11', 'Masculino', '2016-10-25 22:00:00'),
('304948442', 'Virgil Volkman', '1-383-310-6584', '1942-03-30', 'Otro', '2014-04-12 22:00:00'),
('310096827', 'Wilmer Lind', '06334793489', '1925-06-10', 'Femenino', '2020-03-04 23:00:00'),
('311050673', 'Dr. Adrianna Breitenberg IV', '1-803-330-1879', '1995-10-18', 'Masculino', '2015-12-13 23:00:00'),
('311180342', 'Abbey Farrell', '281.173.3466', '1976-08-01', 'Otro', '2016-04-13 22:00:00'),
('313032018', 'Genesis Strosin', '(544)780-5960', '1919-03-10', 'Otro', '2013-09-05 22:00:00'),
('313634137', 'Genesis Macejkovic', '(369)549-2634', '1934-02-20', 'Femenino', '2014-07-04 22:00:00'),
('314723053', 'Sarina Beatty', '(811)204-2263', '1972-08-18', 'Masculino', '2012-08-22 22:00:00'),
('316180108', 'Rebekah Green I', '931.076.7790x69977', '1926-12-04', 'Otro', '2013-06-23 22:00:00'),
('316378481', 'Prof. Clementina Spencer Sr.', '+75(1)5997439589', '1980-08-17', 'Otro', '2011-12-10 23:00:00'),
('316761516', 'Prof. Major Simonis I', '607.182.9416', '1993-11-21', 'Masculino', '2020-05-27 22:00:00'),
('317034358', 'Pink Littel', '232.043.4306', '1945-04-07', 'Femenino', '2019-01-07 23:00:00'),
('319254229', 'Ralph Fisher', '709.916.8312', '1986-09-22', 'Femenino', '2019-08-24 22:00:00'),
('320136553', 'Krystal Kling', '1-205-368-2221', '1916-05-19', 'Masculino', '2019-04-01 22:00:00'),
('323934543', 'Dr. Andreane Wilderman', '1-611-283-1976x209', '1928-06-16', 'Masculino', '2016-06-14 22:00:00'),
('331348050', 'Cathy Beer', '419.292.9801', '1912-03-08', 'Masculino', '2019-03-28 23:00:00'),
('334247273', 'Carol Eichmann Jr.', '841.428.4027x46708', '1997-04-18', 'Otro', '2016-05-29 22:00:00'),
('334942638', 'Karli Pouros', '08354378290', '1922-01-10', 'Femenino', '2011-12-02 23:00:00'),
('337340224', 'Isac Schiller', '752.722.5713', '1986-01-29', 'Femenino', '2020-01-17 23:00:00'),
('349777269', 'Gus Daniel', '(543)431-7019x869', '1992-05-12', 'Masculino', '2018-07-22 22:00:00'),
('352618472', 'Manuel Dooley', '(461)842-3844', '1967-09-13', 'Masculino', '2016-12-11 23:00:00'),
('356593972', 'Eldridge Gulgowski', '1-728-692-6860x528', '2000-12-13', 'Otro', '2020-05-08 22:00:00'),
('361886028', 'Gaetano Renner', '1-789-992-4813x85906', '1952-04-02', 'Masculino', '2017-10-27 22:00:00'),
('371413021', 'Dr. Jayne Doyle', '(693)062-2073x3271', '1979-07-07', 'Otro', '2015-09-05 22:00:00'),
('371797112', 'Georgianna Paucek', '+89(9)0132268523', '1964-12-15', 'Femenino', '2018-03-03 23:00:00'),
('378107388', 'Jack Sporer', '066.519.0261', '1922-04-04', 'Femenino', '2017-07-25 22:00:00'),
('378223474', 'Mr. Dewitt Becker DDS', '917.072.9199x9262', '1950-04-19', 'Femenino', '2015-12-14 23:00:00'),
('380520823', 'Annabel Bode', '056.088.4729x3343', '1959-02-28', 'Otro', '2018-02-11 23:00:00'),
('382690090', 'Jimmie Orn', '1-602-088-1600x72600', '1965-06-27', 'Femenino', '2018-01-22 23:00:00'),
('383060974', 'Mr. Russel Gaylord', '207-411-9569', '1914-06-19', 'Masculino', '2014-04-05 22:00:00'),
('386565342', 'Lisa McGlynn', '476.045.6426x3959', '1966-07-29', 'Masculino', '2021-02-13 23:00:00'),
('388970430', 'Dr. Lonny Kautzer I', '(345)145-6175x681', '1966-02-21', 'Otro', '2013-08-25 22:00:00'),
('390526232', 'Brielle Simonis', '1-040-743-0209x227', '1985-05-21', 'Otro', '2014-05-18 22:00:00'),
('397732946', 'Mortimer Orn', '151.459.1511', '1959-10-19', 'Femenino', '2013-03-25 23:00:00'),
('402184486', 'Vergie Bins', '760-103-0881', '1964-10-29', 'Femenino', '2013-11-20 23:00:00'),
('405861534', 'Dora Hills MD', '1-724-333-6989x579', '1978-06-21', 'Femenino', '2019-12-23 23:00:00'),
('409254635', 'Miles White', '957-306-1948x104', '1982-03-03', 'Masculino', '2015-05-04 22:00:00'),
('410456407', 'Lucy Okuneva', '09929246126', '1999-06-22', 'Femenino', '2018-09-11 22:00:00'),
('415662868', 'Berta Runolfsson', '1-704-637-5016', '1928-02-24', 'Masculino', '2012-06-07 22:00:00'),
('417405934', 'Prof. Isac Crona', '1-198-506-9224x2581', '1987-02-10', 'Femenino', '2013-01-14 23:00:00'),
('418675295', 'Miss Marcelle Schiller', '1-594-887-1953x67541', '1913-08-11', 'Otro', '2018-06-27 22:00:00'),
('418791699', 'Landen Kirlin', '(329)285-0729', '1985-03-18', 'Masculino', '2019-10-10 22:00:00'),
('427047860', 'Rosendo Legros', '1-872-490-4919', '1918-08-03', 'Otro', '2019-09-04 22:00:00'),
('430508402', 'Rupert Olson', '(978)857-2459', '1986-10-15', 'Otro', '2014-12-15 23:00:00'),
('433438601', 'Prof. Matt Quigley', '738-950-1672', '1909-08-24', 'Otro', '2016-12-16 23:00:00'),
('433889190', 'Prof. Norval Schinner V', '(845)933-1935', '1920-01-07', 'Masculino', '2015-08-10 22:00:00'),
('434993654', 'Ms. Lupe Klocko', '(395)831-0675', '1962-01-29', 'Masculino', '2018-09-24 22:00:00'),
('437001599', 'Lavinia Goodwin', '(280)250-2793', '1966-09-16', 'Otro', '2011-03-05 23:00:00'),
('437822664', 'Winfield Hamill', '1-042-947-9317x321', '1967-01-22', 'Femenino', '2016-06-02 22:00:00'),
('439052005', 'Delilah Ondricka', '750.056.9351x12934', '1960-08-21', 'Otro', '2012-04-27 22:00:00'),
('442335865', 'Jolie McLaughlin DVM', '(937)789-9616', '1926-02-28', 'Femenino', '2015-02-06 23:00:00'),
('445261917', 'Mr. Loy Heathcote', '1-577-736-4670x0149', '1944-06-12', 'Otro', '2018-06-12 22:00:00'),
('447118327', 'Rocky Cole', '1-219-569-2813x490', '1993-01-23', 'Femenino', '2017-12-18 23:00:00'),
('450302745', 'Mr. Israel Johns III', '(051)483-2678', '1981-07-01', 'Masculino', '2015-10-14 22:00:00'),
('450396389', 'Vivien Schimmel', '1-227-834-6927x84898', '1919-10-16', 'Femenino', '2013-03-05 23:00:00'),
('452500322', 'Vivien Ullrich', '718-916-6368x816', '1924-07-06', 'Otro', '2019-04-21 22:00:00'),
('454857108', 'Shad Bednar III', '1-289-504-4358x13646', '1979-07-04', 'Femenino', '2020-02-19 23:00:00'),
('456592433', 'Prof. Angie Hudson', '1-843-848-9176', '1959-12-18', 'Otro', '2015-02-04 23:00:00'),
('460860167', 'Cesar Rippin', '860-929-4324', '1935-04-03', 'Femenino', '2012-07-23 22:00:00'),
('460899803', 'Ally Hoeger', '1-964-996-2446', '1988-03-03', 'Masculino', '2013-01-08 23:00:00'),
('461740370', 'Dr. Jasmin Skiles', '(004)104-3342x7195', '1910-07-26', 'Femenino', '2012-06-21 22:00:00'),
('463145512', 'Christ Auer', '+76(1)3477487427', '1954-06-26', 'Otro', '2011-11-08 23:00:00'),
('463152164', 'Ashleigh Dietrich', '1-617-180-3261', '1931-08-25', 'Otro', '2018-03-03 23:00:00'),
('463413654', 'Michel Schmeler', '607-077-8594x21700', '1922-03-07', 'Femenino', '2019-12-16 23:00:00'),
('465467967', 'Vivienne Quitzon MD', '1-649-789-1638x11457', '1943-09-18', 'Otro', '2012-12-07 23:00:00'),
('468908117', 'Dr. Seamus Collier', '101-990-1357', '1969-02-07', 'Masculino', '2018-01-18 23:00:00'),
('472332883', 'Dr. Kyra Goodwin', '1-757-322-2842x460', '1975-02-20', 'Masculino', '2017-10-19 22:00:00'),
('472987691', 'Clare Wehner', '908.761.3258x8675', '1956-10-12', 'Masculino', '2013-06-05 22:00:00'),
('477582918', 'Prof. Jesse Schiller', '04793479761', '1995-03-07', 'Otro', '2016-12-27 23:00:00'),
('477835429', 'Zella Ernser', '190.661.1314x800', '1981-11-20', 'Masculino', '2012-02-09 23:00:00'),
('479100213', 'Queenie Hintz IV', '1-150-088-5662', '1988-01-13', 'Femenino', '2014-10-29 23:00:00'),
('479636693', 'Prof. Gladys Stark Jr.', '(367)327-8658x65526', '1951-10-23', 'Otro', '2015-02-07 23:00:00'),
('479697307', 'Mr. Harley Nicolas MD', '017.328.4914x9859', '1904-02-02', 'Masculino', '2014-07-05 22:00:00'),
('480358821', 'Gregory Schmidt', '+99(2)7547573915', '1950-10-16', 'Otro', '2014-02-16 23:00:00'),
('482938497', 'Tamia Altenwerth', '297.214.8906', '1920-10-27', 'Femenino', '2017-03-18 23:00:00'),
('485630921', 'Jessika Barrows', '910.744.5387x988', '1945-08-30', 'Masculino', '2019-11-06 23:00:00'),
('487704520', 'Toby Kessler', '600.048.0938x738', '1958-06-01', 'Masculino', '2020-02-02 23:00:00'),
('490917362', 'Orval Renner I', '(303)750-1974', '1901-08-20', 'Masculino', '2015-05-07 22:00:00'),
('496234200', 'Prince Carroll', '(902)708-8575x3204', '1931-03-19', 'Femenino', '2014-07-13 22:00:00'),
('497778340', 'Gonzalo Lynch', '249.033.4036', '1968-08-13', 'Otro', '2017-11-24 23:00:00'),
('497948446', 'Kamille Rippin', '415-862-4986x35163', '1978-05-01', 'Otro', '2015-10-14 22:00:00'),
('497959810', 'Dakota Upton', '1-039-313-6816x024', '1980-05-15', 'Otro', '2018-05-20 22:00:00'),
('498307082', 'Isabelle Kertzmann', '115-549-3238', '1927-07-30', 'Otro', '2016-02-21 23:00:00'),
('499737574', 'Camille Ankunding Jr.', '935-155-5200x139', '1966-09-05', 'Femenino', '2017-05-05 22:00:00'),
('499928803', 'Dr. Maye Purdy II', '823.251.4623', '1924-07-15', 'Femenino', '2013-10-25 22:00:00'),
('502381174', 'Anabelle Stamm', '04375463678', '1922-03-06', 'Femenino', '2019-06-14 22:00:00'),
('508830251', 'Leta Sawayn', '1-487-355-1470', '1904-05-02', 'Otro', '2018-08-28 22:00:00'),
('509096748', 'Mrs. Alexa Greenholt II', '968.628.4807x494', '1999-01-09', 'Masculino', '2018-06-22 22:00:00'),
('517930637', 'Nash Jakubowski', '1-500-113-2159x08669', '1984-02-24', 'Femenino', '2012-12-29 23:00:00'),
('521570995', 'Mrs. Tamara Wintheiser', '+90(6)5086987140', '1967-09-19', 'Femenino', '2015-01-26 23:00:00'),
('522124286', 'Maximo Langosh', '426-133-4288x6289', '1985-01-19', 'Masculino', '2014-05-04 22:00:00'),
('524489700', 'Griffin Okuneva', '1-628-945-1940x264', '1940-07-30', 'Masculino', '2019-05-28 22:00:00'),
('526485513', 'Kadin Thompson Sr.', '1-995-268-9754x37755', '1906-11-21', 'Otro', '2019-09-13 22:00:00'),
('530295604', 'Tyshawn Schultz', '+10(4)9294648432', '1918-03-01', 'Masculino', '2019-06-07 22:00:00'),
('533632170', 'Mr. Broderick Heathcote', '095.702.7258', '1917-07-13', 'Masculino', '2012-08-25 22:00:00'),
('536249183', 'Reece Marks Jr.', '1-688-841-5047x4256', '1944-11-11', 'Masculino', '2016-12-31 23:00:00'),
('537394720', 'Granville Crona IV', '781-934-1069', '1966-02-05', 'Otro', '2019-08-02 22:00:00'),
('539697134', 'Ramona Spinka', '+69(7)2261186768', '1913-11-27', 'Femenino', '2019-08-30 22:00:00'),
('550306440', 'Claudia Hoeger', '(801)801-0141', '1925-03-07', 'Femenino', '2011-08-29 22:00:00'),
('553635210', 'Ms. Eryn Lakin', '852.043.2832x7410', '1965-02-18', 'Otro', '2017-07-21 22:00:00'),
('555259328', 'Yasmin Herman Jr.', '754.131.4897', '1996-09-30', 'Otro', '2011-11-13 23:00:00'),
('557154858', 'Kenyatta Glover', '963.215.7853x013', '1998-11-24', 'Masculino', '2020-01-06 23:00:00'),
('558572616', 'Cecil Leannon', '1-117-083-0948x0364', '1901-12-09', 'Femenino', '2016-12-18 23:00:00'),
('558635813', 'Makayla Welch III', '211.624.9074x5433', '1987-02-18', 'Otro', '2015-01-24 23:00:00'),
('559045547', 'Mrs. Margarita Veum II', '487-401-8641', '1916-06-30', 'Otro', '2012-09-13 22:00:00'),
('563795719', 'Alycia Conroy', '296.215.5169x33870', '1921-05-10', 'Masculino', '2012-04-02 22:00:00'),
('568903981', 'Miss Clementine Bergnaum', '510.404.1154x9542', '1953-06-09', 'Masculino', '2014-06-21 22:00:00'),
('577664259', 'Dr. Cristian Heidenreich Jr.', '944-460-6115x19894', '1902-05-29', 'Masculino', '2015-09-10 22:00:00'),
('578930181', 'Dr. Hayley Kovacek', '967-772-8123', '1918-10-14', 'Masculino', '2020-01-06 23:00:00'),
('582036311', 'Madisyn Mills', '(955)582-2341x200', '1999-11-30', 'Otro', '2019-10-22 22:00:00'),
('589541445', 'Ruth Stracke', '073-274-1979', '1986-02-14', 'Femenino', '2012-03-05 23:00:00'),
('590765826', 'Mr. Webster O\'Kon', '(693)281-7262', '1987-10-24', 'Otro', '2012-12-20 23:00:00'),
('592171158', 'Lolita Swaniawski DDS', '978-830-0104x1168', '1991-03-23', 'Femenino', '2017-10-30 23:00:00'),
('595431912', 'Prof. Miracle Mertz I', '05762435865', '1972-03-12', 'Otro', '2011-07-15 22:00:00'),
('597770069', 'Kolby Orn', '1-523-793-1443', '1972-10-03', 'Otro', '2012-10-13 22:00:00'),
('599582414', 'Dr. Damion Wolf Sr.', '+94(6)3961172670', '1971-06-25', 'Femenino', '2012-03-15 23:00:00'),
('604529513', 'Consuelo Glover', '1-824-630-1437x657', '1979-04-17', 'Otro', '2016-01-31 23:00:00'),
('605227492', 'Ms. Liana Raynor DVM', '335.104.5011x90600', '1961-01-17', 'Otro', '2015-03-14 23:00:00'),
('606190363', 'Kaitlyn Goldner', '806-855-0844x09498', '1999-11-28', 'Femenino', '2013-05-18 22:00:00'),
('608877051', 'Angelita Schuppe', '039.621.2708x754', '1912-08-25', 'Femenino', '2013-08-08 22:00:00'),
('613661615', 'Elsa Romaguera', '09936699323', '1955-05-13', 'Femenino', '2021-02-15 23:00:00'),
('619593962', 'Carroll Jakubowski', '747-112-3382', '1914-10-04', 'Masculino', '2013-08-27 22:00:00'),
('620524744', 'Albin Schimmel', '04596503816', '1905-02-25', 'Masculino', '2011-11-25 23:00:00'),
('620641723', 'Prof. Blanche Hilpert MD', '+73(3)1292009253', '1919-07-03', 'Femenino', '2012-08-19 22:00:00'),
('621723521', 'Melvin Little', '1-837-666-0019x5003', '1935-02-11', 'Femenino', '2018-03-08 23:00:00'),
('623964093', 'Claud Haag DDS', '(091)246-4867x3724', '1966-11-22', 'Otro', '2014-05-28 22:00:00'),
('624915747', 'Hershel Buckridge MD', '1-535-402-3237x54462', '1953-08-16', 'Otro', '2015-01-12 23:00:00'),
('626476103', 'Maybelle Wunsch', '263-705-1113', '1966-11-15', 'Femenino', '2017-07-05 22:00:00'),
('626765930', 'Samanta Cummings', '00293740712', '1955-12-14', 'Femenino', '2013-06-13 22:00:00'),
('627221290', 'Obie Satterfield', '09102144932', '1987-11-24', 'Masculino', '2011-11-01 23:00:00'),
('627630668', 'Lura Hauck', '04570115719', '1984-03-14', 'Masculino', '2017-11-25 23:00:00'),
('631363218', 'Earline Kunde', '322-597-2295', '1966-12-25', 'Otro', '2011-05-16 22:00:00'),
('636832294', 'Dr. Ray Skiles DVM', '1-321-870-6305x42566', '1981-06-09', 'Masculino', '2020-04-28 22:00:00'),
('637003464', 'Judy Kozey', '455-573-6608x28175', '1934-05-21', 'Femenino', '2013-02-17 23:00:00'),
('639614869', 'Joanne Lemke III', '+84(4)4806581755', '1989-10-25', 'Femenino', '2014-05-02 22:00:00'),
('640078434', 'Katarina Larson', '1-031-942-2502x05435', '1978-05-02', 'Otro', '2019-01-06 23:00:00'),
('640347021', 'Mr. Odell Heidenreich', '914.673.4935x85253', '1939-07-18', 'Femenino', '2015-10-18 22:00:00'),
('649257219', 'Mr. Kyler Hoeger', '471.949.4091x67877', '1952-03-09', 'Masculino', '2011-10-15 22:00:00'),
('651123967', 'Rosanna Brown DDS', '1-209-989-9701x558', '1953-03-27', 'Femenino', '2020-04-19 22:00:00'),
('652875260', 'Zelma Treutel', '+41(8)7314004727', '1973-03-19', 'Femenino', '2019-05-07 22:00:00'),
('653789552', 'Jaron Bergnaum', '112.748.3278x501', '1935-11-17', 'Otro', '2012-02-26 23:00:00'),
('654624861', 'Caroline Dickens DDS', '183.115.0173x4429', '1912-03-06', 'Femenino', '2016-11-24 23:00:00'),
('656410385', 'Moses Rice', '(785)292-0765x835', '1934-07-27', 'Femenino', '2018-06-22 22:00:00'),
('657411590', 'Cathy Walsh', '1-262-602-3069x3591', '1903-01-03', 'Otro', '2019-06-30 22:00:00'),
('665433492', 'Sylvia Kautzer', '563-659-1478', '1966-04-08', 'Otro', '2017-06-03 22:00:00'),
('667650596', 'Kamille Lemke MD', '1-170-901-0313', '1916-12-31', 'Femenino', '2018-04-09 22:00:00'),
('671060168', 'Marion Hand', '(444)354-4688x685', '1940-02-08', 'Otro', '2013-02-24 23:00:00'),
('673301044', 'Eloise Murphy', '182-967-5992', '1937-11-30', 'Otro', '2016-03-31 22:00:00'),
('677136486', 'Jerry Leuschke IV', '1-739-025-6113', '1933-02-09', 'Masculino', '2020-02-04 23:00:00'),
('677400876', 'Ocie Weissnat', '479.698.7346x79091', '1911-12-24', 'Femenino', '2015-07-13 22:00:00'),
('678855352', 'Josephine Harris', '(789)192-5816', '1917-04-10', 'Otro', '2016-07-31 22:00:00'),
('683613550', 'Regan Nicolas PhD', '(400)425-2206x518', '1908-11-30', 'Otro', '2014-09-01 22:00:00'),
('684663723', 'Luz Deckow', '(612)306-1332x62510', '1964-05-21', 'Femenino', '2020-09-12 22:00:00'),
('690252457', 'Hailie Stanton', '+10(2)5966441719', '1966-12-03', 'Otro', '2018-07-29 22:00:00'),
('690429341', 'Shyann Lemke', '+64(2)4430858543', '1965-05-02', 'Femenino', '2017-07-03 22:00:00'),
('693059007', 'Marjory Balistreri', '07918988368', '1924-09-14', 'Masculino', '2015-12-14 23:00:00'),
('695899536', 'Ms. Rosemarie Hansen', '+73(6)6410329121', '1916-09-20', 'Masculino', '2011-05-13 22:00:00'),
('699199450', 'Dannie Cummings', '1-749-001-6882', '1955-01-21', 'Femenino', '2012-05-22 22:00:00'),
('700389957', 'Alison Russel', '08804430121', '1983-10-26', 'Masculino', '2016-10-24 22:00:00'),
('704536530', 'Dr. Quinton Ritchie', '615-464-9349x6809', '1970-08-11', 'Femenino', '2020-06-27 22:00:00'),
('704868571', 'Scarlett Boyle', '186-968-6479', '1902-09-07', 'Otro', '2017-09-04 22:00:00'),
('714185124', 'Lou Mohr', '07550952640', '1942-04-27', 'Femenino', '2013-06-04 22:00:00'),
('715910297', 'Emilio Haag', '(162)168-6435x44611', '1912-06-05', 'Otro', '2020-03-01 23:00:00'),
('720131171', 'Ashly VonRueden', '671-431-6657x14126', '1939-12-04', 'Femenino', '2018-12-05 23:00:00'),
('725099942', 'Devon Marquardt', '1-634-039-0474x876', '1920-06-05', 'Masculino', '2020-11-28 23:00:00'),
('729896059', 'Mrs. Ivory Donnelly', '920.019.6707x892', '1950-12-29', 'Masculino', '2020-06-22 22:00:00'),
('731974760', 'Prof. Zachariah Crooks MD', '1-841-693-0428x563', '1976-10-27', 'Masculino', '2017-08-01 22:00:00'),
('732778521', 'Winifred Lowe Sr.', '687-812-3787x26394', '1998-05-24', 'Femenino', '2015-03-03 23:00:00'),
('733816850', 'Meaghan Rice', '1-935-311-0213x310', '1909-07-24', 'Femenino', '2014-04-06 22:00:00'),
('734038497', 'Prof. Kacie Dare', '+73(3)0043773688', '1945-02-22', 'Masculino', '2020-07-10 22:00:00'),
('735074564', 'Mrs. Beatrice Mueller III', '646.904.0788x01082', '1951-05-26', 'Femenino', '2018-06-12 22:00:00'),
('735513168', 'Taurean Zboncak Jr.', '302.253.9269x41237', '1965-11-06', 'Otro', '2011-03-29 22:00:00'),
('735841912', 'Noelia Lesch', '542-635-8240', '1985-04-03', 'Masculino', '2019-10-02 22:00:00'),
('736206277', 'Angeline Gleason', '(290)114-4446', '1908-05-24', 'Masculino', '2019-06-12 22:00:00'),
('737348992', 'Wilma Waters DVM', '1-388-132-9527', '1948-12-26', 'Otro', '2015-03-12 23:00:00'),
('742197826', 'Velma Bogan Jr.', '(825)438-3602x85789', '1941-01-29', 'Otro', '2019-01-07 23:00:00'),
('744002517', 'Tristin Bechtelar', '(671)616-6468x80168', '1986-10-10', 'Femenino', '2012-11-26 23:00:00'),
('746344270', 'Prof. Eliseo Grimes', '262-142-6148x7925', '1911-11-19', 'Otro', '2016-10-07 22:00:00'),
('747808805', 'Ezequiel Greenholt', '1-071-458-4320x36453', '1906-05-15', 'Otro', '2020-10-20 22:00:00'),
('749421428', 'Sally Stark', '318.478.0865x81912', '1965-05-09', 'Masculino', '2018-09-07 22:00:00'),
('756767064', 'Mrs. Sadie Boyle', '1-817-282-8514x0867', '1999-11-04', 'Femenino', '2019-05-31 22:00:00'),
('759968713', 'Etha Weissnat', '(898)177-8837', '1912-07-15', 'Otro', '2014-10-11 22:00:00'),
('761268250', 'Deron Hettinger PhD', '(712)904-2395x80108', '1931-03-08', 'Otro', '2015-07-04 22:00:00'),
('762051306', 'Tyrique Kris PhD', '024.839.7313x76822', '1990-12-04', 'Otro', '2016-03-13 23:00:00'),
('770389799', 'Dr. Donnie Funk Sr.', '(454)716-3517x828', '1976-07-25', 'Masculino', '2019-11-20 23:00:00'),
('770554120', 'Prof. Gage Streich', '341.183.6517', '1903-03-28', 'Femenino', '2018-08-24 22:00:00'),
('771055589', 'Lorenza Walsh', '(120)984-1658x9421', '1904-11-19', 'Femenino', '2020-07-13 22:00:00'),
('771368025', 'Aurelia Beer', '382-632-2811x21449', '1919-04-02', 'Otro', '2011-10-01 22:00:00'),
('772259954', 'Dr. Nicole Koss', '(943)794-1808x41228', '1906-02-01', 'Masculino', '2020-04-09 22:00:00'),
('772325926', 'Jameson Buckridge', '1-983-225-0843x7330', '1925-10-10', 'Femenino', '2020-07-18 22:00:00'),
('778188942', 'Mr. Darrion Gutmann I', '07527498066', '1941-03-27', 'Otro', '2020-06-19 22:00:00'),
('779291228', 'Nigel Bartoletti Jr.', '838-627-8747x78442', '1985-02-05', 'Otro', '2013-08-30 22:00:00'),
('779470012', 'Dr. Tabitha Thompson', '(116)550-2836', '1911-02-06', 'Femenino', '2012-07-30 22:00:00'),
('780884036', 'Olga Huels PhD', '1-687-605-8898', '1970-03-27', 'Masculino', '2018-04-21 22:00:00'),
('788631655', 'Prof. Cornell Kassulke V', '(969)042-0283x226', '1951-11-26', 'Femenino', '2013-04-05 22:00:00'),
('798494791', 'Miss Lucienne Dare', '1-014-958-7039x25537', '1991-05-24', 'Femenino', '2015-11-19 23:00:00'),
('811006816', 'Nicholas Eichmann', '603-474-4592x7877', '1954-03-09', 'Femenino', '2014-09-14 22:00:00'),
('816685989', 'Allen Nicolas Sr.', '(748)846-0498', '1991-05-17', 'Masculino', '2013-07-17 22:00:00'),
('817942700', 'Fatima Deckow Jr.', '(054)179-3803x50438', '1952-08-07', 'Femenino', '2014-02-12 23:00:00'),
('820663691', 'Rosetta Okuneva', '433.281.7974', '1995-09-12', 'Otro', '2020-05-28 22:00:00'),
('824954373', 'Prof. Lexus Schneider', '510.428.9248', '1993-06-16', 'Masculino', '2014-12-01 23:00:00'),
('828602412', 'Mary Champlin', '634.600.3886x6622', '1906-04-29', 'Femenino', '2013-05-01 22:00:00'),
('832975071', 'Mr. Ryann Volkman DVM', '188.528.3426x249', '1943-11-17', 'Femenino', '2016-09-27 22:00:00'),
('834448816', 'Cale Dicki', '(106)501-8392x805', '1992-01-14', 'Masculino', '2012-03-06 23:00:00'),
('839347575', 'Santino Ziemann', '447.839.0054x53789', '1920-04-06', 'Masculino', '2019-05-31 22:00:00'),
('842138823', 'Prof. Holly Schamberger', '1-546-284-3949x183', '1993-10-25', 'Masculino', '2012-06-07 22:00:00'),
('842385246', 'Agustin Mante', '487-793-8814', '1961-04-07', 'Femenino', '2011-04-28 22:00:00'),
('842438981', 'Jennifer Shields', '298.620.6480x235', '1950-03-24', 'Otro', '2011-04-18 22:00:00'),
('844454244', 'Mr. Michale Kertzmann II', '1-611-260-0595', '1971-10-18', 'Otro', '2016-01-04 23:00:00'),
('847220182', 'Miss Shanelle Bogan', '+14(4)6579868559', '1901-11-01', 'Masculino', '2018-09-27 22:00:00'),
('847731215', 'Al Tillman', '558.452.4551', '1913-04-24', 'Femenino', '2018-09-29 22:00:00'),
('853601698', 'Mr. Maxwell Pfannerstill MD', '914.410.6720x16178', '1944-11-24', 'Otro', '2013-10-04 22:00:00'),
('854359595', 'Karley Hansen', '1-681-851-0855x7849', '1926-01-04', 'Otro', '2019-01-20 23:00:00'),
('860446543', 'Arvilla Nienow', '+81(5)3177996664', '1900-11-21', 'Femenino', '2017-10-25 22:00:00'),
('861347745', 'Dr. Ana Herzog', '+56(6)2346258471', '1936-09-10', 'Otro', '2015-06-29 22:00:00'),
('863609653', 'Lori Marquardt', '1-181-493-9820', '1929-12-08', 'Masculino', '2018-06-04 22:00:00'),
('864310913', 'Carter Leuschke', '03184429641', '1986-05-31', 'Otro', '2020-08-01 22:00:00'),
('868786071', 'Ronny Lueilwitz', '073.693.9200x518', '1949-03-27', 'Otro', '2015-07-08 22:00:00'),
('869903765', 'Tanner Adams', '(205)811-1895x25730', '1967-12-23', 'Otro', '2015-06-28 22:00:00'),
('869907607', 'Ignacio McClure III', '703-535-0072x09259', '1926-06-30', 'Otro', '2013-12-14 23:00:00'),
('871265235', 'Dr. Kelsie Okuneva DDS', '+25(4)1115185592', '1993-10-30', 'Otro', '2018-06-28 22:00:00'),
('871683822', 'Zena Herman', '+64(0)3104950820', '1935-11-16', 'Femenino', '2015-09-22 22:00:00'),
('871913392', 'Prof. Vicente Kassulke Jr.', '595.670.4753', '1998-07-28', 'Femenino', '2019-02-06 23:00:00'),
('873359886', 'Micaela Crona', '05475243308', '1986-04-18', 'Femenino', '2018-05-03 22:00:00'),
('878019899', 'Emerson Dach', '+60(8)3082293533', '1952-03-05', 'Masculino', '2015-01-26 23:00:00'),
('881998579', 'Ariane Murray', '998.865.0606x4436', '1903-11-01', 'Masculino', '2012-02-15 23:00:00'),
('889419301', 'Sarina Witting IV', '004.500.2327', '1981-06-01', 'Masculino', '2020-03-04 23:00:00'),
('891545296', 'Travis Green PhD', '1-089-095-0322', '1947-09-29', 'Otro', '2012-03-04 23:00:00'),
('893191189', 'Prof. Jarvis Kemmer DDS', '961-766-3348', '1917-06-16', 'Masculino', '2013-03-22 23:00:00'),
('894520290', 'Roberto Jenkins DVM', '032-088-7802x7843', '1913-12-22', 'Masculino', '2016-03-15 23:00:00'),
('894549032', 'Erwin Gleason', '+55(7)9380510224', '1939-03-20', 'Masculino', '2012-11-18 23:00:00'),
('897489834', 'Lexie Jacobs', '(703)465-4838x95512', '1935-05-12', 'Otro', '2017-08-29 22:00:00'),
('903090107', 'Justen Gerhold Jr.', '809.221.1874x7390', '1930-08-22', 'Masculino', '2014-04-15 22:00:00'),
('904343040', 'Prof. Ubaldo Durgan', '+44(4)4040288129', '1971-07-13', 'Masculino', '2015-05-09 22:00:00'),
('906201014', 'Paolo Miller', '03895139246', '1912-11-14', 'Otro', '2020-12-24 23:00:00'),
('906392083', 'Sonny Corwin', '1-680-905-0198x0446', '1934-08-15', 'Masculino', '2016-07-06 22:00:00'),
('906666183', 'Camylle Schmidt', '664-740-3599x85222', '1991-11-14', 'Femenino', '2012-01-01 23:00:00'),
('909060645', 'Dr. Kasey Gaylord', '228.489.0431', '1921-10-31', 'Femenino', '2013-09-04 22:00:00'),
('909337702', 'Reggie Morar DVM', '+82(9)0645662217', '1953-11-20', 'Femenino', '2019-08-06 22:00:00'),
('910275936', 'Mrs. Juana Stark', '572.124.6376', '1974-01-18', 'Femenino', '2019-02-11 23:00:00'),
('910767181', 'Dr. Edwardo Hane', '323-066-1075', '1974-05-19', 'Femenino', '2018-01-24 23:00:00'),
('911587793', 'Dayna Bednar', '04864919248', '1982-08-10', 'Femenino', '2019-10-09 22:00:00'),
('911826586', 'Ariel Trantow', '1-784-409-0741x57717', '1929-08-29', 'Masculino', '2016-04-14 22:00:00'),
('917543266', 'Ms. Nya Doyle', '(669)497-1901x43781', '1917-02-08', 'Otro', '2020-05-08 22:00:00'),
('922153004', 'Prof. Destany Rath Sr.', '194-674-2655', '1959-10-11', 'Masculino', '2014-03-07 23:00:00'),
('924520761', 'Gabrielle O\'Hara', '08368042306', '1977-04-08', 'Femenino', '2013-07-14 22:00:00'),
('925229415', 'Annabel Rodriguez', '892.019.1154x559', '1968-09-16', 'Masculino', '2013-01-26 23:00:00'),
('925975637', 'Penelope Cole', '274.284.0961x2883', '1944-12-27', 'Otro', '2014-09-29 22:00:00'),
('926442360', 'Kasandra Nicolas', '1-573-305-7560x78148', '1946-02-13', 'Femenino', '2017-04-04 22:00:00'),
('927896863', 'Dr. Rae Zulauf', '07097630354', '1940-10-20', 'Otro', '2018-04-17 22:00:00'),
('930577418', 'Concepcion Greenholt', '306-850-2761x24741', '1928-11-04', 'Femenino', '2011-12-01 23:00:00'),
('935246476', 'Emil D\'Amore', '1-032-294-4921x4666', '1914-01-26', 'Otro', '2015-12-28 23:00:00'),
('936117786', 'Jamir Batz II', '1-775-694-3855x75683', '1911-05-04', 'Otro', '2018-02-26 23:00:00'),
('942842732', 'Myriam Murphy', '+01(0)1619600140', '1913-08-16', 'Femenino', '2021-01-18 23:00:00'),
('943404556', 'Prof. Jany Greenholt MD', '1-439-835-4729x797', '1922-09-06', 'Masculino', '2012-05-19 22:00:00'),
('946785873', 'Ms. Marilie Doyle', '(914)793-0581x8801', '1937-03-04', 'Femenino', '2016-03-11 23:00:00'),
('950332222', 'Ima Kreiger', '1-199-304-9502x756', '1922-07-14', 'Femenino', '2018-05-08 22:00:00'),
('952160986', 'Miss Maymie Kozey Jr.', '(082)638-7213', '1986-06-23', 'Masculino', '2011-06-18 22:00:00'),
('956674720', 'Kacie Weimann', '(128)791-0179', '1954-07-17', 'Femenino', '2012-05-28 22:00:00'),
('958975457', 'Katlyn Cruickshank', '866-282-2238x2199', '1944-11-29', 'Masculino', '2013-03-31 22:00:00'),
('961976808', 'Miss Alfreda Corkery DVM', '+76(8)3167019231', '1990-06-29', 'Femenino', '2019-04-24 22:00:00'),
('964010228', 'Emery Nikolaus', '1-977-777-2707x5883', '1964-06-21', 'Femenino', '2016-06-24 22:00:00'),
('964412214', 'Roberta Little', '07176276614', '1926-06-21', 'Femenino', '2020-12-07 23:00:00'),
('965125346', 'Ruby Heller', '1-881-297-2844', '1934-10-04', 'Otro', '2013-11-10 23:00:00'),
('966585588', 'Diamond Grant', '1-020-361-5058x3717', '1960-09-30', 'Femenino', '2019-03-10 23:00:00'),
('971997217', 'Henri Cruickshank', '(894)160-4206', '1962-04-19', 'Otro', '2020-01-01 23:00:00'),
('974054265', 'Marjory O\'Hara', '1-875-405-0321x757', '1935-06-26', 'Masculino', '2017-09-04 22:00:00'),
('975376130', 'Cordie Hilpert V', '1-867-993-4154', '1904-03-04', 'Masculino', '2016-05-28 22:00:00'),
('978690517', 'Jenifer Gislason', '149.589.1620x4685', '1948-04-03', 'Otro', '2014-01-24 23:00:00'),
('982881272', 'Laverne Rau', '477-807-5036x67436', '1919-08-22', 'Femenino', '2012-04-15 22:00:00'),
('985779664', 'Paolo Rolfson', '794-475-4274', '1988-08-20', 'Masculino', '2014-03-13 23:00:00'),
('988114286', 'Zelda Mayer', '685.070.6318x522', '1998-11-03', 'Otro', '2017-06-24 22:00:00'),
('989713805', 'Christina Smith', '993.869.5985x165', '1960-12-22', 'Otro', '2012-04-26 22:00:00'),
('990549449', 'Greta Gulgowski', '762.701.1446x74429', '1976-11-03', 'Femenino', '2012-04-14 22:00:00'),
('996304974', 'Elisabeth Rutherford IV', '08367337978', '1988-09-02', 'Masculino', '2017-06-28 22:00:00'),
('996512668', 'Clay Rogahn', '082.494.8461', '1901-09-12', 'Masculino', '2020-06-28 22:00:00'),
('996590543', 'Bulah Bayer', '352-576-6379x9264', '1958-11-02', 'Femenino', '2012-10-27 22:00:00'),
('996829902', 'Wilfrid Metz', '952-439-5264', '1901-11-01', 'Masculino', '2015-08-11 22:00:00'),
('998171395', 'Dr. Duncan Konopelski', '+19(8)3321107414', '1905-04-05', 'Otro', '2021-02-05 23:00:00');

-- --------------------------------------------------------

--
-- Estructura de tabla para la tabla `planta`
--

DROP TABLE IF EXISTS `planta`;
CREATE TABLE IF NOT EXISTS `planta` (
  `ID_EDIFICIO` varchar(6) COLLATE utf8_spanish_ci NOT NULL,
  `NUM_PLANTA` int(2) NOT NULL,
  `ACCESIBILIDAD` varchar(20) COLLATE utf8_spanish_ci DEFAULT NULL,
  PRIMARY KEY (`ID_EDIFICIO`,`NUM_PLANTA`)
) ENGINE=InnoDB DEFAULT CHARSET=utf8 COLLATE=utf8_spanish_ci;

-- --------------------------------------------------------

--
-- Estructura de tabla para la tabla `practica`
--

DROP TABLE IF EXISTS `practica`;
CREATE TABLE IF NOT EXISTS `practica` (
  `ID_PRACTICA` varchar(3) COLLATE utf8_spanish_ci NOT NULL,
  `NOMBRE` varchar(40) COLLATE utf8_spanish_ci NOT NULL,
  `HORAS_TOTALES` float(4,1) UNSIGNED NOT NULL,
  `DESCRIPCION` varchar(300) COLLATE utf8_spanish_ci DEFAULT NULL,
  PRIMARY KEY (`ID_PRACTICA`)
) ENGINE=InnoDB DEFAULT CHARSET=utf8 COLLATE=utf8_spanish_ci;

--
-- Restricciones para tablas volcadas
--

--
-- Filtros para la tabla `agencia`
--
ALTER TABLE `agencia`
  ADD CONSTRAINT `agencia_ibfk_1` FOREIGN KEY (`ID_CLIENTE`) REFERENCES `cliente` (`ID_CLIENTE`) ON DELETE SET NULL;

--
-- Filtros para la tabla `aprendiz`
--
ALTER TABLE `aprendiz`
  ADD CONSTRAINT `aprendiz_ibfk_1` FOREIGN KEY (`NUM_ID`) REFERENCES `persona` (`NUM_ID`) ON DELETE CASCADE;

--
-- Filtros para la tabla `aprendiz_realiza_practica`
--
ALTER TABLE `aprendiz_realiza_practica`
  ADD CONSTRAINT `aprendiz_realiza_practica_ibfk_1` FOREIGN KEY (`NUM_ID_APRENDIZ`) REFERENCES `aprendiz` (`NUM_ID`) ON DELETE CASCADE,
  ADD CONSTRAINT `aprendiz_realiza_practica_ibfk_2` FOREIGN KEY (`ID_PRACTICA`) REFERENCES `practica` (`ID_PRACTICA`) ON DELETE CASCADE;

--
-- Filtros para la tabla `cliente_prioritario`
--
ALTER TABLE `cliente_prioritario`
  ADD CONSTRAINT `cliente_prioritario_ibfk_1` FOREIGN KEY (`NUM_ID`) REFERENCES `empleado` (`NUM_ID`) ON DELETE CASCADE,
  ADD CONSTRAINT `cliente_prioritario_ibfk_2` FOREIGN KEY (`ID_CLIENTE`) REFERENCES `cliente` (`ID_CLIENTE`) ON DELETE CASCADE;

--
-- Filtros para la tabla `cliente_reserva_esp_hospedaje`
--
ALTER TABLE `cliente_reserva_esp_hospedaje`
  ADD CONSTRAINT `cliente_reserva_esp_hospedaje_ibfk_1` FOREIGN KEY (`ID_CLIENTE`) REFERENCES `cliente` (`ID_CLIENTE`) ON DELETE CASCADE,
  ADD CONSTRAINT `cliente_reserva_esp_hospedaje_ibfk_2` FOREIGN KEY (`ID_ESPACIO`) REFERENCES `espacio_hospedaje` (`ID_ESPACIO`) ON DELETE CASCADE;

--
-- Filtros para la tabla `contrato_asignado_a_empleado`
--
ALTER TABLE `contrato_asignado_a_empleado`
  ADD CONSTRAINT `contrato_asignado_a_empleado_ibfk_1` FOREIGN KEY (`COD_CONTRATO`) REFERENCES `contrato` (`COD_CONTRATO`) ON DELETE CASCADE,
  ADD CONSTRAINT `contrato_asignado_a_empleado_ibfk_2` FOREIGN KEY (`NUM_ID_EMPLEADO`) REFERENCES `empleado` (`NUM_ID`) ON DELETE CASCADE;

--
-- Filtros para la tabla `edificio`
--
ALTER TABLE `edificio`
  ADD CONSTRAINT `edificio_ibfk_1` FOREIGN KEY (`ID_HOTEL`) REFERENCES `hotel` (`ID_HOTEL`) ON DELETE CASCADE;

--
-- Filtros para la tabla `empleado`
--
ALTER TABLE `empleado`
  ADD CONSTRAINT `empleado_ibfk_1` FOREIGN KEY (`NUM_ID`) REFERENCES `persona` (`NUM_ID`) ON DELETE CASCADE,
  ADD CONSTRAINT `empleado_ibfk_2` FOREIGN KEY (`ID_HOTEL`) REFERENCES `hotel` (`ID_HOTEL`) ON DELETE CASCADE,
  ADD CONSTRAINT `empleado_ibfk_3` FOREIGN KEY (`ID_PRACTICA_SUPERVISADA`) REFERENCES `aprendiz_realiza_practica` (`ID_APRENDIZ_PRACTICA`) ON DELETE SET NULL;

--
-- Filtros para la tabla `empresa`
--
ALTER TABLE `empresa`
  ADD CONSTRAINT `empresa_ibfk_1` FOREIGN KEY (`ID_CLIENTE`) REFERENCES `cliente` (`ID_CLIENTE`) ON DELETE SET NULL;

--
-- Filtros para la tabla `espacio`
--
ALTER TABLE `espacio`
  ADD CONSTRAINT `espacio_ibfk_1` FOREIGN KEY (`ID_HOTEL`) REFERENCES `hotel` (`ID_HOTEL`) ON DELETE CASCADE,
  ADD CONSTRAINT `espacio_ibfk_2` FOREIGN KEY (`ID_ESPACIO_CONT`) REFERENCES `espacio` (`ID_ESPACIO`) ON DELETE SET NULL;

--
-- Filtros para la tabla `espacio_en_planta`
--
ALTER TABLE `espacio_en_planta`
  ADD CONSTRAINT `espacio_en_planta_ibfk_1` FOREIGN KEY (`ID_EDIFICIO`,`NUM_PLANTA`) REFERENCES `planta` (`ID_EDIFICIO`, `NUM_PLANTA`) ON DELETE CASCADE,
  ADD CONSTRAINT `espacio_en_planta_ibfk_2` FOREIGN KEY (`ID_ESPACIO`) REFERENCES `espacio` (`ID_ESPACIO`) ON DELETE CASCADE;

--
-- Filtros para la tabla `espacio_hospedaje`
--
ALTER TABLE `espacio_hospedaje`
  ADD CONSTRAINT `espacio_hospedaje_ibfk_1` FOREIGN KEY (`ID_ESPACIO`) REFERENCES `espacio` (`ID_ESPACIO`) ON DELETE CASCADE;

--
-- Filtros para la tabla `espacio_instalacion`
--
ALTER TABLE `espacio_instalacion`
  ADD CONSTRAINT `espacio_instalacion_ibfk_1` FOREIGN KEY (`ID_ESPACIO`) REFERENCES `espacio` (`ID_ESPACIO`) ON DELETE CASCADE;

--
-- Filtros para la tabla `espacio_trabajo`
--
ALTER TABLE `espacio_trabajo`
  ADD CONSTRAINT `espacio_trabajo_ibfk_1` FOREIGN KEY (`ID_ESPACIO`) REFERENCES `espacio` (`ID_ESPACIO`) ON DELETE CASCADE;

--
-- Filtros para la tabla `habitacion`
--
ALTER TABLE `habitacion`
  ADD CONSTRAINT `habitacion_ibfk_1` FOREIGN KEY (`ID_ESPACIO`) REFERENCES `espacio_hospedaje` (`ID_ESPACIO`) ON DELETE CASCADE;

--
-- Filtros para la tabla `huesped`
--
ALTER TABLE `huesped`
  ADD CONSTRAINT `huesped_ibfk_1` FOREIGN KEY (`ID_CLIENTE`) REFERENCES `cliente` (`ID_CLIENTE`) ON DELETE SET NULL,
  ADD CONSTRAINT `huesped_ibfk_2` FOREIGN KEY (`NUM_ID`) REFERENCES `persona` (`NUM_ID`) ON DELETE CASCADE;

--
-- Filtros para la tabla `planta`
--
ALTER TABLE `planta`
  ADD CONSTRAINT `planta_ibfk_1` FOREIGN KEY (`ID_EDIFICIO`) REFERENCES `edificio` (`ID_EDIFICIO`) ON DELETE CASCADE;
SET FOREIGN_KEY_CHECKS=1;
COMMIT;

/*!40101 SET CHARACTER_SET_CLIENT=@OLD_CHARACTER_SET_CLIENT */;
/*!40101 SET CHARACTER_SET_RESULTS=@OLD_CHARACTER_SET_RESULTS */;
/*!40101 SET COLLATION_CONNECTION=@OLD_COLLATION_CONNECTION */;
