-- phpMyAdmin SQL Dump
-- version 5.0.4
-- https://www.phpmyadmin.net/
--
-- Servidor: 127.0.0.1
-- Tiempo de generación: 03-03-2021 a las 18:06:40
-- Versión del servidor: 10.4.17-MariaDB
-- Versión de PHP: 7.2.34

SET FOREIGN_KEY_CHECKS=0;
SET SQL_MODE = "NO_AUTO_VALUE_ON_ZERO";
START TRANSACTION;
SET time_zone = "+00:00";


/*!40101 SET @OLD_CHARACTER_SET_CLIENT=@@CHARACTER_SET_CLIENT */;
/*!40101 SET @OLD_CHARACTER_SET_RESULTS=@@CHARACTER_SET_RESULTS */;
/*!40101 SET @OLD_COLLATION_CONNECTION=@@COLLATION_CONNECTION */;
/*!40101 SET NAMES utf8mb4 */;

--
-- Base de datos: `hotel_db`
--
CREATE DATABASE IF NOT EXISTS `hotel_db` DEFAULT CHARACTER SET utf8 COLLATE utf8_spanish_ci;
USE `hotel_db`;

-- --------------------------------------------------------

--
-- Estructura de tabla para la tabla `agencia`
--

DROP TABLE IF EXISTS `agencia`;
CREATE TABLE IF NOT EXISTS `agencia` (
  `COD_AGENCIA` varchar(9) COLLATE utf8_spanish_ci NOT NULL,
  `ID_CLIENTE` varchar(9) COLLATE utf8_spanish_ci DEFAULT NULL,
  `NOMBRE` varchar(40) COLLATE utf8_spanish_ci NOT NULL,
  `FECHA_INICIO_RELACIONES` date NOT NULL,
  `PAIS_ORIGEN` varchar(40) COLLATE utf8_spanish_ci NOT NULL,
  `ES_VIRTUAL` enum('Sí','No') COLLATE utf8_spanish_ci NOT NULL,
  `VALORACION` decimal(2,0) NOT NULL,
  `ULTIMA_ACTUALIZACION` timestamp NOT NULL DEFAULT current_timestamp() ON UPDATE current_timestamp(),
  PRIMARY KEY (`COD_AGENCIA`),
  UNIQUE KEY `ID_CLIENTE` (`ID_CLIENTE`)
) ENGINE=InnoDB DEFAULT CHARSET=utf8 COLLATE=utf8_spanish_ci;

--
-- Volcado de datos para la tabla `agencia`
--

INSERT INTO `agencia` (`COD_AGENCIA`, `ID_CLIENTE`, `NOMBRE`, `FECHA_INICIO_RELACIONES`, `PAIS_ORIGEN`, `ES_VIRTUAL`, `VALORACION`, `ULTIMA_ACTUALIZACION`) VALUES
('005461755', '214803187', 'Funk-Legros', '2011-03-27', 'French Polynesia', 'No', '4', '1995-08-19 18:28:10'),
('011320106', '168079469', 'Toy and Sons', '1994-11-24', 'San Marino', 'Sí', '3', '1999-10-25 08:54:42'),
('015454083', '100493853', 'Becker-Douglas', '2002-06-09', 'Tajikistan', 'Sí', '9', '1975-03-10 21:10:16'),
('034461982', '145794365', 'Kovacek Group', '1995-02-20', 'Tuvalu', 'Sí', '5', '2001-02-02 15:30:11'),
('035457889', '068210762', 'Gleason, Schimmel and Kulas', '1976-07-01', 'Zimbabwe', 'Sí', '8', '1976-03-07 19:41:28'),
('039835145', '158720351', 'Hilll and Sons', '1981-02-17', 'Greenland', 'No', '10', '1996-02-22 09:32:43'),
('066163117', '239543312', 'Fadel-Grimes', '1993-01-16', 'Maldives', 'Sí', '2', '1979-12-30 23:42:36'),
('071281297', '058891496', 'Stanton, Gislason and Brakus', '1976-12-19', 'Austria', 'No', '8', '1973-07-09 09:58:04'),
('080466705', '026382178', 'Okuneva Group', '2003-09-28', 'Senegal', 'Sí', '3', '1972-10-18 22:16:04'),
('105914365', '100897663', 'Pfeffer, Rodriguez and Goyette', '2011-04-03', 'Ghana', 'No', '5', '2016-03-04 14:54:04'),
('106077053', '037663146', 'Becker and Sons', '1996-11-30', 'Swaziland', 'No', '5', '2014-04-03 06:17:14'),
('147855102', '235180109', 'Cruickshank-Runolfsdottir', '2019-02-25', 'Ethiopia', 'No', '10', '1973-02-19 06:00:01'),
('152407889', '012551176', 'Simonis-Williamson', '1990-02-28', 'New Caledonia', 'Sí', '10', '1995-09-18 03:19:40'),
('158493501', '026736550', 'Schowalter, Legros and Wehner', '1971-12-20', 'Macao', 'Sí', '5', '1992-02-27 03:59:38'),
('170682854', '079615425', 'Mueller Inc', '1971-11-16', 'Ireland', 'No', '10', '1982-04-15 20:39:13'),
('171022583', '085350641', 'Armstrong-Hermiston', '2007-07-28', 'Mayotte', 'Sí', '1', '2012-10-20 19:31:59'),
('177329240', '039113880', 'Streich, Howell and Barton', '2012-05-22', 'Guinea-Bissau', 'No', '5', '2014-11-19 22:14:22'),
('186260014', '040663371', 'Zulauf, Rempel and Grady', '1985-06-23', 'Saint Pierre and Miquelon', 'No', '4', '1985-06-11 00:52:26'),
('186963215', '029694271', 'Witting, Brekke and Predovic', '1973-01-09', 'Mozambique', 'No', '1', '2017-04-19 22:59:08'),
('240096976', '024358443', 'Nitzsche, Harber and Bednar', '2019-09-25', 'Yemen', 'Sí', '3', '2006-03-15 16:18:32'),
('252783249', '006535407', 'Emmerich, Hintz and Lindgren', '2002-04-05', 'Slovakia (Slovak Republic)', 'No', '2', '1996-01-23 20:42:48'),
('254949623', '089125656', 'Wunsch LLC', '2015-08-25', 'Barbados', 'No', '2', '1980-08-14 18:32:27'),
('256393301', '075408473', 'Sipes-Huels', '1988-01-30', 'Marshall Islands', 'No', '9', '1971-04-12 02:13:40'),
('267090618', '238456686', 'Dach, Trantow and Funk', '2011-09-21', 'Finland', 'No', '9', '1983-05-23 03:54:10'),
('269505076', '174258334', 'Hintz, Schoen and Koepp', '1975-11-13', 'Nicaragua', 'Sí', '1', '1971-04-02 14:34:05'),
('277518399', '016848092', 'O\'Keefe-Hilpert', '2007-12-05', 'Mexico', 'Sí', '1', '1991-12-14 16:31:45'),
('278851445', '227490943', 'Hayes Group', '2006-01-30', 'Cameroon', 'No', '1', '2000-12-02 19:45:56'),
('293388687', '133410039', 'Jast Ltd', '2011-10-08', 'Finland', 'No', '3', '2018-08-30 23:15:59'),
('300070922', '045199540', 'Mueller-Frami', '1985-07-03', 'Senegal', 'No', '7', '2001-02-13 14:53:18'),
('303178691', '175908862', 'Nicolas, Greenholt and Kuhlman', '2000-09-08', 'Equatorial Guinea', 'Sí', '1', '2007-10-20 02:04:36'),
('330345506', '054496826', 'Fritsch-Wuckert', '2018-01-17', 'Eritrea', 'No', '1', '1973-08-23 04:05:58'),
('331913555', '018048607', 'Brakus-Koss', '2017-04-09', 'French Polynesia', 'Sí', '6', '1993-11-02 20:12:47'),
('338391054', '131992297', 'Mraz-D\'Amore', '1972-08-21', 'Swaziland', 'Sí', '6', '2011-08-28 21:58:50'),
('363482412', '029780484', 'Farrell, Wintheiser and Russel', '2012-09-29', 'Jersey', 'No', '1', '1994-08-15 01:50:34'),
('365941991', '020424735', 'Cole, Bradtke and Cruickshank', '1996-02-14', 'Maldives', 'No', '0', '2012-11-01 23:10:07'),
('377275601', '220760817', 'Schmidt, Konopelski and Mann', '2014-10-30', 'Lebanon', 'Sí', '1', '1982-11-12 18:33:29'),
('384669283', '056242508', 'Kemmer Group', '1998-08-18', 'Saint Lucia', 'No', '3', '1972-01-25 10:37:37'),
('387403227', '000386052', 'O\'Hara PLC', '1981-02-04', 'Belize', 'No', '1', '2003-04-22 11:47:05'),
('388891553', '102476974', 'Schultz-Williamson', '1995-10-12', 'Tajikistan', 'Sí', '9', '2015-01-28 02:04:58'),
('389445804', '047655506', 'Dibbert PLC', '1976-09-09', 'Greece', 'Sí', '0', '1992-04-28 19:21:58'),
('398092327', '109618390', 'Rice-Ruecker', '2010-01-28', 'Saint Helena', 'Sí', '3', '1972-09-01 11:23:22'),
('401552373', '134863228', 'Mraz, Bernier and Lakin', '2016-05-27', 'Angola', 'Sí', '3', '1999-02-16 18:05:33'),
('420594488', '148359089', 'Runolfsdottir, Mills and Wisozk', '2009-05-25', 'France', 'Sí', '0', '1987-02-22 05:21:45'),
('429641090', '188723767', 'Stamm Inc', '2004-08-18', 'Papua New Guinea', 'Sí', '7', '1974-10-19 02:43:43'),
('436031965', '043882755', 'Weissnat, Welch and Hudson', '2002-06-30', 'Jamaica', 'No', '10', '2002-11-06 06:44:27'),
('460560446', '221590118', 'Lockman-Herman', '2020-01-13', 'Mali', 'No', '2', '1979-05-06 01:48:23'),
('472272059', '092830234', 'Cassin, Gleichner and Johnson', '1971-12-06', 'Western Sahara', 'Sí', '1', '1986-09-27 10:18:23'),
('478643661', '201919676', 'Bahringer, Schinner and Kemmer', '1995-06-06', 'Guinea-Bissau', 'No', '2', '1997-11-26 12:34:38'),
('480294648', '053827832', 'Hoppe-Barton', '2020-05-19', 'Jordan', 'Sí', '9', '1992-01-20 00:02:36'),
('487368349', '043981017', 'Grady, Swift and Torp', '1984-07-02', 'Sao Tome and Principe', 'No', '3', '2014-04-27 16:10:01'),
('491064431', '039846398', 'Williamson-Braun', '1982-06-22', 'Reunion', 'No', '6', '1978-01-22 22:05:38'),
('507480134', '146226228', 'O\'Reilly Group', '2014-01-27', 'Switzerland', 'Sí', '5', '2005-06-29 09:03:29'),
('509993484', '170922610', 'Hagenes PLC', '2021-02-24', 'French Guiana', 'Sí', '6', '1980-02-13 05:20:10'),
('520333661', '138586149', 'Yundt, Labadie and Boehm', '1984-08-27', 'Saint Barthelemy', 'Sí', '6', '1982-02-26 05:17:55'),
('553518003', '008699963', 'Goyette-Torphy', '1988-09-05', 'Botswana', 'No', '0', '2012-09-25 23:20:04'),
('559985675', '092903803', 'West-Daniel', '2004-08-22', 'Mauritius', 'Sí', '1', '1978-01-22 03:48:28'),
('583216591', '059862343', 'Willms Group', '1987-08-30', 'El Salvador', 'Sí', '3', '1977-11-07 14:49:24'),
('592469648', '129663280', 'Hagenes-Swift', '1976-05-27', 'Serbia', 'No', '9', '2001-09-29 04:22:08'),
('595484180', '092957080', 'Stiedemann Group', '1992-05-07', 'Guatemala', 'No', '10', '2002-10-29 13:24:58'),
('605482087', '124147719', 'Denesik-Robel', '2012-05-19', 'Saint Martin', 'No', '6', '1999-09-14 03:06:20'),
('611406470', '083674879', 'Brown and Sons', '1971-06-13', 'Tunisia', 'Sí', '5', '2009-02-22 12:11:47'),
('615339522', '174451287', 'Vandervort-Runte', '2002-08-16', 'Madagascar', 'No', '0', '2017-09-10 18:15:27'),
('624924308', '226590348', 'Hamill PLC', '1976-04-13', 'Sudan', 'No', '7', '1994-02-06 09:06:23'),
('635696077', '085674811', 'Stracke, Shields and Koch', '2016-08-28', 'South Africa', 'No', '0', '1972-08-26 00:15:45'),
('658137250', '102688633', 'Orn Group', '2003-09-28', 'Gambia', 'Sí', '5', '1989-02-13 21:20:15'),
('671732689', '190257889', 'Schultz and Sons', '1980-04-26', 'Indonesia', 'No', '10', '1975-05-24 19:49:36'),
('681588665', '224271872', 'Morar, Torphy and Wolf', '1992-01-04', 'Kuwait', 'No', '1', '2013-07-26 02:36:37'),
('702922565', '156786566', 'Turner-Macejkovic', '2021-02-10', 'Heard Island and McDonald Islands', 'Sí', '7', '1976-02-05 10:42:37'),
('703323884', '039578920', 'Feeney, Swaniawski and Kassulke', '2010-05-10', 'British Virgin Islands', 'Sí', '2', '2009-03-23 23:10:06'),
('727312753', '141893798', 'Schiller LLC', '1999-05-26', 'Turkmenistan', 'Sí', '7', '2013-05-16 03:24:50'),
('730528461', '100758359', 'Terry Inc', '1987-03-31', 'Lao People\'s Democratic Republic', 'Sí', '2', '1971-01-07 12:43:45'),
('740343460', '213242844', 'Collins-West', '1985-12-16', 'Egypt', 'No', '2', '1976-03-27 00:26:06'),
('740527359', '204337228', 'Kuvalis-Dickens', '2019-08-28', 'Denmark', 'Sí', '2', '1970-04-30 23:44:02'),
('746437573', '047775567', 'Dibbert-Zemlak', '2015-04-25', 'San Marino', 'No', '0', '1972-04-28 07:04:50'),
('755977704', '177744342', 'Cummings-Simonis', '1975-09-15', 'Guatemala', 'Sí', '4', '1980-08-06 19:55:16'),
('756339930', '054563054', 'Mills PLC', '1976-08-14', 'Nigeria', 'Sí', '8', '2009-01-16 06:15:06'),
('757047259', '130317491', 'Brown, Hessel and Nitzsche', '2007-12-26', 'Holy See (Vatican City State)', 'No', '1', '1984-10-26 09:10:48'),
('775898960', '083093760', 'Schowalter-Hahn', '2010-06-05', 'Kazakhstan', 'Sí', '7', '1994-12-13 22:17:30'),
('784422981', '045503487', 'Koelpin, Wisoky and Metz', '1973-08-13', 'Svalbard & Jan Mayen Islands', 'Sí', '8', '1997-05-09 02:16:44'),
('786969523', '023708426', 'Wiegand, Klein and Boyle', '2004-02-27', 'Romania', 'No', '2', '1993-07-31 08:29:11'),
('797443619', '213653035', 'Blanda, Glover and Feil', '1974-01-08', 'Switzerland', 'Sí', '8', '1994-08-30 02:53:34'),
('799931880', '062404223', 'O\'Hara and Sons', '2008-02-23', 'Moldova', 'Sí', '5', '1991-10-20 01:38:37'),
('799976435', '162706412', 'Berge, Treutel and Bergnaum', '2013-05-04', 'Oman', 'Sí', '3', '1987-04-02 11:01:04'),
('817093951', '093005325', 'Morar, Boyer and Cole', '1998-08-08', 'Kyrgyz Republic', 'Sí', '2', '1979-09-07 17:41:36'),
('850169806', '011469097', 'Mosciski Ltd', '1988-10-19', 'Micronesia', 'No', '5', '1981-10-25 20:47:41'),
('853816146', '048756632', 'Kub-Stark', '2000-07-22', 'Guadeloupe', 'No', '9', '2003-12-26 12:44:20'),
('879685997', '058800005', 'Lang-Adams', '1995-05-31', 'Palestinian Territory', 'Sí', '5', '1982-01-27 08:07:20'),
('913057953', '238760974', 'Carroll Inc', '1997-10-26', 'Taiwan', 'No', '8', '1981-09-24 00:26:14'),
('939524147', '000144855', 'Littel Group', '1998-02-26', 'China', 'Sí', '0', '1991-02-09 03:02:38'),
('953885143', '066250074', 'Sanford-Barton', '2010-01-07', 'Chad', 'Sí', '2', '1998-07-23 01:36:03'),
('962386028', '028046706', 'Lynch-Kuhic', '2013-10-25', 'Dominica', 'Sí', '0', '1979-06-02 18:21:48'),
('962970031', '243225166', 'Gerlach LLC', '2000-08-03', 'Egypt', 'No', '9', '1990-01-09 10:56:33'),
('963347092', '082262322', 'Kutch, Gottlieb and Armstrong', '1973-11-24', 'Saudi Arabia', 'Sí', '0', '1970-09-05 21:51:53'),
('971227106', '210880251', 'Borer Ltd', '1984-01-13', 'Lao People\'s Democratic Republic', 'No', '2', '2016-08-08 12:48:25'),
('977063011', '253466467', 'Nitzsche-Runte', '2016-11-05', 'Cote d\'Ivoire', 'Sí', '7', '1997-07-12 16:02:02'),
('979266166', '120920269', 'Leannon Group', '1991-07-18', 'Nigeria', 'No', '8', '2000-11-27 20:55:33'),
('981799468', '220432704', 'Wehner Inc', '2000-12-17', 'Vanuatu', 'No', '6', '1981-07-11 08:09:14'),
('991675261', '071544130', 'Stamm, Crona and Heathcote', '1989-11-23', 'Moldova', 'No', '1', '1993-07-19 09:42:53'),
('993895032', '091229867', 'Anderson, Schmidt and Hermiston', '1992-04-20', 'Djibouti', 'No', '7', '2010-12-15 10:08:14'),
('999101243', '032926646', 'Rutherford-Nolan', '2005-11-21', 'United Arab Emirates', 'Sí', '6', '1995-02-23 05:39:08');

-- --------------------------------------------------------

--
-- Estructura de tabla para la tabla `apartamento`
--

DROP TABLE IF EXISTS `apartamento`;
CREATE TABLE IF NOT EXISTS `apartamento` (
  `ID_ESPACIO` varchar(9) COLLATE utf8_spanish_ci NOT NULL,
  `TIENE_SALON` enum('Sí','No') COLLATE utf8_spanish_ci NOT NULL,
  `COCINA_ELECTRICA` enum('Sí','No') COLLATE utf8_spanish_ci NOT NULL,
  `NUM_PLANTAS` decimal(2,0) NOT NULL,
  `TIENE_ASCENSOR` enum('Sí','No') COLLATE utf8_spanish_ci NOT NULL,
  `NUM_HABITACIONES` int(1) NOT NULL,
  `ULTIMA_ACTUALIZACION` timestamp NOT NULL DEFAULT current_timestamp() ON UPDATE current_timestamp(),
  PRIMARY KEY (`ID_ESPACIO`)
) ENGINE=InnoDB DEFAULT CHARSET=utf8 COLLATE=utf8_spanish_ci;

--
-- Volcado de datos para la tabla `apartamento`
--

INSERT INTO `apartamento` (`ID_ESPACIO`, `TIENE_SALON`, `COCINA_ELECTRICA`, `NUM_PLANTAS`, `TIENE_ASCENSOR`, `NUM_HABITACIONES`, `ULTIMA_ACTUALIZACION`) VALUES
('006266478', 'Sí', 'Sí', '1', 'No', 5, '1975-06-14 06:37:32'),
('009012536', 'Sí', 'Sí', '3', 'Sí', 7, '2009-05-29 08:51:18'),
('009970642', 'No', 'Sí', '2', 'No', 1, '1971-01-19 21:08:17'),
('019746769', 'No', 'Sí', '1', 'Sí', 2, '2012-11-02 21:50:00'),
('021388781', 'Sí', 'Sí', '1', 'Sí', 2, '2007-01-07 05:11:35'),
('023616881', 'Sí', 'Sí', '2', 'No', 5, '1995-12-23 04:26:03'),
('023857958', 'Sí', 'Sí', '1', 'Sí', 3, '1984-05-26 08:02:55'),
('025816112', 'No', 'Sí', '2', 'Sí', 6, '2014-01-26 02:39:21'),
('026161853', 'Sí', 'No', '1', 'Sí', 1, '2020-08-31 21:08:37'),
('027114959', 'No', 'Sí', '2', 'No', 6, '2003-06-12 13:45:57'),
('027716537', 'Sí', 'No', '1', 'No', 2, '2003-07-26 08:01:58'),
('028544426', 'No', 'No', '2', 'No', 3, '1996-11-22 04:19:40'),
('035109023', 'No', 'Sí', '3', 'Sí', 6, '2013-07-21 13:17:39'),
('038967751', 'Sí', 'No', '3', 'No', 5, '2015-04-05 08:05:20'),
('042150418', 'No', 'No', '2', 'No', 3, '2007-12-05 06:13:58'),
('043722307', 'Sí', 'Sí', '3', 'Sí', 3, '1992-09-04 06:15:07'),
('044253097', 'No', 'Sí', '1', 'No', 1, '2000-05-01 19:37:01'),
('044892469', 'Sí', 'Sí', '1', 'Sí', 3, '1979-06-25 18:09:14'),
('045638387', 'Sí', 'No', '2', 'No', 1, '2009-11-06 02:23:31'),
('046983557', 'No', 'No', '2', 'Sí', 7, '2011-10-27 04:28:05'),
('050591146', 'No', 'No', '2', 'Sí', 4, '2014-11-30 07:38:24'),
('054892612', 'Sí', 'No', '3', 'Sí', 2, '1995-10-28 04:25:20'),
('058373519', 'No', 'No', '3', 'Sí', 5, '1983-10-25 05:08:48'),
('062551750', 'Sí', 'No', '1', 'No', 5, '2013-11-17 22:01:41'),
('062680726', 'No', 'Sí', '3', 'Sí', 5, '1998-05-03 15:50:52'),
('064461365', 'Sí', 'No', '3', 'Sí', 5, '1980-01-28 12:02:19'),
('065504977', 'Sí', 'Sí', '2', 'Sí', 3, '2005-02-06 06:24:09'),
('067140206', 'No', 'No', '3', 'Sí', 2, '1989-06-26 12:54:02'),
('072262117', 'Sí', 'No', '2', 'No', 6, '2009-10-11 14:14:39'),
('082474089', 'Sí', 'Sí', '2', 'Sí', 7, '1973-02-15 20:43:46'),
('085742042', 'No', 'No', '3', 'Sí', 6, '1979-08-07 01:11:07'),
('088111851', 'No', 'Sí', '1', 'Sí', 4, '1993-10-04 03:52:04'),
('088649618', 'No', 'Sí', '3', 'No', 7, '2015-01-11 09:45:15'),
('089256015', 'No', 'Sí', '3', 'No', 2, '1990-04-05 14:31:52'),
('089404976', 'No', 'No', '3', 'No', 4, '1990-11-04 15:13:12'),
('092763369', 'No', 'Sí', '2', 'Sí', 5, '1995-04-28 11:53:56'),
('093531812', 'Sí', 'No', '1', 'No', 6, '1977-05-12 23:36:47'),
('093966782', 'No', 'No', '3', 'No', 4, '1993-07-13 02:36:47'),
('103826167', 'Sí', 'No', '1', 'No', 2, '2020-10-07 22:15:30'),
('103939765', 'Sí', 'Sí', '1', 'No', 1, '2009-02-13 15:32:08'),
('106449432', 'Sí', 'No', '2', 'No', 3, '1993-04-19 18:06:50'),
('106646255', 'No', 'Sí', '1', 'No', 5, '2010-04-04 17:56:30'),
('108792401', 'No', 'No', '2', 'No', 7, '2016-07-28 02:56:56'),
('116695114', 'No', 'Sí', '2', 'No', 2, '1979-11-11 17:42:58'),
('116912582', 'No', 'No', '2', 'Sí', 1, '1997-01-27 00:26:52'),
('120186699', 'No', 'Sí', '2', 'Sí', 4, '1992-07-22 00:37:21'),
('127742819', 'Sí', 'No', '2', 'Sí', 4, '1980-02-14 23:16:53'),
('129057404', 'Sí', 'No', '2', 'Sí', 1, '1970-03-25 06:27:26'),
('137073792', 'Sí', 'Sí', '2', 'Sí', 2, '2006-01-05 11:33:17'),
('137561155', 'Sí', 'Sí', '3', 'Sí', 5, '2000-12-29 02:25:50'),
('140541361', 'No', 'Sí', '1', 'No', 1, '1986-08-03 18:58:51'),
('141110557', 'No', 'No', '1', 'No', 2, '1980-01-02 00:26:30'),
('141618949', 'Sí', 'Sí', '3', 'No', 6, '1983-01-28 20:49:36'),
('147811515', 'Sí', 'Sí', '3', 'Sí', 4, '1985-12-15 10:27:05'),
('151133155', 'Sí', 'No', '1', 'No', 6, '1971-03-04 15:57:28'),
('151888879', 'No', 'No', '1', 'No', 3, '1982-11-19 06:41:59'),
('154319006', 'No', 'Sí', '3', 'Sí', 2, '1970-02-04 00:11:37'),
('154446053', 'No', 'Sí', '2', 'No', 7, '2009-02-18 11:47:58'),
('155873592', 'Sí', 'No', '2', 'Sí', 4, '1979-05-16 03:06:40'),
('156511217', 'No', 'Sí', '1', 'Sí', 2, '1983-08-21 18:11:13'),
('157510788', 'Sí', 'No', '1', 'Sí', 2, '1981-02-06 22:11:36'),
('158230915', 'Sí', 'No', '2', 'Sí', 5, '1986-02-27 23:56:29'),
('159648121', 'No', 'Sí', '1', 'No', 4, '2001-08-27 13:00:49'),
('168342232', 'No', 'No', '2', 'No', 2, '1988-07-25 17:03:58'),
('169371929', 'Sí', 'No', '3', 'Sí', 5, '2016-12-28 02:07:19'),
('175528814', 'No', 'No', '3', 'Sí', 2, '1997-12-06 14:08:30'),
('182002537', 'Sí', 'No', '1', 'No', 4, '2009-11-11 16:05:13'),
('182205200', 'No', 'Sí', '3', 'Sí', 2, '2009-09-30 01:25:15'),
('183649722', 'No', 'Sí', '2', 'Sí', 5, '1972-02-17 12:28:56'),
('184867458', 'No', 'No', '3', 'Sí', 3, '2015-11-09 04:52:30'),
('186262652', 'No', 'Sí', '1', 'No', 1, '1974-11-15 19:10:33'),
('186411222', 'No', 'Sí', '2', 'Sí', 5, '2003-09-24 12:53:56'),
('187880483', 'No', 'Sí', '3', 'Sí', 4, '2005-01-13 20:50:32'),
('189896780', 'No', 'Sí', '2', 'No', 7, '1974-09-29 15:18:41'),
('192590886', 'Sí', 'No', '3', 'No', 1, '2018-02-28 03:48:15'),
('192893433', 'No', 'No', '2', 'No', 4, '2009-07-10 22:39:18'),
('194059162', 'No', 'Sí', '2', 'Sí', 6, '2012-06-16 01:31:30'),
('195488218', 'No', 'Sí', '2', 'Sí', 7, '2002-11-18 10:17:33'),
('197863014', 'Sí', 'No', '1', 'Sí', 4, '2014-05-14 05:28:52'),
('201480418', 'No', 'Sí', '2', 'No', 1, '2007-03-07 14:25:24'),
('202020877', 'No', 'No', '2', 'No', 7, '1999-01-11 07:25:21'),
('202689793', 'Sí', 'Sí', '2', 'Sí', 4, '2008-02-05 05:56:03'),
('204671922', 'Sí', 'No', '2', 'No', 6, '1978-08-02 12:25:31'),
('205686742', 'Sí', 'No', '3', 'No', 2, '2015-04-28 22:49:35'),
('214836269', 'Sí', 'Sí', '1', 'Sí', 6, '1993-10-16 15:16:35'),
('216254501', 'Sí', 'Sí', '1', 'No', 3, '2010-02-23 07:49:00'),
('225192625', 'No', 'No', '1', 'No', 4, '2011-01-27 22:36:52'),
('231958232', 'Sí', 'Sí', '1', 'No', 5, '1998-12-15 18:57:28'),
('232096461', 'No', 'No', '2', 'Sí', 3, '1991-07-02 07:08:41'),
('233120476', 'No', 'Sí', '2', 'Sí', 7, '1973-01-21 11:36:40'),
('236264082', 'Sí', 'No', '1', 'No', 7, '1973-06-04 00:53:39'),
('238768447', 'No', 'No', '2', 'No', 5, '1994-12-04 16:27:43'),
('246827166', 'No', 'No', '3', 'No', 2, '1982-10-15 22:02:02'),
('247144372', 'Sí', 'No', '1', 'Sí', 6, '2019-04-17 00:21:50'),
('247862762', 'Sí', 'Sí', '1', 'No', 7, '2017-07-24 15:10:36'),
('252696819', 'Sí', 'Sí', '2', 'No', 5, '2000-09-12 23:27:59'),
('258810886', 'No', 'Sí', '1', 'No', 1, '2003-05-15 07:03:07'),
('260873059', 'No', 'Sí', '3', 'No', 5, '1970-03-03 02:38:54'),
('262588883', 'Sí', 'No', '1', 'No', 7, '2004-12-07 14:20:57'),
('265244515', 'No', 'Sí', '2', 'No', 5, '1992-03-19 22:41:04');

-- --------------------------------------------------------

--
-- Estructura de tabla para la tabla `aprendiz`
--

DROP TABLE IF EXISTS `aprendiz`;
CREATE TABLE IF NOT EXISTS `aprendiz` (
  `NUM_ID` varchar(9) COLLATE utf8_spanish_ci NOT NULL,
  `FECHA_INGRESO` date DEFAULT NULL,
  PRIMARY KEY (`NUM_ID`)
) ENGINE=InnoDB DEFAULT CHARSET=utf8 COLLATE=utf8_spanish_ci;

-- --------------------------------------------------------

--
-- Estructura de tabla para la tabla `aprendiz_realiza_practica`
--

DROP TABLE IF EXISTS `aprendiz_realiza_practica`;
CREATE TABLE IF NOT EXISTS `aprendiz_realiza_practica` (
  `ID_APRENDIZ_PRACTICA` varchar(12) COLLATE utf8_spanish_ci NOT NULL,
  `NUM_ID_APRENDIZ` varchar(9) COLLATE utf8_spanish_ci NOT NULL,
  `ID_PRACTICA` varchar(3) COLLATE utf8_spanish_ci NOT NULL,
  `HORAS_REALIZADAS` float(7,2) UNSIGNED NOT NULL,
  PRIMARY KEY (`ID_APRENDIZ_PRACTICA`),
  UNIQUE KEY `NUM_ID_APRENDIZ` (`NUM_ID_APRENDIZ`),
  UNIQUE KEY `ID_PRACTICA` (`ID_PRACTICA`)
) ENGINE=InnoDB DEFAULT CHARSET=utf8 COLLATE=utf8_spanish_ci;

-- --------------------------------------------------------

--
-- Estructura de tabla para la tabla `cliente`
--

DROP TABLE IF EXISTS `cliente`;
CREATE TABLE IF NOT EXISTS `cliente` (
  `ID_CLIENTE` varchar(9) COLLATE utf8_spanish_ci NOT NULL,
  `FECHA_PRIMER_CONTRATO` date NOT NULL,
  `ES_CLIENTE_VIP` enum('Sí','No') COLLATE utf8_spanish_ci DEFAULT NULL,
  `ULTIMA_ACTUALIZACION` timestamp NOT NULL DEFAULT current_timestamp() ON UPDATE current_timestamp(),
  PRIMARY KEY (`ID_CLIENTE`)
) ENGINE=InnoDB DEFAULT CHARSET=utf8 COLLATE=utf8_spanish_ci;

--
-- Volcado de datos para la tabla `cliente`
--

INSERT INTO `cliente` (`ID_CLIENTE`, `FECHA_PRIMER_CONTRATO`, `ES_CLIENTE_VIP`, `ULTIMA_ACTUALIZACION`) VALUES
('000144855', '1981-01-06', 'Sí', '1986-12-15 00:46:19'),
('000386052', '2018-09-17', 'No', '2007-05-09 10:10:39'),
('006535407', '1972-08-19', 'Sí', '1992-06-01 21:29:05'),
('008699963', '1987-03-11', 'No', '1995-01-25 23:20:12'),
('011469097', '1974-06-06', 'Sí', '1974-09-08 14:54:20'),
('012551176', '1978-07-23', 'Sí', '1991-09-02 16:34:13'),
('016848092', '2003-02-10', 'Sí', '2015-08-15 08:03:40'),
('018048607', '1975-04-27', 'Sí', '2012-03-29 17:58:24'),
('020424735', '1980-10-16', 'Sí', '1977-01-21 13:17:34'),
('023708426', '2009-03-25', 'No', '1984-09-20 12:39:12'),
('024358443', '1986-06-11', 'No', '1971-06-27 10:19:03'),
('026382178', '2013-12-25', 'Sí', '1997-04-15 04:20:56'),
('026736550', '1996-04-05', 'No', '1980-10-19 14:11:01'),
('028046706', '2018-09-21', 'Sí', '2011-09-12 02:55:10'),
('029694271', '2004-05-06', 'Sí', '1978-07-11 10:56:05'),
('029780484', '1972-11-02', 'No', '2017-05-26 20:34:10'),
('032926646', '2019-12-01', 'Sí', '2006-08-02 12:22:05'),
('037663146', '1993-03-09', 'No', '1994-09-01 11:01:42'),
('039113880', '1996-07-09', 'Sí', '2016-05-12 05:37:27'),
('039578920', '1985-12-23', 'No', '2015-08-22 20:53:10'),
('039846398', '1975-12-16', 'No', '1976-05-16 12:25:46'),
('040663371', '2009-03-19', 'Sí', '1985-02-24 06:15:58'),
('043882755', '1979-11-11', 'No', '2001-05-21 00:26:37'),
('043981017', '1977-09-20', 'No', '2019-01-29 00:42:20'),
('045199540', '1990-04-22', 'Sí', '1993-09-15 16:07:31'),
('045503487', '2012-12-08', 'No', '1993-03-27 16:33:07'),
('047655506', '2008-03-11', 'Sí', '1994-08-13 21:10:53'),
('047775567', '1997-09-06', 'Sí', '2007-03-08 17:20:15'),
('048756632', '1986-04-07', 'No', '1987-07-30 10:59:48'),
('053827832', '2013-12-11', 'No', '2006-08-15 01:23:09'),
('054496826', '1986-12-16', 'No', '1970-05-19 15:34:42'),
('054563054', '2006-04-04', 'No', '1978-09-04 20:54:55'),
('056242508', '1983-01-06', 'Sí', '1999-11-06 23:27:23'),
('058800005', '2020-04-30', 'No', '1977-12-06 15:44:27'),
('058891496', '2018-06-06', 'No', '1993-11-10 15:41:18'),
('059862343', '1994-02-04', 'No', '2003-02-12 13:59:47'),
('062404223', '2002-04-08', 'No', '2003-08-20 11:24:08'),
('066250074', '2018-05-05', 'Sí', '1985-01-05 11:27:20'),
('068210762', '1976-11-19', 'No', '1985-02-10 16:43:57'),
('071544130', '1998-03-21', 'No', '1985-10-14 01:30:35'),
('075408473', '2015-03-23', 'No', '1979-06-24 09:31:30'),
('079615425', '1993-05-31', 'No', '2015-03-12 15:32:35'),
('082262322', '1978-06-04', 'Sí', '2021-01-12 03:43:04'),
('083093760', '2006-04-12', 'No', '2018-12-19 00:48:01'),
('083674879', '2003-11-23', 'Sí', '1997-01-05 20:39:20'),
('085350641', '1985-02-13', 'No', '1992-04-03 17:31:00'),
('085674811', '2001-07-05', 'Sí', '2004-04-18 09:02:49'),
('089125656', '2016-11-21', 'Sí', '1985-02-05 02:23:13'),
('091229867', '1985-03-26', 'No', '1994-06-12 03:13:17'),
('092830234', '2002-04-20', 'Sí', '2006-06-07 20:59:57'),
('092903803', '1995-01-13', 'No', '2011-01-19 19:07:45'),
('092957080', '2016-06-10', 'Sí', '1974-08-17 07:14:02'),
('093005325', '1975-09-30', 'No', '2012-10-13 21:35:30'),
('100493853', '1981-08-11', 'Sí', '1989-10-13 15:43:01'),
('100758359', '2012-06-29', 'No', '1992-01-18 09:11:15'),
('100897663', '1987-10-23', 'Sí', '1975-01-13 15:12:11'),
('102476974', '1992-12-19', 'Sí', '2013-10-26 22:17:43'),
('102688633', '1996-11-21', 'No', '1978-01-30 11:45:36'),
('109618390', '1996-06-05', 'Sí', '2016-11-17 06:48:22'),
('120920269', '1979-07-20', 'No', '2013-01-04 01:40:59'),
('124147719', '1985-01-22', 'Sí', '2003-11-27 22:59:33'),
('129663280', '2019-10-22', 'Sí', '2006-01-30 03:53:26'),
('130317491', '1975-10-08', 'Sí', '1987-06-11 10:55:02'),
('131992297', '2008-03-08', 'Sí', '1972-05-29 11:39:14'),
('133410039', '2016-02-20', 'Sí', '2013-08-10 14:36:56'),
('134863228', '1973-02-06', 'Sí', '1994-05-19 02:38:04'),
('138586149', '2019-05-25', 'No', '2012-10-07 16:03:53'),
('141893798', '2006-09-08', 'No', '1986-09-08 00:16:41'),
('145794365', '1981-07-28', 'Sí', '2013-07-08 03:18:41'),
('146226228', '1991-04-15', 'Sí', '2015-07-17 19:46:56'),
('148359089', '2003-08-01', 'Sí', '1997-06-23 01:01:09'),
('156786566', '2010-06-09', 'Sí', '1977-03-06 18:50:16'),
('158720351', '1991-10-16', 'Sí', '2015-02-12 15:44:06'),
('162706412', '1988-05-31', 'Sí', '1980-07-12 07:21:13'),
('168079469', '1971-10-04', 'No', '2010-08-05 18:37:43'),
('170922610', '1979-10-17', 'No', '2015-12-20 06:41:47'),
('174258334', '2017-05-08', 'No', '1982-02-27 21:04:59'),
('174451287', '2002-11-20', 'Sí', '1991-11-09 18:39:16'),
('175908862', '1980-11-01', 'No', '1981-03-08 05:35:31'),
('177744342', '2016-05-12', 'Sí', '1999-08-18 11:36:42'),
('188723767', '2014-04-25', 'Sí', '2010-04-05 20:34:00'),
('190257889', '2010-09-28', 'Sí', '2014-07-21 11:43:55'),
('201919676', '1975-02-12', 'No', '2009-05-17 21:16:19'),
('204337228', '1987-11-11', 'Sí', '2010-07-16 11:54:18'),
('210880251', '1985-11-02', 'No', '1977-04-18 09:08:35'),
('213242844', '1991-10-12', 'Sí', '2003-03-15 06:48:36'),
('213653035', '1979-10-23', 'No', '1974-01-22 09:00:32'),
('214803187', '1981-05-12', 'Sí', '1972-06-01 07:23:48'),
('220432704', '1984-03-29', 'No', '2009-10-31 13:20:07'),
('220760817', '2001-01-28', 'No', '2001-06-07 13:55:41'),
('221590118', '1981-12-18', 'Sí', '1979-01-11 02:18:23'),
('224271872', '1985-12-23', 'No', '1998-06-08 18:08:39'),
('226590348', '2012-06-14', 'Sí', '2018-04-12 13:31:58'),
('227490943', '1986-01-19', 'Sí', '2020-12-22 03:04:21'),
('235180109', '1985-12-17', 'No', '1978-10-17 03:39:31'),
('238456686', '1994-07-10', 'Sí', '2004-01-27 21:34:29'),
('238760974', '1975-11-24', 'Sí', '2017-01-13 14:27:32'),
('239543312', '1989-05-17', 'Sí', '2017-05-12 07:19:39'),
('243225166', '1971-03-04', 'Sí', '2014-01-15 07:29:31'),
('253466467', '2015-01-01', 'No', '1989-08-25 00:58:13'),
('254888097', '2010-09-23', 'No', '2009-02-13 21:55:39'),
('256798041', '1981-03-07', 'No', '1979-03-28 05:23:15'),
('258123457', '1971-02-09', 'Sí', '2000-12-28 19:29:10'),
('264671197', '1978-09-10', 'Sí', '1997-09-11 21:13:27'),
('267854379', '2020-06-18', 'No', '1996-01-03 06:38:50'),
('272028564', '2016-01-13', 'No', '2008-08-10 20:29:11'),
('272214540', '2005-01-14', 'Sí', '1992-07-23 02:46:27'),
('272474806', '2010-02-04', 'Sí', '1974-05-26 10:14:40'),
('273534972', '2019-05-09', 'No', '2020-10-27 14:39:02'),
('283754080', '2006-07-08', 'Sí', '1987-05-15 07:54:08'),
('284475905', '2015-10-31', 'Sí', '1988-06-27 03:25:45'),
('285082119', '1989-07-05', 'Sí', '2012-09-25 23:55:55'),
('287433284', '1977-11-10', 'Sí', '2004-05-03 15:33:15'),
('287710519', '1970-03-12', 'No', '1985-08-09 02:28:30'),
('290200955', '2004-10-30', 'No', '1973-12-27 22:15:06'),
('292904628', '2005-02-24', 'No', '1974-09-01 10:21:45'),
('296973822', '1972-04-09', 'No', '2008-05-09 03:30:14'),
('297808984', '1996-03-06', 'No', '1984-10-03 16:09:23'),
('298511633', '2006-03-28', 'No', '1973-11-23 07:26:55'),
('301814784', '1970-01-14', 'No', '1985-09-21 04:04:43'),
('305044282', '2016-09-11', 'Sí', '1993-02-25 22:54:54'),
('306618280', '1992-04-10', 'Sí', '2014-07-01 21:08:34'),
('308917149', '2019-11-20', 'No', '1979-04-13 02:44:15'),
('309386835', '1985-12-13', 'No', '2016-04-03 11:11:17'),
('311015346', '2007-11-15', 'Sí', '2016-06-06 22:34:01'),
('312551012', '2017-04-20', 'No', '1997-07-29 19:22:57'),
('313924409', '2017-02-15', 'Sí', '1973-06-24 00:24:34'),
('316422995', '1985-07-20', 'Sí', '2006-04-07 12:27:33'),
('316879933', '2006-01-04', 'No', '1973-12-21 04:22:45'),
('323853111', '1989-03-15', 'No', '1992-07-18 18:56:40'),
('324617533', '1972-05-01', 'No', '2013-10-13 19:46:44'),
('326608522', '2008-06-28', 'No', '1986-04-14 12:46:45'),
('327686644', '1972-04-08', 'No', '1986-10-08 11:53:34'),
('329215268', '2003-08-11', 'Sí', '2014-07-26 09:20:09'),
('339131785', '2008-04-10', 'Sí', '1982-05-19 08:21:20'),
('343125883', '2014-06-14', 'No', '2000-11-12 20:15:58'),
('351222394', '1973-02-17', 'Sí', '1982-12-06 17:30:14'),
('351898586', '1985-09-01', 'No', '1989-02-11 00:13:12'),
('354448635', '2018-10-26', 'Sí', '2001-01-01 10:26:23'),
('354883101', '2006-07-25', 'No', '1988-12-22 14:30:42'),
('355710516', '1980-06-14', 'Sí', '1982-04-10 05:59:34'),
('359897634', '1993-04-14', 'No', '2009-08-02 15:59:32'),
('365733544', '2019-03-26', 'Sí', '1997-04-09 09:56:33'),
('369318171', '1988-12-20', 'No', '2020-07-12 00:11:39'),
('372319726', '1976-02-26', 'Sí', '1973-02-14 19:27:12'),
('373148898', '1978-01-07', 'Sí', '1993-07-02 10:10:52'),
('374368035', '2003-10-11', 'Sí', '1985-09-21 15:10:42'),
('377422554', '1991-12-22', 'Sí', '1975-05-15 15:07:51'),
('378004514', '2019-04-20', 'Sí', '1981-04-05 18:19:13'),
('381822501', '2012-03-01', 'Sí', '2008-12-25 20:22:46'),
('386704505', '2005-01-19', 'No', '2007-02-01 02:20:51'),
('391172231', '1999-08-11', 'Sí', '2018-09-29 11:27:52'),
('391987210', '2010-03-19', 'Sí', '2018-03-23 12:23:56'),
('392080595', '1972-08-04', 'No', '1974-12-09 01:44:18'),
('394104652', '2005-03-25', 'No', '2002-05-06 21:03:19'),
('394795112', '2015-10-06', 'No', '1993-01-11 09:11:40'),
('395113084', '2001-08-18', 'Sí', '1974-01-01 04:20:04'),
('398335475', '2004-12-28', 'Sí', '1977-02-10 16:23:50'),
('399772302', '2008-11-02', 'Sí', '1978-08-02 15:13:47'),
('400425735', '1970-02-25', 'Sí', '1970-12-28 10:16:55'),
('400666975', '1997-01-07', 'Sí', '1997-09-27 10:55:42'),
('403612530', '2013-07-26', 'No', '2003-10-18 06:24:56'),
('404462354', '1983-02-21', 'No', '1987-01-02 04:59:32'),
('410573383', '2013-12-25', 'Sí', '1981-03-04 07:45:19'),
('413966234', '1982-09-29', 'Sí', '2009-05-05 16:34:54'),
('417493474', '1972-10-31', 'Sí', '1977-05-24 22:28:09'),
('420758815', '2001-08-13', 'Sí', '1987-02-11 02:16:33'),
('421050279', '2007-04-15', 'Sí', '2011-10-10 18:06:28'),
('422496918', '2009-01-19', 'Sí', '2008-09-09 10:38:11'),
('422797247', '1986-08-04', 'No', '1988-04-07 17:43:27'),
('424550250', '2015-03-16', 'Sí', '2007-05-12 00:58:50'),
('427429225', '1972-10-02', 'Sí', '2014-04-09 03:38:50'),
('432964889', '2020-04-25', 'Sí', '2002-11-17 07:41:57'),
('435695729', '2000-06-13', 'Sí', '1974-10-25 14:23:14'),
('437765492', '1971-11-01', 'No', '1977-01-25 15:00:29'),
('438312898', '1977-10-16', 'Sí', '1972-11-04 16:55:20'),
('441593726', '1973-08-20', 'Sí', '2011-12-29 01:44:39'),
('441779451', '1976-10-16', 'Sí', '1983-02-11 05:34:10'),
('442562890', '1989-06-02', 'Sí', '1970-07-09 20:36:14'),
('444054859', '1970-06-04', 'Sí', '1995-01-30 16:28:52'),
('445712376', '2017-10-31', 'Sí', '2001-12-11 08:46:02'),
('446604035', '2015-11-21', 'No', '2013-10-27 21:22:00'),
('446731482', '1976-02-16', 'No', '1984-12-06 05:11:30'),
('450143827', '1988-03-24', 'No', '2014-07-08 20:17:58'),
('450574066', '2018-11-08', 'Sí', '1989-08-22 11:06:03'),
('450795262', '2007-01-16', 'Sí', '1997-05-28 13:06:03'),
('451180727', '1991-09-19', 'Sí', '2010-06-14 06:39:04'),
('451783075', '1975-06-04', 'Sí', '2014-04-06 15:10:58'),
('455063437', '1982-03-25', 'Sí', '2005-09-01 04:27:39'),
('455246552', '1979-06-06', 'Sí', '1996-01-03 06:52:10'),
('455414041', '1984-03-06', 'No', '1976-10-22 22:04:41'),
('456561348', '2013-06-22', 'Sí', '2018-08-31 20:39:31'),
('457294200', '1980-07-14', 'Sí', '2012-10-24 12:50:19'),
('458290065', '2005-05-11', 'Sí', '2006-01-16 19:46:33'),
('459172647', '1979-08-29', 'Sí', '1991-10-11 15:13:50'),
('459367466', '1999-09-30', 'No', '2019-08-20 04:10:32'),
('464996096', '1992-12-20', 'Sí', '1990-10-09 14:29:53'),
('468217103', '1991-12-24', 'No', '2018-01-02 16:09:43'),
('472961525', '1991-07-23', 'Sí', '2003-09-30 03:39:22'),
('473076890', '1984-12-30', 'Sí', '2006-12-19 10:43:14'),
('474019764', '2010-08-02', 'Sí', '1975-02-13 09:54:18'),
('481589863', '1981-05-25', 'No', '1976-07-12 11:40:20'),
('481833222', '1995-09-06', 'Sí', '1998-01-13 08:06:02'),
('490634535', '1996-06-27', 'No', '1972-01-01 13:33:59'),
('492554558', '1998-04-23', 'Sí', '1975-10-01 05:02:01'),
('493894358', '1998-07-29', 'No', '1987-10-17 02:11:47'),
('493978894', '1996-02-11', 'No', '1980-01-27 23:07:37'),
('494229786', '2018-06-08', 'Sí', '2010-12-11 18:02:40'),
('494508777', '2015-09-12', 'No', '1980-04-23 16:33:05'),
('498952033', '1970-08-17', 'Sí', '1980-12-20 18:38:37'),
('499165305', '1988-08-03', 'Sí', '1986-10-22 03:21:04'),
('500560930', '1982-07-12', 'No', '1985-04-24 07:07:31'),
('502552757', '2006-08-09', 'Sí', '2007-03-21 19:51:24'),
('506070928', '2013-01-27', 'No', '2003-05-01 20:33:12'),
('506801808', '1980-02-01', 'Sí', '1993-09-01 07:25:42'),
('508903944', '1984-04-05', 'Sí', '2007-10-30 16:38:00'),
('510485883', '1996-06-22', 'No', '1998-01-10 00:44:21'),
('512607492', '1988-12-01', 'No', '1993-05-31 12:25:12'),
('520225843', '1988-05-25', 'Sí', '1972-02-26 16:23:12'),
('520880299', '2004-07-11', 'No', '2003-04-27 21:53:48'),
('523045879', '1985-03-04', 'Sí', '1988-07-10 09:23:59'),
('524099427', '2005-11-18', 'Sí', '2004-02-18 12:50:06'),
('524409426', '2005-08-26', 'No', '2001-11-25 20:58:12'),
('525063619', '2018-03-28', 'Sí', '2012-02-12 05:37:31'),
('528210095', '2004-08-27', 'Sí', '1972-06-17 08:31:53'),
('530245566', '2006-12-27', 'Sí', '1993-12-21 01:09:37'),
('535000737', '2008-11-26', 'Sí', '1993-01-01 03:57:04'),
('537303978', '1995-02-03', 'Sí', '1980-12-09 21:42:05'),
('538539307', '1994-12-17', 'No', '2014-05-09 03:32:16'),
('538878201', '1978-02-03', 'No', '1997-04-22 08:33:57'),
('540379225', '2005-06-25', 'Sí', '1992-01-09 22:30:45'),
('541651776', '1988-04-26', 'No', '2017-10-17 01:11:10'),
('544713613', '1980-04-15', 'Sí', '1979-03-03 13:58:13'),
('545510536', '1993-08-31', 'No', '2017-04-13 05:49:50'),
('545909412', '1977-09-26', 'No', '2000-07-19 07:38:56'),
('546598161', '1990-09-02', 'Sí', '2012-01-11 14:30:04'),
('555088966', '1973-03-10', 'No', '1976-04-12 22:15:57'),
('555118300', '1979-09-06', 'No', '1973-02-22 15:44:54'),
('556769595', '2002-03-28', 'Sí', '1972-05-29 16:38:28'),
('570752496', '1995-10-03', 'Sí', '2012-10-21 01:26:53'),
('572000651', '2003-07-13', 'No', '2020-06-20 00:24:44'),
('573901596', '1997-10-06', 'Sí', '2010-07-31 02:24:19'),
('575009160', '2006-12-11', 'Sí', '1986-02-11 10:49:54'),
('584350522', '2007-02-11', 'No', '2018-11-08 01:17:28'),
('589951812', '1972-06-11', 'No', '1992-12-22 12:03:14'),
('593074767', '1977-08-16', 'No', '1975-05-08 17:47:10'),
('593288472', '1993-09-23', 'Sí', '2004-07-25 18:15:51'),
('597855238', '2012-02-07', 'No', '2016-01-27 10:30:57'),
('602490508', '2009-07-21', 'No', '2001-03-05 05:04:05'),
('606081603', '1992-01-14', 'Sí', '1991-05-16 05:22:03'),
('606144737', '2006-10-26', 'No', '1975-08-25 05:07:09'),
('615636014', '1983-06-25', 'Sí', '1974-10-31 19:44:05'),
('620706892', '1995-10-21', 'Sí', '2010-10-07 01:27:08'),
('622717626', '1999-07-25', 'No', '1976-02-12 07:32:24'),
('637595083', '2020-02-21', 'No', '1991-11-22 17:09:10'),
('638251439', '2000-10-16', 'No', '1978-08-14 07:16:19'),
('640601613', '2007-09-23', 'Sí', '2020-07-03 19:49:43'),
('641992687', '2006-04-06', 'Sí', '1991-06-18 17:29:12'),
('643738146', '2013-06-24', 'No', '1988-07-20 14:39:02'),
('645890572', '1993-08-27', 'Sí', '1977-02-16 21:09:37'),
('652890338', '1976-03-17', 'No', '2004-06-02 07:54:35'),
('655575260', '2007-10-22', 'No', '2019-11-19 06:23:10'),
('658058192', '1973-06-01', 'Sí', '2001-06-29 22:23:15'),
('665436428', '2000-01-30', 'No', '2020-06-04 07:06:38'),
('666590186', '2015-11-20', 'Sí', '2019-11-08 16:03:39'),
('669175936', '2006-01-21', 'Sí', '1996-04-12 06:23:59'),
('669594701', '1975-03-02', 'Sí', '2016-06-16 09:42:04'),
('670055421', '1992-11-15', 'No', '2014-12-17 19:51:19'),
('670470021', '1986-05-10', 'Sí', '1977-05-07 12:07:47'),
('670512891', '2020-09-08', 'No', '1982-11-24 21:45:20'),
('671437828', '1996-02-05', 'Sí', '1973-06-24 23:13:28'),
('674381845', '1980-03-19', 'Sí', '2002-09-28 14:18:13'),
('675885774', '2018-03-11', 'No', '1970-08-11 14:46:04'),
('676031489', '1981-09-12', 'No', '1996-10-14 16:56:08'),
('678338516', '1993-05-04', 'Sí', '1978-02-25 16:23:54'),
('678913693', '1994-05-15', 'Sí', '1991-08-12 20:36:35'),
('681482615', '2010-03-07', 'No', '1976-11-21 14:35:51'),
('683717457', '2001-01-06', 'No', '1998-09-29 23:20:20'),
('684212736', '1996-04-03', 'No', '2005-07-21 02:32:37'),
('685023919', '1999-06-19', 'Sí', '1978-08-10 08:52:31'),
('685213409', '1976-05-08', 'No', '2014-09-21 17:49:24'),
('693912583', '2001-03-01', 'No', '2005-12-20 09:24:22'),
('694357225', '2013-08-20', 'No', '1990-07-07 08:09:37'),
('698806160', '1991-11-15', 'No', '1998-04-05 23:08:29'),
('702273226', '1989-02-09', 'No', '1979-11-08 15:12:38'),
('702293414', '1979-09-19', 'Sí', '1990-06-10 14:33:43'),
('708294984', '1988-10-15', 'Sí', '1995-01-03 07:57:37'),
('711113411', '2006-05-23', 'No', '2007-04-02 20:26:27'),
('713082553', '1976-07-11', 'No', '1972-02-11 10:13:10'),
('713497517', '1995-08-16', 'No', '2016-10-27 07:07:47'),
('714732684', '1980-10-28', 'No', '2006-05-27 03:09:24'),
('718557683', '1977-01-31', 'Sí', '2011-04-30 05:04:30'),
('728168764', '2010-02-09', 'No', '1988-09-11 10:45:31'),
('731474937', '2003-04-24', 'No', '2002-07-29 20:52:36'),
('731564754', '2004-04-24', 'Sí', '2018-01-10 08:02:48'),
('734217120', '1999-06-30', 'No', '1972-11-14 11:40:04'),
('738269333', '1984-12-09', 'No', '1994-09-24 23:24:11'),
('740190483', '1994-10-29', 'No', '1970-05-21 15:21:58'),
('740788414', '1990-03-27', 'No', '1996-03-08 18:30:05'),
('740879022', '1972-05-06', 'Sí', '1999-04-11 22:55:28'),
('741793337', '1989-06-02', 'No', '1970-05-09 03:26:39'),
('743079669', '2016-11-27', 'Sí', '1979-07-18 12:41:57'),
('745926407', '2018-08-26', 'Sí', '1974-09-20 19:48:55'),
('748507060', '1982-01-31', 'No', '1975-09-20 20:58:32'),
('751586121', '2003-09-30', 'No', '1973-12-14 04:14:45'),
('752424584', '2018-11-12', 'No', '1997-06-07 22:00:17'),
('753726579', '1985-04-04', 'Sí', '2002-09-26 17:13:19'),
('755855606', '1976-02-18', 'No', '1979-06-18 19:50:10'),
('764203141', '1991-03-13', 'No', '1983-04-30 00:41:05'),
('764576740', '1980-08-05', 'Sí', '2020-07-07 10:37:20'),
('770883911', '1974-05-18', 'Sí', '1993-10-14 15:32:23'),
('775032689', '2020-08-29', 'No', '1985-04-10 06:59:28'),
('779874926', '1997-05-23', 'Sí', '1986-05-07 20:48:16'),
('780026912', '1987-10-04', 'No', '1975-01-12 23:58:45'),
('780710151', '1986-08-22', 'Sí', '1979-03-29 22:37:23'),
('781094413', '1972-06-04', 'Sí', '2006-06-23 14:02:52'),
('783320694', '1975-03-26', 'No', '1973-07-03 03:02:06'),
('788041943', '1985-01-26', 'No', '2002-08-29 17:41:11'),
('789521956', '1976-11-18', 'No', '2019-02-17 07:11:22'),
('794678932', '2018-11-01', 'No', '1973-10-08 23:08:02'),
('797097264', '1976-01-26', 'No', '1993-02-19 04:39:37'),
('798846209', '2011-06-08', 'No', '1976-05-04 15:26:34'),
('801646693', '1971-02-22', 'Sí', '1970-05-30 11:49:16'),
('803037755', '1992-04-21', 'Sí', '2004-03-26 22:42:47'),
('809444161', '2015-02-10', 'Sí', '2000-03-15 14:09:35'),
('810427968', '2017-08-27', 'Sí', '1988-07-25 19:31:27'),
('817506893', '1988-05-07', 'No', '1978-06-05 22:13:24'),
('817733529', '2009-06-07', 'Sí', '1998-12-03 19:42:38'),
('818727657', '1990-11-13', 'Sí', '1984-11-02 00:10:47'),
('823617220', '1973-03-24', 'Sí', '2020-08-28 15:41:01'),
('830770472', '2007-06-15', 'Sí', '1981-01-10 03:55:34'),
('831909646', '1988-01-01', 'Sí', '2018-11-30 07:00:46'),
('834195569', '2004-08-21', 'No', '1977-03-17 07:55:54'),
('834426620', '1997-04-13', 'No', '2018-06-11 02:35:17'),
('834584302', '2020-03-19', 'Sí', '1993-03-05 21:46:12'),
('836101930', '1979-01-09', 'No', '1985-04-30 18:45:19'),
('836938850', '2017-12-17', 'No', '2009-11-09 22:47:23'),
('837940942', '2020-02-25', 'Sí', '1975-11-23 02:10:08'),
('838111606', '1990-09-03', 'Sí', '1994-07-02 02:43:53'),
('841317001', '2000-06-29', 'Sí', '2009-05-01 20:00:58'),
('841632520', '1977-08-12', 'No', '2010-02-16 14:01:27'),
('841640597', '2003-09-20', 'No', '2020-12-27 07:34:13'),
('843011329', '2004-02-19', 'Sí', '2001-12-05 13:20:28'),
('845754805', '1997-10-23', 'No', '2014-08-24 15:15:10'),
('848142292', '2008-07-31', 'No', '1986-04-06 22:35:44'),
('857943688', '1978-09-06', 'Sí', '2009-11-30 16:36:37'),
('861953663', '1987-04-06', 'No', '2009-02-04 15:22:57'),
('862641382', '1981-04-21', 'No', '1995-01-15 14:11:56'),
('863388153', '1995-08-24', 'Sí', '2006-10-13 15:38:11'),
('863881310', '2017-03-11', 'Sí', '2017-02-07 01:07:41'),
('866135869', '2002-08-03', 'Sí', '2018-05-08 15:51:58'),
('866973770', '1990-09-22', 'Sí', '1983-04-25 22:23:37'),
('869127436', '1985-01-13', 'Sí', '1986-04-09 02:11:08'),
('871356576', '2017-02-14', 'No', '1997-10-29 12:16:38'),
('872522445', '1996-10-03', 'Sí', '1976-07-05 00:13:55'),
('884183852', '1998-01-26', 'Sí', '2006-10-07 20:20:14'),
('892698018', '1983-07-08', 'No', '2011-12-03 19:03:31'),
('894437385', '1982-05-03', 'No', '2011-09-08 10:54:26'),
('902411454', '1973-04-24', 'Sí', '1985-12-30 15:26:13'),
('903375795', '2012-01-20', 'No', '1996-02-01 18:31:47'),
('903831158', '2004-09-08', 'Sí', '2010-02-12 13:06:35'),
('907617442', '2019-05-03', 'Sí', '2002-05-08 23:44:46'),
('908548009', '2005-02-19', 'Sí', '2012-11-24 14:26:06'),
('910280528', '2007-11-14', 'No', '1985-01-21 04:56:00'),
('911647493', '1993-10-17', 'No', '1973-09-05 13:50:22'),
('912608835', '1983-07-05', 'No', '1970-10-12 09:13:11'),
('914690600', '2006-10-06', 'No', '2011-10-31 02:11:55'),
('914909982', '1988-09-25', 'No', '2000-02-06 11:12:11'),
('915867482', '1979-09-29', 'No', '2010-09-27 18:06:28'),
('916750895', '1982-11-02', 'No', '2019-09-02 01:45:41'),
('919481353', '1997-05-08', 'No', '1979-12-04 06:54:48'),
('921542261', '1971-07-14', 'No', '2003-05-05 19:10:45'),
('929661394', '1985-08-16', 'No', '1992-10-29 00:33:21'),
('929712518', '1994-07-01', 'Sí', '2015-09-18 14:11:48'),
('936820179', '1971-12-25', 'Sí', '2012-11-19 00:21:42'),
('938566197', '2009-05-29', 'Sí', '1999-03-04 16:53:55'),
('940364626', '1989-07-24', 'Sí', '2018-08-02 12:53:38'),
('940429559', '1980-09-24', 'Sí', '1991-05-20 20:18:38'),
('946398636', '1986-10-02', 'No', '1989-07-30 16:47:42'),
('952127142', '2010-04-29', 'No', '1977-12-31 16:47:30'),
('955426483', '1975-09-04', 'No', '2013-05-23 07:23:11'),
('957542162', '2011-04-05', 'No', '2007-07-14 16:52:06'),
('962712201', '2014-12-17', 'Sí', '1983-09-29 14:14:50'),
('962834801', '2006-09-19', 'Sí', '1997-10-04 20:50:07'),
('965336412', '2018-05-23', 'Sí', '2011-03-24 15:09:21'),
('967647708', '2008-05-03', 'Sí', '1992-05-01 17:23:38'),
('968805114', '1970-01-20', 'Sí', '2002-04-05 10:48:14'),
('970965375', '1991-03-23', 'Sí', '2004-12-07 21:28:01'),
('977592607', '1974-10-16', 'No', '1975-04-05 10:51:22'),
('977732814', '1989-10-09', 'Sí', '1980-02-29 04:32:23'),
('979495999', '1996-02-20', 'Sí', '1991-03-14 18:21:18'),
('984958788', '2016-06-22', 'No', '1993-10-05 12:05:33'),
('990481292', '1999-12-02', 'Sí', '1987-03-26 03:05:10'),
('992195448', '1982-12-17', 'No', '1988-04-12 15:11:01'),
('992393514', '1986-07-18', 'No', '1981-05-21 23:16:35'),
('996160540', '2010-05-24', 'No', '1971-09-14 22:53:47'),
('997278576', '1978-08-13', 'Sí', '1984-02-27 22:51:23'),
('997524311', '1979-01-26', 'Sí', '1982-07-01 20:21:22'),
('998181211', '2019-07-17', 'No', '1978-07-16 16:26:05'),
('999976654', '1986-04-29', 'No', '1996-02-14 21:58:20');

-- --------------------------------------------------------

--
-- Estructura de tabla para la tabla `cliente_prioritario`
--

DROP TABLE IF EXISTS `cliente_prioritario`;
CREATE TABLE IF NOT EXISTS `cliente_prioritario` (
  `NUM_ID` varchar(9) COLLATE utf8_spanish_ci NOT NULL,
  `ID_CLIENTE` varchar(9) COLLATE utf8_spanish_ci NOT NULL,
  `RANGO_PRIORIDAD` int(1) UNSIGNED NOT NULL,
  PRIMARY KEY (`NUM_ID`,`ID_CLIENTE`),
  KEY `ID_CLIENTE` (`ID_CLIENTE`)
) ENGINE=InnoDB DEFAULT CHARSET=utf8 COLLATE=utf8_spanish_ci;

-- --------------------------------------------------------

--
-- Estructura de tabla para la tabla `cliente_reserva_esp_hospedaje`
--

DROP TABLE IF EXISTS `cliente_reserva_esp_hospedaje`;
CREATE TABLE IF NOT EXISTS `cliente_reserva_esp_hospedaje` (
  `ID_RESERVA` varchar(20) COLLATE utf8_spanish_ci NOT NULL,
  `ID_CLIENTE` varchar(9) COLLATE utf8_spanish_ci NOT NULL,
  `ID_ESPACIO` varchar(9) COLLATE utf8_spanish_ci NOT NULL,
  `FECHA_RESERVA` date NOT NULL,
  `FECHA_ENTRADA` date NOT NULL,
  `FECHA_SALIDA` date NOT NULL,
  `PRECIO` decimal(5,2) UNSIGNED DEFAULT NULL,
  `PORC_DESCUENTO` decimal(2,0) DEFAULT NULL,
  PRIMARY KEY (`ID_RESERVA`),
  KEY `ID_CLIENTE` (`ID_CLIENTE`),
  KEY `ID_ESPACIO` (`ID_ESPACIO`)
) ENGINE=InnoDB DEFAULT CHARSET=utf8 COLLATE=utf8_spanish_ci;

-- --------------------------------------------------------

--
-- Estructura de tabla para la tabla `contrato`
--

DROP TABLE IF EXISTS `contrato`;
CREATE TABLE IF NOT EXISTS `contrato` (
  `COD_CONTRATO` varchar(6) COLLATE utf8_spanish_ci NOT NULL,
  `NOMBRE` varchar(40) COLLATE utf8_spanish_ci DEFAULT NULL,
  `SALARIO` float(7,2) NOT NULL,
  `DESCRIPCION` varchar(300) COLLATE utf8_spanish_ci DEFAULT NULL,
  PRIMARY KEY (`COD_CONTRATO`)
) ENGINE=InnoDB DEFAULT CHARSET=utf8 COLLATE=utf8_spanish_ci;

-- --------------------------------------------------------

--
-- Estructura de tabla para la tabla `contrato_asignado_a_empleado`
--

DROP TABLE IF EXISTS `contrato_asignado_a_empleado`;
CREATE TABLE IF NOT EXISTS `contrato_asignado_a_empleado` (
  `ID_CONTRATO_EMPLEADO` varchar(12) COLLATE utf8_spanish_ci NOT NULL,
  `COD_CONTRATO` varchar(6) COLLATE utf8_spanish_ci NOT NULL,
  `NUM_ID_EMPLEADO` varchar(9) COLLATE utf8_spanish_ci NOT NULL,
  `FECHA_INICIO` date NOT NULL,
  `FECHA_FIN` date DEFAULT NULL,
  PRIMARY KEY (`ID_CONTRATO_EMPLEADO`),
  UNIQUE KEY `COD_CONTRATO` (`COD_CONTRATO`),
  UNIQUE KEY `NUM_ID_EMPLEADO` (`NUM_ID_EMPLEADO`),
  UNIQUE KEY `FECHA_INICIO` (`FECHA_INICIO`)
) ENGINE=InnoDB DEFAULT CHARSET=utf8 COLLATE=utf8_spanish_ci;

-- --------------------------------------------------------

--
-- Estructura de tabla para la tabla `edificio`
--

DROP TABLE IF EXISTS `edificio`;
CREATE TABLE IF NOT EXISTS `edificio` (
  `ID_EDIFICIO` varchar(6) COLLATE utf8_spanish_ci NOT NULL,
  `DIRECCION` varchar(30) COLLATE utf8_spanish_ci NOT NULL,
  `NUM_PLANTAS` int(2) UNSIGNED NOT NULL,
  `ANHO_CONSTRUCCION` int(4) DEFAULT NULL,
  `ID_HOTEL` varchar(6) COLLATE utf8_spanish_ci NOT NULL,
  PRIMARY KEY (`ID_EDIFICIO`),
  UNIQUE KEY `DIRECCION` (`DIRECCION`),
  KEY `ID_HOTEL` (`ID_HOTEL`)
) ENGINE=InnoDB DEFAULT CHARSET=utf8 COLLATE=utf8_spanish_ci;

-- --------------------------------------------------------

--
-- Estructura de tabla para la tabla `empleado`
--

DROP TABLE IF EXISTS `empleado`;
CREATE TABLE IF NOT EXISTS `empleado` (
  `NUM_ID` varchar(9) COLLATE utf8_spanish_ci NOT NULL,
  `ESPECIALIDAD` varchar(20) COLLATE utf8_spanish_ci DEFAULT NULL,
  `CUENTA_BANCO` varchar(24) COLLATE utf8_spanish_ci NOT NULL,
  `ANHOS_EXPERIENCIA` int(2) UNSIGNED DEFAULT NULL,
  `ID_HOTEL` varchar(6) COLLATE utf8_spanish_ci NOT NULL,
  `ID_PRACTICA_SUPERVISADA` varchar(12) COLLATE utf8_spanish_ci DEFAULT NULL,
  PRIMARY KEY (`NUM_ID`),
  KEY `ID_HOTEL` (`ID_HOTEL`),
  KEY `ID_PRACTICA_SUPERVISADA` (`ID_PRACTICA_SUPERVISADA`)
) ENGINE=InnoDB DEFAULT CHARSET=utf8 COLLATE=utf8_spanish_ci;

-- --------------------------------------------------------

--
-- Estructura de tabla para la tabla `empresa`
--

DROP TABLE IF EXISTS `empresa`;
CREATE TABLE IF NOT EXISTS `empresa` (
  `CIF` varchar(9) COLLATE utf8_spanish_ci NOT NULL,
  `ID_CLIENTE` varchar(9) COLLATE utf8_spanish_ci DEFAULT NULL,
  `NOMBRE` varchar(40) COLLATE utf8_spanish_ci NOT NULL,
  `NUM_EMPLEADOS` decimal(4,0) UNSIGNED DEFAULT NULL,
  `ALCANCE` enum('Local','Regional','Nacional','Comunitaria','Multinacional') COLLATE utf8_spanish_ci NOT NULL,
  `TIPO_EMPRESA` enum('Limitada','Anónima','Cooperativa','Autónomo') COLLATE utf8_spanish_ci NOT NULL,
  `ULTIMA_ACTUALIZACION` timestamp NOT NULL DEFAULT current_timestamp() ON UPDATE current_timestamp(),
  PRIMARY KEY (`CIF`),
  UNIQUE KEY `ID_CLIENTE` (`ID_CLIENTE`)
) ENGINE=InnoDB DEFAULT CHARSET=utf8 COLLATE=utf8_spanish_ci;

--
-- Volcado de datos para la tabla `empresa`
--

INSERT INTO `empresa` (`CIF`, `ID_CLIENTE`, `NOMBRE`, `NUM_EMPLEADOS`, `ALCANCE`, `TIPO_EMPRESA`, `ULTIMA_ACTUALIZACION`) VALUES
('a35081596', '093005325', 'Bogan and Sons', '864', 'Regional', 'Limitada', '2019-11-30 04:40:39'),
('a48718849', '043981017', 'Gislason Inc', '8236', 'Comunitaria', 'Autónomo', '2012-08-10 06:15:46'),
('a71453703', '226590348', 'Aufderhar, Kemmer and Kohler', '8196', 'Multinacional', 'Anónima', '1987-12-26 19:07:32'),
('a94770661', '091229867', 'Crooks LLC', '7663', 'Local', 'Autónomo', '1978-04-20 09:10:13'),
('b19264242', '016848092', 'Shanahan Ltd', '2133', 'Multinacional', 'Limitada', '1999-03-27 19:14:35'),
('b35648440', '221590118', 'Schmidt, Ritchie and Ruecker', '9908', 'Multinacional', 'Anónima', '1990-01-04 04:02:43'),
('b40935044', '023708426', 'Lemke, Ernser and Daniel', '8380', 'Multinacional', 'Autónomo', '1981-11-17 10:38:50'),
('c16647012', '045199540', 'Haley, Thompson and Ziemann', '7292', 'Multinacional', 'Cooperativa', '1980-02-15 10:34:41'),
('c19779319', '174258334', 'Dibbert-Oberbrunner', '1139', 'Comunitaria', 'Autónomo', '2015-10-09 03:50:59'),
('c24752549', '138586149', 'Bayer, Cremin and Gerhold', '3285', 'Local', 'Limitada', '1980-04-12 22:07:22'),
('c30691522', '220432704', 'Kunde-Stark', '4681', 'Nacional', 'Autónomo', '1998-09-18 09:24:33'),
('c65134618', '040663371', 'Denesik Inc', '3859', 'Multinacional', 'Limitada', '2004-08-04 11:06:17'),
('c85654699', '029780484', 'Weber Ltd', '6142', 'Comunitaria', 'Limitada', '1972-07-23 06:22:23'),
('d23491032', '129663280', 'Quigley-Jakubowski', '8881', 'Multinacional', 'Cooperativa', '1974-05-19 08:16:03'),
('d42210540', '224271872', 'Wiegand Inc', '6574', 'Local', 'Autónomo', '1971-10-02 19:12:35'),
('e06551079', '000144855', 'Spencer Inc', '355', 'Multinacional', 'Anónima', '1997-10-11 23:07:42'),
('f67458644', '092830234', 'Schumm-Gutkowski', '6842', 'Local', 'Anónima', '1985-08-07 03:36:06'),
('f68771296', '162706412', 'Donnelly, Russel and Lowe', '9149', 'Multinacional', 'Cooperativa', '2004-07-15 18:54:00'),
('f78159313', '213653035', 'Weimann, Bauch and Mueller', '1900', 'Nacional', 'Cooperativa', '1991-09-22 08:48:13'),
('f90327501', '062404223', 'Bailey, Feil and King', '9193', 'Local', 'Cooperativa', '1999-02-28 06:04:52'),
('g76658700', '039578920', 'Corkery, Dibbert and Halvorson', '6243', 'Nacional', 'Cooperativa', '1989-11-30 16:27:07'),
('g95882654', '213242844', 'McCullough-Keeling', '5681', 'Regional', 'Cooperativa', '1983-02-02 10:01:12'),
('h04065606', '133410039', 'Crona-Bechtelar', '5998', 'Regional', 'Autónomo', '2016-07-18 08:27:19'),
('h05803261', '006535407', 'Greenholt, Herman and Stamm', '8247', 'Regional', 'Cooperativa', '1980-10-31 03:54:30'),
('h58589759', '102476974', 'Shanahan Inc', '324', 'Regional', 'Autónomo', '1973-08-09 07:43:06'),
('h64299747', '239543312', 'Gislason, Ankunding and Swaniawski', '1737', 'Nacional', 'Cooperativa', '1975-11-08 09:47:36'),
('i11447035', '029694271', 'Kuhic-Ortiz', '3485', 'Nacional', 'Anónima', '1970-07-18 04:12:23'),
('i63097658', '227490943', 'Littel-Block', '4056', 'Regional', 'Autónomo', '1981-04-01 03:17:22'),
('i98668699', '092957080', 'Kihn, Mayer and Hettinger', '5082', 'Multinacional', 'Cooperativa', '1992-12-13 13:23:25'),
('i99130515', '100758359', 'Larkin-Stoltenberg', '3311', 'Nacional', 'Anónima', '1976-08-15 06:19:56'),
('j60957476', '089125656', 'Quitzon-Thiel', '1999', 'Nacional', 'Autónomo', '1980-05-31 05:23:13'),
('k12395011', '024358443', 'Feest PLC', '2671', 'Multinacional', 'Limitada', '2002-03-30 00:30:20'),
('k70138487', '188723767', 'Breitenberg PLC', '5242', 'Multinacional', 'Cooperativa', '1987-04-04 21:38:59'),
('l09210390', '053827832', 'Prohaska, Zboncak and Bahringer', '420', 'Multinacional', 'Limitada', '1970-06-25 16:22:45'),
('l72468397', '158720351', 'Marquardt Inc', '6399', 'Multinacional', 'Autónomo', '1998-04-22 04:52:50'),
('l91169537', '170922610', 'Johnston, Rodriguez and White', '1321', 'Multinacional', 'Autónomo', '1990-07-28 05:50:05'),
('m05053161', '018048607', 'Friesen PLC', '4983', 'Local', 'Cooperativa', '2013-06-02 16:30:05'),
('m27235936', '102688633', 'Deckow, Muller and Walter', '6302', 'Multinacional', 'Autónomo', '2002-02-22 00:03:16'),
('m27262905', '020424735', 'Graham, Kub and Cronin', '4602', 'Comunitaria', 'Autónomo', '2006-03-02 17:25:06'),
('m28051294', '210880251', 'Bashirian, Kshlerin and Macejkovic', '594', 'Multinacional', 'Cooperativa', '1989-09-02 22:28:10'),
('m57893811', '174451287', 'Bartell-Barrows', '7823', 'Regional', 'Limitada', '2018-01-30 06:59:32'),
('m76202246', '058800005', 'Murazik, Schuppe and Kertzmann', '7809', 'Local', 'Cooperativa', '1994-09-13 07:45:12'),
('n55045918', '201919676', 'Mitchell-Blanda', '1874', 'Comunitaria', 'Autónomo', '1992-05-20 17:51:36'),
('n58598839', '130317491', 'Deckow-Macejkovic', '1256', 'Multinacional', 'Autónomo', '2001-01-13 10:53:24'),
('n70878275', '026382178', 'Schuster LLC', '989', 'Multinacional', 'Anónima', '2006-01-01 19:26:35'),
('n83744301', '235180109', 'McDermott LLC', '8688', 'Nacional', 'Limitada', '2020-11-02 11:20:25'),
('o44676972', '100493853', 'Fritsch and Sons', '3015', 'Regional', 'Limitada', '2018-08-15 18:52:45'),
('o96459818', '059862343', 'Schmitt, Mohr and Pagac', '8605', 'Regional', 'Autónomo', '2004-02-10 15:38:08'),
('p02251530', '079615425', 'Nitzsche LLC', '7296', 'Multinacional', 'Anónima', '2009-05-10 18:45:34'),
('p04729472', '220760817', 'Corkery PLC', '545', 'Regional', 'Autónomo', '1972-03-20 09:45:29'),
('p10773656', '039113880', 'Bashirian Inc', '1009', 'Multinacional', 'Limitada', '1994-11-30 00:34:15'),
('p39357336', '028046706', 'Zieme PLC', '1356', 'Multinacional', 'Autónomo', '2008-08-23 19:12:46'),
('q38927186', '082262322', 'Russel, Funk and Block', '739', 'Regional', 'Autónomo', '2007-04-26 20:47:15'),
('q39733321', '011469097', 'Cruickshank Group', '1852', 'Nacional', 'Anónima', '2004-09-09 09:25:05'),
('q64007084', '124147719', 'McClure Ltd', '9756', 'Local', 'Cooperativa', '1970-08-21 21:51:03'),
('r01894528', '168079469', 'Ziemann, Sauer and Beer', '5280', 'Local', 'Anónima', '1997-08-11 17:39:17'),
('r25541441', '177744342', 'Labadie-Beahan', '936', 'Regional', 'Cooperativa', '1977-09-05 19:52:27'),
('r35238928', '056242508', 'Bayer, Emmerich and Koelpin', '8548', 'Regional', 'Autónomo', '1987-05-23 02:29:50'),
('r49200876', '109618390', 'Nitzsche, Stokes and Moore', '9477', 'Nacional', 'Limitada', '2004-02-21 12:58:01'),
('r65099998', '243225166', 'Weber Ltd', '8783', 'Comunitaria', 'Cooperativa', '1999-05-31 09:50:18'),
('r73418962', '047655506', 'Heathcote Ltd', '2685', 'Local', 'Anónima', '1999-06-21 14:12:35'),
('r75757982', '000386052', 'Conn-Hamill', '9874', 'Comunitaria', 'Anónima', '2009-04-29 16:32:44'),
('r79328865', '141893798', 'Hoeger-Fay', '5730', 'Nacional', 'Limitada', '2019-12-15 23:54:39'),
('r83173591', '083093760', 'Hoeger-Kemmer', '3882', 'Nacional', 'Limitada', '2008-10-21 02:54:07'),
('s15313468', '156786566', 'Konopelski-Hilpert', '4177', 'Comunitaria', 'Anónima', '2013-01-12 17:45:02'),
('s56752430', '238760974', 'Emmerich, Gerlach and Hoeger', '1481', 'Comunitaria', 'Cooperativa', '2013-08-30 07:11:17'),
('s92588383', '238456686', 'Franecki, Armstrong and Jacobi', '6000', 'Regional', 'Limitada', '1978-11-13 18:12:40'),
('t08088091', '047775567', 'Stiedemann, Schmitt and Johns', '7376', 'Regional', 'Autónomo', '1994-05-12 20:52:52'),
('t09851504', '134863228', 'Stark Group', '9692', 'Regional', 'Anónima', '2000-01-04 05:03:42'),
('u10318362', '048756632', 'Mann, Lesch and Kreiger', '5252', 'Nacional', 'Cooperativa', '1992-04-26 10:23:16'),
('u22574822', '214803187', 'White-Eichmann', '498', 'Nacional', 'Limitada', '1998-08-01 13:40:17'),
('u35343098', '075408473', 'Gusikowski, Cole and Mayert', '1005', 'Regional', 'Anónima', '1991-11-27 08:26:04'),
('u53684674', '083674879', 'Hegmann, McDermott and Lehner', '8704', 'Nacional', 'Limitada', '1973-02-14 00:42:55'),
('u73780525', '054563054', 'Sanford-Grant', '67', 'Nacional', 'Autónomo', '2008-10-06 01:32:57'),
('v17877721', '043882755', 'Gerhold, Shields and Cremin', '9325', 'Comunitaria', 'Cooperativa', '1990-09-25 02:17:29'),
('v36868508', '026736550', 'Gorczany, Romaguera and Hauck', '2326', 'Comunitaria', 'Limitada', '1986-01-08 21:53:31'),
('v65841254', '120920269', 'Wisozk PLC', '9759', 'Multinacional', 'Anónima', '2009-04-15 10:08:34'),
('v68232334', '131992297', 'Armstrong PLC', '8343', 'Nacional', 'Autónomo', '1981-08-12 09:13:22'),
('v76945721', '012551176', 'Fadel, Nikolaus and Steuber', '7052', 'Multinacional', 'Anónima', '2009-01-07 23:15:23'),
('w02035222', '092903803', 'Turner Group', '8196', 'Comunitaria', 'Cooperativa', '1975-09-29 06:09:05'),
('w04692230', '100897663', 'Barton, Wuckert and Kris', '9736', 'Nacional', 'Anónima', '1999-06-06 07:04:06'),
('w16101316', '175908862', 'Flatley PLC', '7208', 'Comunitaria', 'Autónomo', '2008-09-25 21:25:12'),
('w82058092', '204337228', 'Morar and Sons', '3646', 'Regional', 'Anónima', '1976-11-11 08:30:16'),
('x46543762', '085350641', 'Senger LLC', '4468', 'Comunitaria', 'Anónima', '1978-07-21 14:55:12'),
('x51796016', '058891496', 'Champlin, Champlin and Muller', '2659', 'Multinacional', 'Autónomo', '1979-06-01 18:50:19'),
('x54085495', '039846398', 'Legros, Champlin and Larkin', '3873', 'Comunitaria', 'Cooperativa', '1970-02-21 18:01:28'),
('x83694893', '045503487', 'Hammes and Sons', '5976', 'Local', 'Anónima', '1985-01-26 04:11:22'),
('x93842739', '008699963', 'Hartmann, Donnelly and Schaefer', '6896', 'Regional', 'Cooperativa', '1996-03-24 16:17:08'),
('y02532313', '032926646', 'Sauer, Funk and Klocko', '4098', 'Local', 'Cooperativa', '1990-02-13 00:24:45'),
('y09603294', '068210762', 'McKenzie, Keeling and Jenkins', '1845', 'Regional', 'Anónima', '1976-12-04 09:40:13'),
('y22277959', '146226228', 'Thiel Ltd', '3782', 'Local', 'Limitada', '1980-01-06 15:39:28'),
('y47960351', '037663146', 'Auer, Erdman and O\'Conner', '6618', 'Nacional', 'Anónima', '1995-11-25 22:00:14'),
('y76668155', '190257889', 'Weissnat, Witting and Kuhlman', '7757', 'Multinacional', 'Anónima', '2010-04-18 19:36:33'),
('y76950199', '085674811', 'Carroll, Haley and Rippin', '5303', 'Regional', 'Anónima', '1987-06-27 12:55:49'),
('z05671395', '253466467', 'Abernathy-Hamill', '2773', 'Regional', 'Anónima', '2011-07-12 00:23:41'),
('z05875523', '054496826', 'Abbott, Williamson and Labadie', '7803', 'Multinacional', 'Autónomo', '1973-12-01 13:35:50'),
('z11405484', '148359089', 'Wehner Ltd', '8398', 'Nacional', 'Autónomo', '2012-06-30 06:17:47'),
('z82371328', '066250074', 'Cassin, Littel and Anderson', '8928', 'Multinacional', 'Anónima', '2014-08-31 16:01:29'),
('z90832352', '145794365', 'Schulist Ltd', '5834', 'Comunitaria', 'Anónima', '1980-09-11 09:05:43'),
('z99247318', '071544130', 'Walter-Kilback', '7837', 'Comunitaria', 'Anónima', '2009-03-05 06:28:08');

-- --------------------------------------------------------

--
-- Estructura de tabla para la tabla `espacio`
--

DROP TABLE IF EXISTS `espacio`;
CREATE TABLE IF NOT EXISTS `espacio` (
  `ID_ESPACIO` varchar(9) COLLATE utf8_spanish_ci NOT NULL,
  `NOMBRE` varchar(40) COLLATE utf8_spanish_ci DEFAULT NULL,
  `SUPERFICIE` float(6,3) UNSIGNED NOT NULL,
  `ID_HOTEL` varchar(6) COLLATE utf8_spanish_ci NOT NULL,
  `ID_ESPACIO_CONT` varchar(9) COLLATE utf8_spanish_ci DEFAULT NULL,
  `TIENE_INTERNET` enum('Sí','No') COLLATE utf8_spanish_ci NOT NULL,
  `TIENE_VISTAS` enum('Sí','No') COLLATE utf8_spanish_ci NOT NULL DEFAULT 'No',
  `ESTA_CLIMATIZADO` enum('Sí','No') COLLATE utf8_spanish_ci NOT NULL,
  `ULTIMA_ACTUALIZACION` timestamp NOT NULL DEFAULT current_timestamp() ON UPDATE current_timestamp(),
  PRIMARY KEY (`ID_ESPACIO`),
  KEY `ID_HOTEL` (`ID_HOTEL`),
  KEY `ID_ESPACIO_CONT` (`ID_ESPACIO_CONT`)
) ENGINE=InnoDB DEFAULT CHARSET=utf8 COLLATE=utf8_spanish_ci;

--
-- Volcado de datos para la tabla `espacio`
--

INSERT INTO `espacio` (`ID_ESPACIO`, `NOMBRE`, `SUPERFICIE`, `ID_HOTEL`, `ID_ESPACIO_CONT`, `TIENE_INTERNET`, `TIENE_VISTAS`, `ESTA_CLIMATIZADO`, `ULTIMA_ACTUALIZACION`) VALUES
('006266478', 'consequatur', 14.713, '938205', NULL, 'No', 'No', 'Sí', '1986-08-10 10:19:10'),
('009012536', 'omnis', 403.704, '730527', NULL, 'Sí', 'No', 'Sí', '2015-10-11 19:47:02'),
('009970642', 'neque', 5.287, '862042', NULL, 'No', 'Sí', 'No', '2018-03-11 14:36:12'),
('019746769', 'nobis', 678.728, '732763', NULL, 'No', 'Sí', 'Sí', '1980-03-30 07:38:07'),
('021388781', 'ex', 433.523, '608739', NULL, 'Sí', 'No', 'Sí', '2002-11-02 04:02:35'),
('023616881', 'sint', 714.813, '731577', NULL, 'No', 'Sí', 'No', '1975-12-25 03:34:45'),
('023857958', 'consequatur', 208.610, '817009', NULL, 'No', 'No', 'No', '2003-02-06 12:47:37'),
('025816112', 'sit', 826.824, '546778', NULL, 'No', 'Sí', 'No', '1984-12-28 15:25:53'),
('026161853', 'nihil', 900.691, '887463', NULL, 'No', 'Sí', 'No', '1978-06-22 16:21:31'),
('027114959', 'necessitatibus', 561.643, '661708', NULL, 'Sí', 'Sí', 'Sí', '1993-01-11 03:07:20'),
('027716537', 'aliquid', 269.861, '139973', NULL, 'No', 'Sí', 'No', '1982-06-28 17:48:28'),
('028544426', 'aut', 636.819, '641871', NULL, 'Sí', 'No', 'Sí', '1984-04-05 05:42:31'),
('035109023', 'quia', 438.082, '695328', NULL, 'No', 'Sí', 'Sí', '1977-03-27 18:52:27'),
('038967751', 'consequatur', 602.063, '169154', NULL, 'No', 'Sí', 'No', '2015-11-10 19:19:45'),
('042150418', 'soluta', 983.673, '777468', NULL, 'No', 'Sí', 'No', '1994-01-15 01:50:14'),
('043722307', 'omnis', 742.678, '066922', NULL, 'Sí', 'No', 'Sí', '2012-10-06 15:41:39'),
('044253097', 'consequatur', 760.995, '085735', NULL, 'Sí', 'Sí', 'Sí', '1997-03-19 09:37:42'),
('044892469', 'sed', 760.637, '777468', NULL, 'Sí', 'Sí', 'No', '1981-12-08 21:20:48'),
('045638387', 'repellendus', 116.125, '608944', NULL, 'No', 'No', 'No', '1978-11-26 21:36:22'),
('046983557', 'omnis', 115.090, '676573', NULL, 'Sí', 'No', 'No', '1983-07-17 08:06:58'),
('050591146', 'omnis', 378.060, '261454', NULL, 'Sí', 'Sí', 'No', '1985-02-02 06:33:45'),
('054892612', 'reprehenderit', 401.905, '183643', NULL, 'Sí', 'No', 'No', '2019-02-09 23:25:10'),
('058373519', 'repellendus', 528.750, '803868', NULL, 'Sí', 'Sí', 'No', '2012-10-11 10:48:55'),
('062551750', 'autem', 488.082, '972414', NULL, 'Sí', 'No', 'No', '1977-10-25 04:19:21'),
('062680726', 'saepe', 82.545, '899600', NULL, 'Sí', 'No', 'No', '2012-06-23 13:52:07'),
('064461365', 'alias', 126.000, '895849', NULL, 'Sí', 'No', 'No', '2009-05-12 00:27:31'),
('065504977', 'et', 212.455, '994861', NULL, 'Sí', 'Sí', 'Sí', '1973-10-26 14:10:41'),
('067140206', 'odit', 245.877, '682000', NULL, 'Sí', 'Sí', 'Sí', '1971-07-07 19:15:14'),
('072262117', 'nulla', 115.569, '734955', NULL, 'Sí', 'Sí', 'Sí', '1982-04-03 17:06:22'),
('082474089', 'sint', 733.394, '930286', NULL, 'No', 'Sí', 'Sí', '1986-09-21 17:35:42'),
('085742042', 'quo', 83.488, '817009', NULL, 'Sí', 'No', 'Sí', '1993-01-07 17:49:14'),
('088111851', 'dolorem', 513.728, '727770', NULL, 'Sí', 'No', 'No', '2015-06-18 22:47:35'),
('088649618', 'omnis', 991.917, '511502', NULL, 'Sí', 'No', 'Sí', '2015-10-23 22:40:24'),
('089256015', 'sequi', 434.458, '936246', NULL, 'Sí', 'Sí', 'Sí', '1999-02-14 03:43:45'),
('089404976', 'nostrum', 889.129, '178538', NULL, 'Sí', 'No', 'Sí', '2001-08-19 18:56:45'),
('092763369', 'eaque', 158.802, '124278', NULL, 'Sí', 'No', 'No', '2020-12-18 01:09:54'),
('093531812', 'voluptatem', 941.338, '295466', NULL, 'Sí', 'No', 'No', '2019-09-24 03:05:41'),
('093966782', 'deserunt', 518.328, '931732', NULL, 'Sí', 'Sí', 'Sí', '1999-08-15 03:36:01'),
('103826167', 'dolorem', 41.877, '676573', NULL, 'No', 'No', 'Sí', '1990-12-27 17:52:02'),
('103939765', 'quis', 304.328, '172175', NULL, 'Sí', 'Sí', 'No', '2016-06-13 00:14:41'),
('106449432', 'accusamus', 318.035, '274150', NULL, 'Sí', 'No', 'No', '1991-04-01 12:59:33'),
('106646255', 'eius', 665.798, '896974', NULL, 'Sí', 'No', 'Sí', '1983-03-17 00:10:26'),
('108792401', 'dignissimos', 948.724, '598426', NULL, 'Sí', 'Sí', 'Sí', '2002-09-23 17:53:46'),
('116695114', 'debitis', 97.808, '917944', NULL, 'No', 'No', 'No', '2006-08-31 10:16:55'),
('116912582', 'est', 948.754, '603705', NULL, 'Sí', 'No', 'Sí', '1979-01-03 04:04:36'),
('120186699', 'ab', 2.352, '117824', NULL, 'No', 'Sí', 'No', '2001-08-11 12:17:29'),
('127742819', 'nemo', 725.750, '502162', NULL, 'Sí', 'No', 'Sí', '2003-12-01 05:42:58'),
('129057404', 'quia', 2.817, '847546', NULL, 'No', 'No', 'No', '1991-11-27 04:50:43'),
('137073792', 'quod', 785.980, '016203', NULL, 'No', 'Sí', 'No', '1971-01-15 21:06:37'),
('137561155', 'consequatur', 119.711, '080823', NULL, 'No', 'Sí', 'No', '1974-12-12 04:23:17'),
('140541361', 'vel', 777.112, '337496', NULL, 'No', 'Sí', 'No', '2008-04-10 00:51:50'),
('141110557', 'non', 966.685, '401034', NULL, 'No', 'No', 'Sí', '1997-06-04 19:55:53'),
('141618949', 'sequi', 766.064, '906667', NULL, 'Sí', 'No', 'No', '1991-12-27 23:14:55'),
('147811515', 'est', 704.913, '389479', NULL, 'Sí', 'No', 'Sí', '2002-01-22 05:39:57'),
('151133155', 'quisquam', 61.623, '308004', NULL, 'No', 'Sí', 'Sí', '2002-12-28 14:07:58'),
('151888879', 'nemo', 526.055, '906502', NULL, 'Sí', 'Sí', 'No', '2016-06-06 06:54:59'),
('154319006', 'libero', 930.977, '041776', NULL, 'No', 'No', 'Sí', '1988-05-25 08:18:30'),
('154446053', 'ullam', 743.812, '869190', NULL, 'Sí', 'Sí', 'Sí', '1993-12-31 21:36:44'),
('155873592', 'et', 305.239, '512005', NULL, 'No', 'Sí', 'Sí', '2001-06-27 14:36:41'),
('156511217', 'culpa', 519.151, '805387', NULL, 'Sí', 'Sí', 'No', '1980-06-07 02:38:48'),
('157510788', 'veniam', 958.286, '519028', NULL, 'Sí', 'No', 'Sí', '2004-07-28 15:36:41'),
('158230915', 'dolorum', 80.229, '384320', NULL, 'No', 'Sí', 'Sí', '1979-04-25 20:17:00'),
('159648121', 'facilis', 728.747, '903359', NULL, 'No', 'Sí', 'No', '2007-03-13 03:26:55'),
('168342232', 'inventore', 675.996, '847546', NULL, 'Sí', 'No', 'Sí', '2020-01-10 17:54:18'),
('169371929', 'officiis', 605.933, '899600', NULL, 'Sí', 'No', 'No', '2020-07-14 23:59:22'),
('175528814', 'natus', 345.322, '582212', NULL, 'No', 'Sí', 'Sí', '2017-12-24 00:03:56'),
('182002537', 'tenetur', 850.358, '199313', NULL, 'Sí', 'Sí', 'Sí', '1995-04-10 22:31:06'),
('182205200', 'est', 396.362, '407310', NULL, 'Sí', 'Sí', 'Sí', '2014-03-18 16:16:52'),
('183649722', 'temporibus', 413.723, '830165', NULL, 'No', 'Sí', 'Sí', '2012-09-24 20:46:56'),
('184867458', 'autem', 964.847, '144395', NULL, 'Sí', 'Sí', 'No', '1994-12-31 09:50:36'),
('186262652', 'nam', 751.394, '311328', NULL, 'Sí', 'No', 'No', '1994-11-09 22:08:55'),
('186411222', 'aperiam', 603.985, '296530', NULL, 'No', 'Sí', 'No', '1972-05-24 21:18:56'),
('187880483', 'et', 854.396, '974301', NULL, 'No', 'No', 'Sí', '1975-08-14 15:21:24'),
('189896780', 'architecto', 443.178, '139973', NULL, 'No', 'No', 'No', '1972-10-24 04:06:30'),
('192590886', 'autem', 222.830, '288440', NULL, 'Sí', 'No', 'Sí', '1994-07-22 19:02:51'),
('192893433', 'iste', 478.106, '771933', NULL, 'No', 'Sí', 'No', '1994-08-07 22:08:28'),
('194059162', 'nostrum', 921.204, '777166', NULL, 'No', 'No', 'No', '1983-03-27 19:03:15'),
('195488218', 'sed', 227.175, '334723', NULL, 'No', 'Sí', 'Sí', '1983-04-03 16:39:30'),
('197863014', 'aut', 585.360, '501911', NULL, 'Sí', 'No', 'No', '2014-04-29 12:11:51'),
('201480418', 'odit', 511.969, '603705', NULL, 'Sí', 'Sí', 'Sí', '2017-01-05 23:13:04'),
('202020877', 'minus', 638.414, '769844', NULL, 'Sí', 'No', 'Sí', '1976-01-29 11:48:47'),
('202689793', 'voluptatem', 785.258, '869190', NULL, 'No', 'No', 'No', '1971-02-05 20:18:26'),
('204671922', 'suscipit', 681.381, '182348', NULL, 'Sí', 'No', 'No', '2021-02-15 21:15:31'),
('205686742', 'maxime', 464.144, '132678', NULL, 'No', 'Sí', 'Sí', '1983-06-18 10:14:11'),
('214836269', 'laudantium', 134.861, '735599', NULL, 'Sí', 'No', 'Sí', '2016-09-11 00:00:33'),
('216254501', 'dolor', 568.866, '768713', NULL, 'Sí', 'No', 'Sí', '1984-08-14 21:42:05'),
('225192625', 'ad', 396.801, '577036', NULL, 'Sí', 'No', 'No', '1996-12-27 05:44:46'),
('231958232', 'omnis', 591.788, '604761', NULL, 'No', 'Sí', 'No', '2006-06-06 12:23:44'),
('232096461', 'eveniet', 265.330, '448272', NULL, 'No', 'No', 'No', '1981-09-08 08:46:36'),
('233120476', 'distinctio', 459.222, '752533', NULL, 'Sí', 'No', 'Sí', '2015-10-29 16:30:11'),
('236264082', 'aut', 440.490, '152618', NULL, 'No', 'No', 'No', '1979-06-22 00:12:09'),
('238768447', 'ad', 27.039, '582212', NULL, 'Sí', 'No', 'Sí', '2011-02-01 09:36:45'),
('246827166', 'qui', 899.420, '730527', NULL, 'Sí', 'No', 'Sí', '1997-09-24 07:27:31'),
('247144372', 'quaerat', 758.243, '172175', NULL, 'No', 'No', 'No', '1995-06-25 03:22:18'),
('247862762', 'aspernatur', 217.742, '199313', NULL, 'Sí', 'Sí', 'Sí', '2013-08-06 00:33:11'),
('252696819', 'nesciunt', 575.818, '337496', NULL, 'Sí', 'Sí', 'No', '1975-07-30 07:14:17'),
('258810886', 'mollitia', 82.233, '124278', NULL, 'Sí', 'No', 'No', '2009-12-06 01:15:51'),
('260873059', 'esse', 127.371, '690474', NULL, 'Sí', 'Sí', 'No', '2000-04-24 14:16:16'),
('262588883', 'eaque', 895.469, '367927', NULL, 'No', 'Sí', 'Sí', '1983-10-13 17:30:30'),
('265244515', 'error', 230.747, '301812', NULL, 'Sí', 'Sí', 'No', '1989-10-07 04:09:49'),
('268916127', 'est', 418.460, '536085', NULL, 'Sí', 'Sí', 'No', '1975-06-01 18:05:18'),
('272447361', 'ab', 835.270, '367927', NULL, 'Sí', 'No', 'Sí', '2000-12-14 22:30:09'),
('274074615', 'ad', 977.836, '976165', NULL, 'No', 'No', 'No', '1993-07-12 23:36:38'),
('275684494', 'quaerat', 715.309, '661708', NULL, 'No', 'Sí', 'No', '2004-05-11 11:19:42'),
('276895295', 'sint', 374.552, '520781', NULL, 'Sí', 'Sí', 'No', '2017-06-26 19:44:09'),
('277078741', 'non', 378.335, '379036', NULL, 'Sí', 'Sí', 'No', '1981-09-19 09:33:57'),
('277402056', 'illum', 60.490, '511670', NULL, 'No', 'Sí', 'No', '1990-02-20 21:10:20'),
('277861111', 'quasi', 898.052, '401034', NULL, 'No', 'Sí', 'No', '2001-06-19 10:03:02'),
('279489864', 'qui', 130.018, '169154', NULL, 'No', 'No', 'No', '2011-01-18 19:41:49'),
('279988426', 'et', 597.654, '915147', NULL, 'No', 'No', 'No', '2011-06-01 10:30:30'),
('280863001', 'beatae', 874.435, '846679', NULL, 'Sí', 'No', 'Sí', '2018-11-29 14:19:04'),
('285643996', 'sit', 607.185, '066510', NULL, 'No', 'Sí', 'Sí', '1978-12-29 00:01:12'),
('294019337', 'laboriosam', 411.469, '500158', NULL, 'Sí', 'Sí', 'Sí', '1977-06-20 20:20:07'),
('296416136', 'eum', 863.023, '326461', NULL, 'No', 'Sí', 'No', '2012-02-06 12:27:41'),
('301378873', 'possimus', 304.764, '600988', NULL, 'Sí', 'No', 'Sí', '1987-02-12 07:08:27'),
('302992954', 'quam', 377.686, '245069', NULL, 'No', 'Sí', 'No', '2004-09-05 04:12:56'),
('304392473', 'blanditiis', 431.705, '391164', NULL, 'Sí', 'Sí', 'No', '1975-11-26 15:10:48'),
('305064541', 'voluptatem', 661.437, '643624', NULL, 'No', 'Sí', 'Sí', '1978-10-22 19:52:12'),
('305353278', 'amet', 142.247, '917944', NULL, 'Sí', 'No', 'No', '1971-05-19 10:19:13'),
('305580167', 'eum', 764.795, '272571', NULL, 'No', 'No', 'Sí', '1973-12-27 10:58:01'),
('307372105', 'quis', 720.710, '906502', NULL, 'No', 'No', 'No', '1978-12-01 14:28:01'),
('308846244', 'eum', 378.169, '350520', NULL, 'Sí', 'No', 'No', '1990-10-29 09:43:36'),
('312139211', 'et', 265.330, '354687', NULL, 'No', 'Sí', 'No', '1997-08-24 10:33:35'),
('315571019', 'officiis', 747.417, '821177', NULL, 'Sí', 'Sí', 'Sí', '1984-11-18 18:29:23'),
('315793344', 'dignissimos', 199.267, '516092', NULL, 'Sí', 'No', 'No', '1993-08-21 00:40:38'),
('325115469', 'vel', 7.281, '295466', NULL, 'Sí', 'Sí', 'No', '2012-11-13 09:02:50'),
('325955168', 'sed', 805.192, '582985', NULL, 'Sí', 'No', 'No', '1992-11-01 07:36:01'),
('327949262', 'magni', 457.861, '625589', NULL, 'Sí', 'No', 'Sí', '1981-02-04 20:51:12'),
('335960276', 'cupiditate', 296.711, '000329', NULL, 'Sí', 'No', 'Sí', '2008-05-16 19:49:06'),
('337813547', 'enim', 526.164, '183643', NULL, 'No', 'No', 'No', '1993-04-06 02:26:39'),
('339028209', 'aliquid', 979.402, '637398', NULL, 'No', 'Sí', 'No', '2016-07-10 18:24:37'),
('340351728', 'qui', 716.932, '088100', NULL, 'Sí', 'No', 'No', '1980-02-14 13:51:55'),
('346047075', 'cupiditate', 281.436, '307206', NULL, 'No', 'Sí', 'No', '1980-12-24 14:06:56'),
('348371444', 'dicta', 955.044, '925392', NULL, 'No', 'Sí', 'No', '1984-04-08 10:08:22'),
('356347506', 'consequatur', 299.888, '482994', NULL, 'Sí', 'No', 'Sí', '2013-05-27 01:24:35'),
('357756381', 'culpa', 451.193, '100481', NULL, 'Sí', 'No', 'Sí', '1981-04-13 23:23:39'),
('362069360', 'impedit', 853.096, '608739', NULL, 'Sí', 'No', 'Sí', '1983-11-04 09:05:48'),
('362833164', 'consectetur', 565.813, '410968', NULL, 'Sí', 'Sí', 'No', '1973-04-21 15:18:20'),
('366285563', 'rerum', 879.829, '296530', NULL, 'No', 'Sí', 'No', '1989-06-15 10:18:52'),
('367034717', 'a', 915.887, '269210', NULL, 'Sí', 'No', 'No', '2016-10-20 19:17:29'),
('367302512', 'illum', 502.425, '002139', NULL, 'No', 'No', 'No', '1994-09-24 16:18:17'),
('368018269', 'est', 553.987, '887463', NULL, 'No', 'No', 'No', '2008-04-03 20:11:28'),
('368222721', 'sit', 616.253, '972414', NULL, 'No', 'No', 'No', '1999-01-08 10:33:58'),
('373844219', 'aut', 109.282, '567561', NULL, 'No', 'Sí', 'No', '2003-12-22 15:40:40'),
('375869095', 'vel', 713.484, '511502', NULL, 'Sí', 'No', 'No', '1971-03-28 18:05:18'),
('382420338', 'labore', 589.544, '182348', NULL, 'No', 'Sí', 'Sí', '2006-08-20 11:40:48'),
('383056024', 'occaecati', 692.634, '502162', NULL, 'No', 'Sí', 'No', '1991-11-26 22:02:54'),
('383994373', 'et', 511.506, '895040', NULL, 'Sí', 'Sí', 'Sí', '1998-10-10 21:47:51'),
('386549796', 'ut', 255.164, '296057', NULL, 'Sí', 'Sí', 'No', '1982-02-05 05:24:14'),
('390753662', 'voluptatem', 78.027, '502420', NULL, 'Sí', 'Sí', 'No', '1976-05-05 22:48:00'),
('390862556', 'rerum', 760.095, '816807', NULL, 'No', 'No', 'No', '1977-05-21 23:25:27'),
('394316659', 'repellat', 269.331, '935664', NULL, 'Sí', 'Sí', 'No', '1984-01-23 18:22:00'),
('394344519', 'fugit', 543.034, '401509', NULL, 'No', 'No', 'Sí', '2000-09-03 21:14:32'),
('396035066', 'ab', 122.395, '319356', NULL, 'No', 'Sí', 'Sí', '1996-02-10 15:10:27'),
('396392220', 'in', 372.123, '193328', NULL, 'No', 'No', 'No', '1970-06-29 16:25:49'),
('396642361', 'voluptatem', 506.336, '846679', NULL, 'No', 'No', 'No', '1990-01-12 13:34:46'),
('397882919', 'consequatur', 510.912, '884938', NULL, 'No', 'No', 'No', '1988-09-07 08:50:45'),
('403090819', 'occaecati', 528.112, '576470', NULL, 'No', 'Sí', 'No', '2010-02-02 06:12:56'),
('405803075', 'sunt', 269.582, '178538', NULL, 'No', 'No', 'Sí', '1998-01-19 06:51:07'),
('408482935', 'amet', 762.944, '355247', NULL, 'No', 'No', 'Sí', '1998-08-31 23:59:08'),
('411424799', 'et', 482.128, '079873', NULL, 'No', 'Sí', 'Sí', '1982-01-14 08:26:54'),
('414826427', 'impedit', 333.798, '848350', NULL, 'No', 'No', 'Sí', '1973-11-27 19:42:51'),
('414935528', 'aut', 572.334, '072446', NULL, 'No', 'No', 'Sí', '1989-05-02 00:10:07'),
('421229169', 'labore', 964.984, '143424', NULL, 'Sí', 'Sí', 'No', '2019-03-07 23:08:25'),
('423564136', 'sit', 416.011, '205388', NULL, 'Sí', 'No', 'Sí', '1981-06-24 03:26:31'),
('425756115', 'autem', 706.228, '083949', NULL, 'Sí', 'Sí', 'Sí', '2013-09-23 15:33:39'),
('430204953', 'odio', 589.862, '043776', NULL, 'Sí', 'No', 'No', '1985-12-26 14:59:18'),
('432477074', 'quis', 751.469, '041776', NULL, 'No', 'Sí', 'Sí', '1994-07-09 03:17:48'),
('435360898', 'eum', 883.883, '998085', NULL, 'Sí', 'Sí', 'No', '1974-07-25 02:13:12'),
('437851451', 'et', 752.429, '938205', NULL, 'No', 'Sí', 'No', '1979-06-28 07:45:03'),
('438584957', 'illo', 458.218, '974301', NULL, 'No', 'Sí', 'Sí', '2015-03-25 05:36:00'),
('438783704', 'numquam', 518.084, '600988', NULL, 'Sí', 'Sí', 'Sí', '1989-03-05 14:21:49'),
('442056632', 'veniam', 413.395, '785668', NULL, 'No', 'Sí', 'Sí', '1986-02-26 12:51:03'),
('444468380', 'eius', 800.253, '912490', NULL, 'Sí', 'Sí', 'Sí', '2004-12-14 09:54:29'),
('448571502', 'veritatis', 88.321, '520781', NULL, 'Sí', 'No', 'Sí', '2015-10-14 23:51:25'),
('449430655', 'ex', 474.716, '144395', NULL, 'No', 'Sí', 'Sí', '2016-05-22 20:33:19'),
('449758089', 'optio', 227.834, '275038', NULL, 'No', 'Sí', 'Sí', '1979-08-03 07:19:14'),
('450816309', 'nostrum', 21.393, '641086', NULL, 'Sí', 'Sí', 'Sí', '2007-08-07 05:08:07'),
('452786872', 'animi', 316.974, '745693', NULL, 'No', 'No', 'No', '2007-03-16 04:02:53'),
('455173273', 'necessitatibus', 885.369, '070407', NULL, 'No', 'Sí', 'No', '1981-05-27 10:28:03'),
('455937762', 'cumque', 98.455, '055403', NULL, 'No', 'No', 'No', '1972-03-24 23:25:58'),
('457353277', 'dolorem', 522.268, '533597', NULL, 'No', 'Sí', 'No', '2019-11-23 00:10:46'),
('458413717', 'sit', 175.030, '707678', NULL, 'No', 'Sí', 'No', '2005-06-30 11:18:31'),
('462530109', 'rerum', 186.517, '132678', NULL, 'No', 'Sí', 'Sí', '2001-05-27 12:48:14'),
('467816861', 'similique', 354.358, '598426', NULL, 'Sí', 'Sí', 'No', '2020-07-06 08:12:39'),
('469095173', 'ipsam', 804.297, '002139', NULL, 'No', 'Sí', 'Sí', '1972-01-04 04:53:51'),
('477244820', 'quis', 351.880, '070407', NULL, 'No', 'No', 'Sí', '1986-12-16 23:26:00'),
('478511703', 'accusantium', 961.031, '501911', NULL, 'Sí', 'Sí', 'Sí', '2005-04-17 09:27:00'),
('479170623', 'et', 963.922, '512005', NULL, 'Sí', 'Sí', 'No', '1970-05-08 02:57:02'),
('479802701', 'minima', 438.320, '678409', NULL, 'Sí', 'No', 'Sí', '2013-05-02 04:08:03'),
('481174946', 'qui', 611.481, '342341', NULL, 'Sí', 'Sí', 'Sí', '1970-10-20 04:57:15'),
('484085029', 'dolorem', 882.609, '352504', NULL, 'No', 'No', 'Sí', '2009-08-20 21:00:22'),
('487094093', 'quae', 570.421, '891960', NULL, 'Sí', 'No', 'Sí', '1977-07-09 15:52:28'),
('487628982', 'expedita', 405.612, '707678', NULL, 'No', 'No', 'No', '1978-12-15 04:31:42'),
('491321909', 'cupiditate', 882.921, '906667', NULL, 'Sí', 'Sí', 'No', '2016-02-28 00:41:51'),
('493084762', 'velit', 470.908, '516595', NULL, 'No', 'Sí', 'Sí', '1975-11-14 15:20:40'),
('495478777', 'assumenda', 869.514, '366198', NULL, 'Sí', 'Sí', 'Sí', '2012-06-28 23:41:26'),
('495548945', 'quo', 301.626, '573112', NULL, 'Sí', 'Sí', 'Sí', '1970-08-21 23:40:21'),
('507065686', 'consectetur', 432.725, '625589', NULL, 'Sí', 'No', 'No', '1984-03-17 06:43:31'),
('508297709', 'aut', 110.500, '731577', NULL, 'No', 'Sí', 'No', '1984-02-03 21:02:00'),
('509220833', 'enim', 881.885, '390386', NULL, 'No', 'No', 'Sí', '1996-11-13 22:17:31'),
('511510038', 'voluptatem', 850.627, '272571', NULL, 'Sí', 'Sí', 'No', '2002-07-06 15:00:24'),
('512987438', 'ipsam', 998.827, '865590', NULL, 'No', 'No', 'Sí', '1998-02-27 03:45:27'),
('518674546', 'velit', 208.160, '038070', NULL, 'Sí', 'No', 'No', '1999-03-12 21:12:46'),
('521702026', 'rerum', 305.799, '307206', NULL, 'Sí', 'No', 'Sí', '2003-10-15 21:50:01'),
('523430919', 'est', 122.837, '895868', NULL, 'No', 'No', 'Sí', '2008-04-04 02:14:28'),
('524137996', 'ipsum', 64.644, '678409', NULL, 'Sí', 'No', 'Sí', '1990-06-18 06:04:43'),
('525843422', 'illo', 845.518, '088915', NULL, 'Sí', 'No', 'Sí', '2007-05-01 09:13:45'),
('529741117', 'aut', 768.110, '301812', NULL, 'No', 'No', 'No', '2002-11-02 01:32:17'),
('532547576', 'similique', 968.135, '752533', NULL, 'No', 'Sí', 'Sí', '2001-03-28 07:48:11'),
('535711224', 'similique', 121.937, '094433', NULL, 'Sí', 'No', 'Sí', '1997-09-03 15:50:19'),
('537387279', 'amet', 243.256, '509275', NULL, 'Sí', 'Sí', 'Sí', '1974-04-14 07:08:13'),
('539824681', 'maxime', 881.229, '771933', NULL, 'Sí', 'Sí', 'Sí', '2011-09-27 12:48:28'),
('543360561', 'sit', 885.255, '896974', NULL, 'No', 'Sí', 'No', '2019-01-15 06:34:49'),
('550226058', 'asperiores', 700.535, '482994', NULL, 'Sí', 'No', 'No', '2009-05-01 06:43:18'),
('552250415', 'et', 650.300, '643624', NULL, 'Sí', 'Sí', 'No', '1972-06-07 22:45:42'),
('552930766', 'omnis', 965.251, '679825', NULL, 'No', 'No', 'Sí', '2019-05-16 06:11:01'),
('552934138', 'magni', 987.340, '250865', NULL, 'No', 'No', 'Sí', '2003-02-01 00:37:59'),
('556043484', 'et', 645.963, '379036', NULL, 'Sí', 'Sí', 'Sí', '2014-10-12 03:34:11'),
('556811858', 'libero', 680.338, '848350', NULL, 'No', 'No', 'Sí', '1971-05-28 12:31:55'),
('558443178', 'nesciunt', 51.293, '354687', NULL, 'Sí', 'No', 'Sí', '1988-08-30 18:54:16'),
('562127427', 'repudiandae', 902.823, '936246', NULL, 'No', 'No', 'No', '1981-10-23 18:59:08'),
('571182764', 'blanditiis', 72.849, '688059', NULL, 'Sí', 'No', 'No', '1981-03-03 11:48:28'),
('571431392', 'sapiente', 488.472, '641086', NULL, 'Sí', 'No', 'Sí', '1995-01-18 22:08:30'),
('572212902', 'illo', 890.040, '311328', NULL, 'No', 'No', 'Sí', '2002-10-26 02:14:19'),
('574423363', 'excepturi', 855.831, '045712', NULL, 'Sí', 'No', 'No', '2011-01-21 06:03:34'),
('574759357', 'eum', 998.320, '043776', NULL, 'No', 'No', 'No', '2016-04-14 13:00:01'),
('582976634', 'voluptatum', 336.207, '389479', NULL, 'No', 'No', 'Sí', '2003-07-23 22:27:54'),
('583495974', 'ipsum', 54.020, '777166', NULL, 'Sí', 'No', 'No', '2016-12-21 09:14:46'),
('589322430', 'itaque', 66.966, '114234', NULL, 'No', 'Sí', 'No', '2002-04-19 12:42:46'),
('596143600', 'vel', 370.623, '821177', NULL, 'No', 'No', 'Sí', '2001-11-19 12:59:36'),
('598487381', 'architecto', 260.767, '935664', NULL, 'Sí', 'No', 'Sí', '1975-06-15 19:23:25'),
('600421491', 'debitis', 132.722, '055403', NULL, 'Sí', 'No', 'Sí', '2004-09-05 15:40:32'),
('604782046', 'quis', 80.721, '637398', NULL, 'No', 'Sí', 'Sí', '2004-10-12 17:50:41'),
('605006144', 'qui', 425.726, '350520', NULL, 'Sí', 'Sí', 'No', '1989-02-15 18:05:50'),
('613578877', 'alias', 829.617, '494980', NULL, 'No', 'No', 'Sí', '1970-10-29 06:52:26'),
('615896470', 'vel', 796.240, '327080', NULL, 'No', 'No', 'Sí', '2007-02-26 21:00:14'),
('619409615', 'eos', 523.252, '115395', NULL, 'Sí', 'Sí', 'Sí', '1979-03-25 18:17:24'),
('619514624', 'sed', 45.543, '093128', NULL, 'Sí', 'No', 'Sí', '1996-05-02 06:46:29'),
('620407903', 'voluptatum', 931.388, '915147', NULL, 'No', 'No', 'Sí', '1991-01-04 06:06:04'),
('621659359', 'sit', 738.600, '546778', NULL, 'Sí', 'No', 'No', '2000-05-28 01:48:49'),
('625642260', 'quia', 146.875, '045712', NULL, 'No', 'No', 'Sí', '2002-05-24 13:21:47'),
('625721730', 'sit', 972.463, '410968', NULL, 'Sí', 'Sí', 'Sí', '1984-05-16 13:10:57'),
('627296714', 'dolorem', 44.440, '094433', NULL, 'No', 'No', 'No', '2005-04-01 19:49:39'),
('627449477', 'optio', 869.773, '477686', NULL, 'No', 'Sí', 'No', '2013-12-13 12:18:08'),
('633516383', 'ex', 259.011, '055062', NULL, 'Sí', 'Sí', 'Sí', '2019-03-29 03:51:27'),
('634388108', 'ipsum', 492.458, '401509', NULL, 'Sí', 'Sí', 'Sí', '2019-05-19 12:56:54'),
('638997608', 'maxime', 223.017, '390386', NULL, 'Sí', 'No', 'No', '2007-12-19 18:49:38'),
('643182767', 'qui', 268.233, '143424', NULL, 'No', 'No', 'No', '1995-06-11 03:55:31'),
('643748248', 'inventore', 510.564, '117824', NULL, 'Sí', 'No', 'Sí', '1999-04-24 23:27:47'),
('645731589', 'perspiciatis', 907.133, '966516', NULL, 'No', 'No', 'Sí', '1989-08-25 20:40:00'),
('647804498', 'ut', 729.051, '093128', NULL, 'No', 'No', 'Sí', '1987-11-30 21:22:18'),
('648778308', 'animi', 360.230, '366198', NULL, 'No', 'Sí', 'Sí', '1983-05-11 04:23:35'),
('651371777', 'sint', 104.945, '169469', NULL, 'No', 'No', 'No', '1997-08-19 18:43:21'),
('652794625', 'velit', 710.806, '170279', NULL, 'No', 'Sí', 'No', '1987-03-09 00:00:04'),
('654428947', 'est', 10.686, '468142', NULL, 'Sí', 'No', 'Sí', '2005-05-09 13:08:03'),
('664559464', 'nesciunt', 985.173, '372161', NULL, 'Sí', 'Sí', 'No', '1984-09-03 13:51:44'),
('665350090', 'autem', 663.298, '735599', NULL, 'Sí', 'No', 'Sí', '1996-12-01 13:40:57'),
('667947072', 'debitis', 967.666, '066510', NULL, 'No', 'Sí', 'Sí', '2011-12-08 22:08:48'),
('668099458', 'et', 299.031, '570163', NULL, 'Sí', 'Sí', 'No', '2018-05-07 23:48:15'),
('676851989', 'enim', 52.919, '115395', NULL, 'No', 'Sí', 'No', '2020-07-24 02:37:32'),
('677438727', 'optio', 549.007, '865590', NULL, 'No', 'No', 'Sí', '1991-12-21 02:01:17'),
('680864133', 'commodi', 923.260, '912490', NULL, 'Sí', 'Sí', 'No', '1977-11-11 19:22:01'),
('682599269', 'aut', 731.099, '088100', NULL, 'No', 'No', 'No', '2009-11-12 22:36:30'),
('689572323', 'dolore', 203.264, '334723', NULL, 'Sí', 'Sí', 'No', '1975-06-20 22:06:27'),
('690811521', 'earum', 497.403, '055062', NULL, 'Sí', 'Sí', 'Sí', '1985-03-03 17:58:04'),
('694137666', 'vel', 453.174, '536085', NULL, 'No', 'Sí', 'No', '1991-02-10 09:38:07'),
('698151778', 'in', 459.442, '992546', NULL, 'No', 'No', 'No', '1990-08-24 15:43:16'),
('700634938', 'facere', 913.866, '509275', NULL, 'No', 'Sí', 'Sí', '1976-07-27 09:55:47'),
('711690018', 'debitis', 658.474, '152618', NULL, 'No', 'No', 'No', '1991-05-19 21:37:44'),
('711912229', 'reiciendis', 41.175, '391164', NULL, 'No', 'No', 'No', '1986-10-13 13:15:46'),
('720211825', 'quo', 797.958, '577036', NULL, 'Sí', 'No', 'Sí', '1977-09-29 02:56:48'),
('723309291', 'sapiente', 133.276, '805387', NULL, 'No', 'No', 'Sí', '2009-01-20 13:58:33'),
('723977900', 'nihil', 511.184, '205388', NULL, 'No', 'No', 'Sí', '1990-09-11 08:54:29'),
('724002998', 'nemo', 733.681, '786882', NULL, 'Sí', 'No', 'Sí', '1989-11-28 01:49:58'),
('724330867', 'facere', 96.496, '025680', NULL, 'No', 'No', 'No', '1992-07-09 17:41:50'),
('726212988', 'magnam', 395.953, '884938', NULL, 'Sí', 'No', 'No', '2004-05-19 03:51:21'),
('726285368', 'nemo', 105.092, '038070', NULL, 'No', 'Sí', 'No', '1974-02-11 01:17:30'),
('726382091', 'ducimus', 317.236, '138311', NULL, 'No', 'Sí', 'No', '2015-05-28 07:16:33'),
('728044511', 'qui', 578.678, '839232', NULL, 'Sí', 'Sí', 'Sí', '1976-05-22 03:46:20'),
('729118739', 'rerum', 697.750, '468142', NULL, 'Sí', 'Sí', 'No', '1990-05-25 18:04:58'),
('729304249', 'dolorem', 534.927, '448272', NULL, 'No', 'Sí', 'No', '1970-10-30 03:55:21'),
('738669086', 'nihil', 536.169, '319356', NULL, 'No', 'No', 'Sí', '1972-01-12 01:21:54'),
('739855814', 'quo', 639.840, '296057', NULL, 'No', 'Sí', 'No', '1985-03-22 02:01:26'),
('740278722', 'harum', 299.538, '170279', NULL, 'Sí', 'Sí', 'No', '1986-08-14 19:16:50'),
('740624598', 'doloribus', 590.891, '421721', NULL, 'No', 'No', 'No', '1974-02-11 07:53:19'),
('741275637', 'nostrum', 606.283, '502420', NULL, 'Sí', 'No', 'Sí', '1982-10-17 10:50:12'),
('742787141', 'quasi', 683.882, '734955', NULL, 'Sí', 'Sí', 'Sí', '2001-11-10 09:10:06'),
('745301983', 'voluptas', 231.504, '437025', NULL, 'No', 'Sí', 'Sí', '1972-02-02 01:12:23'),
('746188898', 'consectetur', 746.459, '170092', NULL, 'No', 'No', 'Sí', '1993-01-03 23:25:00'),
('749230626', 'dignissimos', 165.699, '511670', NULL, 'No', 'Sí', 'Sí', '2008-01-12 05:35:57'),
('749348604', 'minima', 885.660, '269210', NULL, 'Sí', 'No', 'No', '1983-01-19 14:32:39'),
('751667198', 'sed', 955.450, '570163', NULL, 'No', 'Sí', 'No', '2008-08-14 14:00:52'),
('754144859', 'necessitatibus', 13.807, '083949', NULL, 'No', 'No', 'Sí', '1977-07-30 23:54:15'),
('755413129', 'quo', 546.963, '682000', NULL, 'No', 'No', 'No', '1978-09-02 02:17:13'),
('756244770', 'voluptate', 465.446, '342341', NULL, 'Sí', 'No', 'No', '2011-09-02 01:37:06'),
('760741667', 'qui', 566.377, '925392', NULL, 'No', 'Sí', 'No', '2011-04-14 11:18:24'),
('761834585', 'voluptas', 26.230, '193328', NULL, 'Sí', 'Sí', 'No', '1981-04-21 17:48:21'),
('762743929', 'quam', 736.157, '529092', NULL, 'No', 'Sí', 'Sí', '1986-04-11 22:55:29'),
('763360821', 'nesciunt', 278.550, '085735', NULL, 'No', 'Sí', 'Sí', '1975-07-20 21:27:46'),
('764276795', 'modi', 249.195, '608944', NULL, 'No', 'Sí', 'No', '2008-08-05 18:09:19'),
('774602708', 'porro', 173.476, '785668', NULL, 'Sí', 'No', 'Sí', '2003-07-26 21:08:09'),
('774686763', 'et', 529.605, '072446', NULL, 'No', 'No', 'No', '1996-11-03 17:41:13'),
('782133792', 'eum', 846.004, '245069', NULL, 'Sí', 'No', 'No', '1977-03-05 10:24:25'),
('782982175', 'consequatur', 468.476, '224300', NULL, 'No', 'Sí', 'Sí', '2001-06-02 16:32:04'),
('784560105', 'minus', 432.868, '152676', NULL, 'No', 'Sí', 'Sí', '2007-12-27 20:53:11'),
('785275913', 'eum', 648.406, '529092', NULL, 'No', 'Sí', 'Sí', '1972-05-14 17:29:14'),
('789491241', 'sit', 121.316, '170092', NULL, 'Sí', 'No', 'No', '1997-12-06 12:43:33'),
('793132259', 'sit', 490.380, '000329', NULL, 'Sí', 'No', 'No', '2001-07-21 08:38:46'),
('799431892', 'alias', 968.947, '671552', NULL, 'Sí', 'No', 'Sí', '1992-12-31 19:31:20'),
('799792610', 'labore', 942.227, '244944', NULL, 'Sí', 'Sí', 'No', '1991-11-10 20:55:50'),
('801895532', 'occaecati', 671.150, '384320', NULL, 'No', 'Sí', 'Sí', '1973-05-30 00:20:27'),
('804022461', 'ipsa', 621.493, '895849', NULL, 'Sí', 'No', 'No', '2005-06-23 02:50:59'),
('806501053', 'eos', 259.652, '224300', NULL, 'Sí', 'No', 'Sí', '2000-09-04 02:43:47'),
('806954785', 'explicabo', 341.847, '261454', NULL, 'Sí', 'Sí', 'Sí', '2009-02-21 14:03:37'),
('806968830', 'temporibus', 674.220, '244944', NULL, 'No', 'Sí', 'Sí', '1982-04-11 16:46:09'),
('809902686', 'suscipit', 97.317, '079873', NULL, 'No', 'No', 'Sí', '1999-08-19 03:05:07'),
('812702417', 'atque', 811.589, '519028', NULL, 'Sí', 'No', 'No', '1995-09-28 01:55:56'),
('813090133', 'ab', 752.615, '762159', NULL, 'Sí', 'No', 'No', '1986-05-23 12:53:44'),
('815060255', 'non', 525.534, '958459', NULL, 'No', 'Sí', 'No', '1984-07-14 11:04:57'),
('816211545', 'ipsam', 357.877, '274150', NULL, 'No', 'No', 'Sí', '2015-02-12 05:17:08'),
('820339346', 'vitae', 841.231, '407310', NULL, 'No', 'No', 'Sí', '2008-07-23 12:26:24'),
('823942201', 'minima', 457.042, '776748', NULL, 'Sí', 'Sí', 'Sí', '1988-05-31 17:30:50'),
('824151581', 'iste', 442.055, '402848', NULL, 'No', 'No', 'Sí', '1986-05-25 22:19:17'),
('824602312', 'magnam', 257.105, '768713', NULL, 'Sí', 'Sí', 'Sí', '2015-06-04 10:28:38'),
('826877626', 'enim', 607.466, '437025', NULL, 'Sí', 'Sí', 'Sí', '1989-07-25 23:28:37'),
('827489216', 'praesentium', 695.384, '862042', NULL, 'No', 'No', 'No', '1981-03-15 07:40:49'),
('828968450', 'quia', 589.640, '976165', NULL, 'Sí', 'No', 'Sí', '2020-06-30 17:40:58'),
('829435767', 'similique', 412.372, '679825', NULL, 'No', 'Sí', 'No', '2003-04-03 07:37:58'),
('832595587', 'architecto', 743.769, '169469', NULL, 'Sí', 'Sí', 'No', '2013-10-05 08:59:27'),
('833441341', 'rerum', 353.616, '803868', NULL, 'Sí', 'Sí', 'No', '2018-03-25 22:51:29'),
('835591809', 'quam', 75.485, '308004', NULL, 'No', 'No', 'Sí', '2020-04-09 23:55:18'),
('841764154', 'nostrum', 130.689, '494980', NULL, 'Sí', 'No', 'No', '2010-05-31 10:27:19'),
('843124277', 'atque', 833.626, '477686', NULL, 'No', 'No', 'No', '2002-12-21 04:24:56'),
('843608421', 'incidunt', 677.971, '516595', NULL, 'Sí', 'Sí', 'Sí', '1980-02-11 05:48:00'),
('845560253', 'ut', 815.437, '123291', NULL, 'Sí', 'No', 'No', '1998-10-06 17:24:48'),
('846100211', 'quia', 619.216, '992546', NULL, 'Sí', 'No', 'Sí', '1980-04-25 19:15:40'),
('852502701', 'nemo', 800.315, '895868', NULL, 'No', 'Sí', 'No', '1991-12-04 17:13:37'),
('853673839', 'ut', 657.394, '088915', NULL, 'No', 'Sí', 'No', '2013-03-18 13:07:00'),
('855810808', 'non', 924.578, '732763', NULL, 'Sí', 'Sí', 'Sí', '2002-06-11 15:14:27'),
('857495836', 'porro', 874.092, '288440', NULL, 'Sí', 'No', 'No', '2007-02-17 12:56:15'),
('858778088', 'odio', 364.976, '571304', NULL, 'Sí', 'Sí', 'Sí', '1975-04-29 09:21:54'),
('859004606', 'non', 893.949, '080823', NULL, 'No', 'Sí', 'No', '1976-04-17 09:30:59'),
('863033334', 'ad', 76.504, '138311', NULL, 'Sí', 'Sí', 'Sí', '1985-03-31 20:17:18'),
('864765020', 'laudantium', 349.398, '762159', NULL, 'No', 'No', 'Sí', '2011-09-09 07:51:54'),
('866619756', 'temporibus', 854.832, '786882', NULL, 'No', 'Sí', 'No', '1994-03-22 12:14:00'),
('872546973', 'quo', 242.213, '327080', NULL, 'Sí', 'No', 'Sí', '1977-04-19 20:13:35'),
('873113781', 'expedita', 448.067, '776748', NULL, 'Sí', 'No', 'Sí', '1990-01-21 00:13:48'),
('875413861', 'at', 471.395, '931732', NULL, 'Sí', 'No', 'No', '1970-12-13 08:39:32'),
('876003339', 'exercitationem', 346.772, '903359', NULL, 'No', 'Sí', 'No', '2013-08-27 17:38:08'),
('878239645', 'nam', 177.598, '326461', NULL, 'No', 'No', 'No', '2007-05-14 01:08:41'),
('880927457', 'at', 644.782, '998085', NULL, 'Sí', 'No', 'No', '1988-10-29 20:13:56'),
('883956742', 'cumque', 52.640, '372161', NULL, 'Sí', 'No', 'Sí', '1978-09-17 10:05:04'),
('886169857', 'ducimus', 778.161, '891960', NULL, 'Sí', 'Sí', 'Sí', '2015-03-18 07:26:08'),
('886312335', 'nam', 512.987, '727770', NULL, 'No', 'No', 'Sí', '2001-10-29 01:59:21'),
('889852329', 'earum', 623.967, '690474', NULL, 'Sí', 'No', 'Sí', '1973-10-05 09:40:11'),
('890179405', 'ut', 412.087, '533597', NULL, 'No', 'No', 'No', '2002-05-20 21:38:25'),
('891629558', 'amet', 633.401, '402848', NULL, 'No', 'No', 'No', '1976-08-14 05:53:40'),
('892272450', 'laudantium', 347.344, '688059', NULL, 'Sí', 'No', 'Sí', '2015-06-20 15:05:26'),
('896423505', 'aliquam', 21.732, '352504', NULL, 'No', 'No', 'No', '1974-05-12 04:23:58'),
('897120353', 'facere', 723.872, '093643', NULL, 'Sí', 'Sí', 'No', '1986-09-07 03:23:09'),
('900490747', 'sunt', 543.960, '571304', NULL, 'No', 'Sí', 'No', '1992-07-17 02:04:03'),
('903911613', 'sunt', 154.992, '695328', NULL, 'No', 'No', 'No', '2006-05-17 23:25:13'),
('906324276', 'non', 764.110, '895040', NULL, 'Sí', 'Sí', 'Sí', '1990-02-26 09:01:53'),
('907747903', 'suscipit', 739.262, '475721', NULL, 'Sí', 'Sí', 'Sí', '1979-11-03 09:16:32'),
('908654598', 'quos', 595.167, '123291', NULL, 'No', 'Sí', 'No', '1992-11-12 18:01:58'),
('911020536', 'quis', 543.266, '250865', NULL, 'No', 'Sí', 'No', '1972-04-02 18:56:08'),
('912202970', 'laudantium', 781.466, '641871', NULL, 'No', 'No', 'No', '1987-11-28 08:59:34'),
('914284554', 'sit', 798.082, '930286', NULL, 'Sí', 'Sí', 'No', '1998-01-31 13:24:00'),
('914461092', 'quidem', 374.646, '100481', NULL, 'Sí', 'No', 'Sí', '1982-01-30 02:37:54'),
('921511484', 'laboriosam', 359.922, '093643', NULL, 'No', 'Sí', 'Sí', '2013-10-16 07:43:33'),
('923305914', 'fugit', 403.672, '152676', NULL, 'No', 'Sí', 'Sí', '2020-08-11 07:05:12'),
('930605062', 'sed', 516.545, '025680', NULL, 'No', 'Sí', 'Sí', '2020-12-08 21:24:39'),
('933507697', 'sed', 634.594, '066922', NULL, 'No', 'No', 'Sí', '2017-09-26 12:31:36'),
('936122947', 'architecto', 375.895, '016203', NULL, 'No', 'Sí', 'Sí', '1983-02-23 03:30:27'),
('937846453', 'impedit', 782.017, '082891', NULL, 'No', 'Sí', 'Sí', '1975-03-23 01:01:20'),
('938633700', 'temporibus', 85.548, '365693', NULL, 'No', 'Sí', 'Sí', '1977-04-06 14:20:39'),
('939645265', 'optio', 855.481, '475721', NULL, 'Sí', 'No', 'No', '1982-11-14 03:38:44'),
('942667609', 'at', 521.448, '839232', NULL, 'Sí', 'No', 'Sí', '1986-05-17 16:12:33'),
('943923405', 'occaecati', 323.621, '567561', NULL, 'Sí', 'No', 'Sí', '2007-04-10 22:50:46'),
('946470277', 'consequatur', 166.500, '816807', NULL, 'No', 'Sí', 'No', '1973-01-18 12:00:02'),
('946874153', 'dignissimos', 174.677, '275038', NULL, 'No', 'Sí', 'Sí', '2010-04-23 23:21:02'),
('948763491', 'saepe', 871.748, '365693', NULL, 'No', 'No', 'Sí', '1997-03-11 10:54:06'),
('954244540', 'ipsa', 590.584, '082891', NULL, 'Sí', 'No', 'No', '1972-03-23 10:04:55'),
('957910954', 'laborum', 615.568, '582985', NULL, 'Sí', 'No', 'Sí', '1997-05-11 15:17:23'),
('958072356', 'quia', 777.698, '966516', NULL, 'Sí', 'No', 'Sí', '1981-10-24 04:18:07'),
('962335115', 'aperiam', 240.665, '830165', NULL, 'Sí', 'Sí', 'Sí', '1979-08-03 05:41:17'),
('962752959', 'odit', 818.974, '421721', NULL, 'No', 'Sí', 'Sí', '1983-02-26 06:07:42'),
('962932317', 'vitae', 950.329, '671552', NULL, 'No', 'Sí', 'No', '2006-04-01 04:07:01'),
('963455092', 'culpa', 740.496, '355247', NULL, 'Sí', 'No', 'Sí', '1974-07-18 12:31:33'),
('967414852', 'aperiam', 749.340, '114234', NULL, 'Sí', 'No', 'Sí', '1974-12-01 06:02:37'),
('967765341', 'tenetur', 554.073, '573112', NULL, 'No', 'Sí', 'Sí', '1994-09-23 01:08:00'),
('973768167', 'dolores', 202.617, '604761', NULL, 'Sí', 'No', 'No', '2020-11-03 16:47:53'),
('973966035', 'corporis', 783.697, '958459', NULL, 'Sí', 'Sí', 'Sí', '1989-06-07 09:21:09'),
('979822277', 'dolorum', 758.272, '576470', NULL, 'Sí', 'Sí', 'Sí', '2000-04-28 00:33:20'),
('984711839', 'magni', 383.361, '994861', NULL, 'No', 'No', 'No', '2010-03-06 06:23:12'),
('989377677', 'amet', 668.107, '500158', NULL, 'No', 'Sí', 'Sí', '2005-01-04 12:24:55'),
('992410308', 'corporis', 748.352, '769844', NULL, 'Sí', 'No', 'Sí', '2020-11-26 01:43:41'),
('993975502', 'deserunt', 498.793, '745693', NULL, 'No', 'No', 'Sí', '2007-09-27 17:37:06'),
('995226734', 'nulla', 824.495, '516092', NULL, 'Sí', 'No', 'No', '2020-08-30 09:26:07');

-- --------------------------------------------------------

--
-- Estructura de tabla para la tabla `espacio_en_planta`
--

DROP TABLE IF EXISTS `espacio_en_planta`;
CREATE TABLE IF NOT EXISTS `espacio_en_planta` (
  `ID_ESPACIO_EN_PLANTA` varchar(7) COLLATE utf8_spanish_ci NOT NULL,
  `ID_EDIFICIO` varchar(6) COLLATE utf8_spanish_ci NOT NULL,
  `NUM_PLANTA` int(3) NOT NULL,
  `ID_ESPACIO` varchar(9) COLLATE utf8_spanish_ci NOT NULL,
  PRIMARY KEY (`ID_ESPACIO_EN_PLANTA`),
  UNIQUE KEY `ID_EDIFICIO` (`ID_EDIFICIO`),
  UNIQUE KEY `NUM_PLANTA` (`NUM_PLANTA`),
  UNIQUE KEY `ID_ESPACIO` (`ID_ESPACIO`),
  KEY `ID_EDIFICIO_2` (`ID_EDIFICIO`,`NUM_PLANTA`)
) ENGINE=InnoDB DEFAULT CHARSET=utf8 COLLATE=utf8_spanish_ci;

-- --------------------------------------------------------

--
-- Estructura de tabla para la tabla `espacio_hospedaje`
--

DROP TABLE IF EXISTS `espacio_hospedaje`;
CREATE TABLE IF NOT EXISTS `espacio_hospedaje` (
  `ID_ESPACIO` varchar(9) COLLATE utf8_spanish_ci NOT NULL,
  `NUM_BANHOS` decimal(1,0) DEFAULT NULL,
  `NUM_CAMAS` decimal(1,0) NOT NULL,
  `TIENE_TERRAZA` enum('Sí','No') COLLATE utf8_spanish_ci NOT NULL,
  `ADMITE_FUMADORES` enum('Sí','No') COLLATE utf8_spanish_ci NOT NULL,
  `ADMITE_MASCOTAS` enum('Sí','No') COLLATE utf8_spanish_ci NOT NULL,
  `CANCELACION_GRATIS` enum('Sí','No') COLLATE utf8_spanish_ci NOT NULL,
  `MOVILIDAD_ADAPTADA` enum('Sí','No') COLLATE utf8_spanish_ci NOT NULL,
  `PRECIO_NOCHE` decimal(5,2) NOT NULL,
  `LUMINOSIDAD` enum('BAJA','MEDIA','ALTA') COLLATE utf8_spanish_ci NOT NULL,
  `ULTIMA_ACTUALIZACION` timestamp NOT NULL DEFAULT current_timestamp() ON UPDATE current_timestamp(),
  PRIMARY KEY (`ID_ESPACIO`)
) ENGINE=InnoDB DEFAULT CHARSET=utf8 COLLATE=utf8_spanish_ci;

--
-- Volcado de datos para la tabla `espacio_hospedaje`
--

INSERT INTO `espacio_hospedaje` (`ID_ESPACIO`, `NUM_BANHOS`, `NUM_CAMAS`, `TIENE_TERRAZA`, `ADMITE_FUMADORES`, `ADMITE_MASCOTAS`, `CANCELACION_GRATIS`, `MOVILIDAD_ADAPTADA`, `PRECIO_NOCHE`, `LUMINOSIDAD`, `ULTIMA_ACTUALIZACION`) VALUES
('006266478', '4', '0', 'Sí', 'Sí', 'No', 'Sí', 'No', '212.00', 'ALTA', '2019-04-21 12:17:39'),
('009012536', '1', '6', 'No', 'Sí', 'Sí', 'Sí', 'No', '93.90', 'ALTA', '1995-01-24 17:11:06'),
('009970642', '2', '4', 'Sí', 'Sí', 'Sí', 'No', 'No', '145.60', 'MEDIA', '2000-01-30 09:20:56'),
('019746769', '1', '8', 'No', 'No', 'Sí', 'Sí', 'Sí', '242.00', 'ALTA', '2015-02-24 01:00:00'),
('021388781', '0', '0', 'Sí', 'No', 'Sí', 'Sí', 'No', '212.70', 'MEDIA', '1996-03-03 03:02:45'),
('023616881', '0', '2', 'Sí', 'No', 'No', 'No', 'Sí', '289.00', 'BAJA', '1984-12-31 10:31:14'),
('023857958', '4', '7', 'Sí', 'No', 'Sí', 'No', 'Sí', '377.60', 'BAJA', '2015-09-09 02:00:13'),
('025816112', '0', '3', 'No', 'Sí', 'Sí', 'Sí', 'Sí', '462.70', 'MEDIA', '1985-01-22 23:24:58'),
('026161853', '1', '7', 'No', 'No', 'No', 'Sí', 'No', '411.20', 'MEDIA', '1994-11-04 14:08:25'),
('027114959', '0', '3', 'Sí', 'Sí', 'Sí', 'Sí', 'Sí', '342.20', 'MEDIA', '1995-12-20 11:48:49'),
('027716537', '0', '5', 'No', 'Sí', 'No', 'Sí', 'Sí', '182.90', 'MEDIA', '2015-05-16 04:07:40'),
('028544426', '0', '6', 'Sí', 'No', 'No', 'No', 'Sí', '141.40', 'BAJA', '1976-02-15 09:08:17'),
('035109023', '1', '2', 'No', 'No', 'No', 'No', 'No', '85.70', 'BAJA', '1981-09-29 11:47:59'),
('038967751', '2', '2', 'Sí', 'No', 'Sí', 'Sí', 'Sí', '480.70', 'BAJA', '2019-10-20 07:01:18'),
('042150418', '2', '5', 'No', 'No', 'Sí', 'No', 'Sí', '484.10', 'ALTA', '2004-04-30 10:22:45'),
('043722307', '1', '3', 'Sí', 'Sí', 'No', 'No', 'No', '414.10', 'MEDIA', '1992-05-14 10:16:16'),
('044253097', '3', '6', 'Sí', 'No', 'No', 'Sí', 'Sí', '406.70', 'BAJA', '1973-12-14 17:30:50'),
('044892469', '2', '7', 'Sí', 'No', 'Sí', 'No', 'No', '392.00', 'MEDIA', '1997-04-19 16:10:29'),
('045638387', '0', '2', 'Sí', 'No', 'No', 'No', 'Sí', '218.00', 'BAJA', '1996-03-21 23:28:53'),
('046983557', '4', '1', 'No', 'Sí', 'Sí', 'No', 'No', '30.10', 'ALTA', '1987-12-03 02:57:55'),
('050591146', '1', '9', 'No', 'No', 'Sí', 'Sí', 'No', '166.60', 'MEDIA', '1974-05-27 23:05:53'),
('054892612', '3', '5', 'Sí', 'No', 'No', 'No', 'No', '140.50', 'MEDIA', '1991-04-21 08:46:09'),
('058373519', '0', '7', 'No', 'Sí', 'Sí', 'Sí', 'No', '37.30', 'ALTA', '2009-05-28 13:36:57'),
('062551750', '4', '5', 'No', 'No', 'No', 'No', 'Sí', '158.60', 'ALTA', '1998-01-21 21:18:39'),
('062680726', '0', '4', 'Sí', 'No', 'Sí', 'No', 'Sí', '129.40', 'ALTA', '2016-06-22 19:20:25'),
('064461365', '0', '6', 'Sí', 'Sí', 'Sí', 'No', 'Sí', '456.10', 'MEDIA', '1993-01-03 18:45:10'),
('065504977', '0', '9', 'No', 'Sí', 'No', 'No', 'Sí', '35.60', 'MEDIA', '1996-01-08 18:09:27'),
('067140206', '3', '4', 'Sí', 'No', 'No', 'No', 'Sí', '409.60', 'ALTA', '1973-10-28 19:09:19'),
('072262117', '1', '5', 'Sí', 'Sí', 'Sí', 'Sí', 'No', '31.40', 'ALTA', '2012-04-17 10:11:33'),
('082474089', '4', '2', 'Sí', 'No', 'Sí', 'Sí', 'No', '249.00', 'MEDIA', '2013-07-02 08:14:54'),
('085742042', '0', '2', 'No', 'Sí', 'Sí', 'Sí', 'Sí', '452.10', 'MEDIA', '2015-03-27 06:18:57'),
('088111851', '1', '1', 'No', 'No', 'No', 'No', 'Sí', '285.60', 'BAJA', '1979-11-15 20:52:40'),
('088649618', '4', '8', 'Sí', 'No', 'Sí', 'Sí', 'Sí', '497.40', 'BAJA', '1999-03-07 00:38:41'),
('089256015', '2', '9', 'No', 'No', 'No', 'No', 'Sí', '127.30', 'BAJA', '2001-10-26 01:39:17'),
('089404976', '1', '7', 'Sí', 'No', 'No', 'No', 'No', '275.30', 'ALTA', '2008-06-28 02:19:06'),
('092763369', '0', '3', 'No', 'Sí', 'No', 'Sí', 'Sí', '143.30', 'MEDIA', '2020-06-28 11:20:49'),
('093531812', '2', '2', 'No', 'No', 'No', 'No', 'No', '261.60', 'ALTA', '2000-11-24 15:55:47'),
('093966782', '0', '3', 'No', 'Sí', 'Sí', 'Sí', 'Sí', '183.10', 'BAJA', '1972-12-12 20:48:04'),
('103826167', '4', '8', 'Sí', 'Sí', 'Sí', 'Sí', 'No', '274.70', 'ALTA', '1993-10-27 10:17:54'),
('103939765', '1', '6', 'Sí', 'Sí', 'Sí', 'No', 'Sí', '211.20', 'MEDIA', '1997-12-20 14:20:32'),
('106449432', '0', '5', 'Sí', 'Sí', 'Sí', 'Sí', 'No', '431.60', 'BAJA', '1985-08-21 23:30:07'),
('106646255', '1', '5', 'No', 'No', 'No', 'Sí', 'Sí', '443.30', 'ALTA', '2015-04-28 19:35:23'),
('108792401', '4', '9', 'No', 'No', 'No', 'No', 'No', '271.30', 'BAJA', '1978-03-30 15:05:24'),
('116695114', '1', '1', 'No', 'Sí', 'No', 'Sí', 'No', '87.50', 'BAJA', '2014-10-04 15:05:57'),
('116912582', '3', '4', 'No', 'No', 'No', 'No', 'No', '159.30', 'ALTA', '1975-09-22 09:17:58'),
('120186699', '1', '5', 'No', 'Sí', 'Sí', 'Sí', 'Sí', '114.40', 'ALTA', '1985-01-15 01:29:29'),
('127742819', '1', '3', 'No', 'Sí', 'No', 'Sí', 'Sí', '63.60', 'ALTA', '1989-07-22 20:44:54'),
('129057404', '1', '5', 'Sí', 'No', 'Sí', 'Sí', 'No', '86.70', 'ALTA', '1981-03-05 17:48:04'),
('137073792', '0', '5', 'No', 'No', 'Sí', 'No', 'No', '242.30', 'ALTA', '1979-10-05 21:05:47'),
('137561155', '3', '0', 'No', 'No', 'Sí', 'No', 'No', '417.40', 'MEDIA', '1978-12-02 01:17:52'),
('140541361', '1', '4', 'No', 'Sí', 'No', 'Sí', 'Sí', '72.50', 'MEDIA', '2014-08-21 04:31:53'),
('141110557', '4', '8', 'Sí', 'No', 'Sí', 'Sí', 'No', '21.30', 'MEDIA', '2017-01-28 19:01:34'),
('141618949', '3', '1', 'No', 'No', 'Sí', 'No', 'No', '196.20', 'BAJA', '1995-04-13 07:24:15'),
('147811515', '1', '7', 'Sí', 'No', 'No', 'Sí', 'Sí', '442.10', 'BAJA', '1979-03-14 18:08:04'),
('151133155', '3', '6', 'Sí', 'No', 'Sí', 'No', 'Sí', '49.70', 'ALTA', '2000-06-21 01:58:27'),
('151888879', '2', '2', 'Sí', 'Sí', 'Sí', 'Sí', 'Sí', '426.40', 'ALTA', '1994-01-06 07:49:06'),
('154319006', '3', '8', 'Sí', 'Sí', 'No', 'Sí', 'No', '22.40', 'BAJA', '1970-08-31 09:04:44'),
('154446053', '4', '9', 'No', 'Sí', 'No', 'No', 'Sí', '291.80', 'MEDIA', '1995-02-24 16:43:32'),
('155873592', '0', '6', 'No', 'No', 'Sí', 'Sí', 'Sí', '242.80', 'ALTA', '2020-09-10 20:57:52'),
('156511217', '4', '4', 'No', 'Sí', 'No', 'Sí', 'Sí', '338.70', 'ALTA', '1970-05-24 15:30:40'),
('157510788', '0', '0', 'Sí', 'No', 'No', 'Sí', 'No', '361.20', 'ALTA', '1999-11-04 05:32:21'),
('158230915', '4', '7', 'No', 'No', 'No', 'No', 'Sí', '115.70', 'MEDIA', '1981-07-29 20:26:29'),
('159648121', '4', '0', 'No', 'Sí', 'No', 'Sí', 'Sí', '141.40', 'BAJA', '1982-05-08 22:18:14'),
('168342232', '1', '5', 'Sí', 'Sí', 'No', 'No', 'Sí', '336.60', 'ALTA', '2015-02-28 08:50:51'),
('169371929', '1', '6', 'Sí', 'Sí', 'Sí', 'Sí', 'No', '430.70', 'ALTA', '1983-12-11 19:42:38'),
('175528814', '4', '3', 'No', 'No', 'No', 'Sí', 'No', '151.50', 'ALTA', '1975-09-25 00:34:59'),
('182002537', '3', '9', 'No', 'No', 'Sí', 'Sí', 'Sí', '264.50', 'ALTA', '1991-09-09 00:27:33'),
('182205200', '1', '7', 'Sí', 'Sí', 'No', 'Sí', 'Sí', '359.70', 'ALTA', '1986-01-01 21:02:12'),
('183649722', '2', '8', 'Sí', 'No', 'No', 'Sí', 'Sí', '270.20', 'MEDIA', '1995-08-01 09:50:42'),
('184867458', '4', '5', 'No', 'No', 'No', 'No', 'Sí', '323.50', 'BAJA', '1983-09-26 02:45:21'),
('186262652', '2', '7', 'No', 'Sí', 'Sí', 'No', 'Sí', '311.10', 'MEDIA', '1995-04-24 22:53:10'),
('186411222', '4', '6', 'Sí', 'Sí', 'Sí', 'Sí', 'No', '455.80', 'ALTA', '2017-01-27 00:47:00'),
('187880483', '4', '5', 'No', 'Sí', 'No', 'Sí', 'Sí', '402.60', 'BAJA', '2002-08-05 04:01:03'),
('189896780', '2', '5', 'Sí', 'Sí', 'No', 'Sí', 'No', '262.40', 'BAJA', '1970-08-08 14:57:43'),
('192590886', '2', '1', 'No', 'Sí', 'Sí', 'No', 'No', '29.70', 'MEDIA', '1974-08-29 17:19:05'),
('192893433', '0', '3', 'Sí', 'Sí', 'No', 'Sí', 'Sí', '105.10', 'ALTA', '2019-02-14 12:16:57'),
('194059162', '3', '3', 'No', 'Sí', 'No', 'No', 'Sí', '293.50', 'ALTA', '1989-11-13 19:51:00'),
('195488218', '2', '1', 'Sí', 'Sí', 'Sí', 'No', 'Sí', '442.40', 'BAJA', '1999-03-28 04:02:54'),
('197863014', '3', '2', 'No', 'No', 'No', 'Sí', 'Sí', '373.90', 'ALTA', '1995-12-16 06:08:14'),
('201480418', '1', '0', 'No', 'No', 'Sí', 'Sí', 'Sí', '189.00', 'ALTA', '1976-03-03 04:04:54'),
('202020877', '4', '9', 'No', 'No', 'No', 'No', 'No', '208.00', 'MEDIA', '1979-04-28 18:02:31'),
('202689793', '0', '9', 'No', 'Sí', 'Sí', 'No', 'Sí', '127.40', 'MEDIA', '2019-01-06 17:34:19'),
('204671922', '1', '0', 'No', 'Sí', 'No', 'Sí', 'Sí', '346.90', 'BAJA', '1999-10-05 13:20:42'),
('205686742', '0', '3', 'Sí', 'Sí', 'No', 'No', 'No', '305.40', 'ALTA', '2000-01-16 05:44:01'),
('214836269', '1', '5', 'Sí', 'No', 'No', 'No', 'No', '473.90', 'MEDIA', '1998-05-18 17:48:23'),
('216254501', '3', '6', 'Sí', 'No', 'No', 'Sí', 'Sí', '210.40', 'ALTA', '1974-12-14 13:09:17'),
('225192625', '1', '1', 'Sí', 'Sí', 'Sí', 'Sí', 'No', '463.80', 'ALTA', '1996-01-30 13:44:10'),
('231958232', '3', '6', 'Sí', 'No', 'Sí', 'No', 'No', '338.20', 'MEDIA', '1998-02-19 15:36:19'),
('232096461', '2', '2', 'Sí', 'No', 'No', 'No', 'Sí', '269.60', 'BAJA', '2013-09-24 11:23:05'),
('233120476', '3', '1', 'No', 'Sí', 'No', 'Sí', 'No', '440.50', 'MEDIA', '1999-01-10 22:55:42'),
('236264082', '2', '1', 'No', 'No', 'No', 'Sí', 'No', '428.70', 'BAJA', '2014-01-14 14:44:22'),
('238768447', '2', '4', 'No', 'Sí', 'Sí', 'Sí', 'Sí', '177.50', 'ALTA', '1985-11-14 01:34:33'),
('246827166', '4', '7', 'Sí', 'No', 'No', 'No', 'Sí', '207.50', 'ALTA', '2018-02-09 10:15:28'),
('247144372', '1', '3', 'No', 'No', 'No', 'Sí', 'No', '396.80', 'BAJA', '1988-12-12 04:24:18'),
('247862762', '2', '3', 'Sí', 'No', 'No', 'Sí', 'No', '330.40', 'ALTA', '1998-05-23 19:42:35'),
('252696819', '4', '3', 'Sí', 'No', 'No', 'No', 'Sí', '326.50', 'ALTA', '2019-01-12 14:59:18'),
('258810886', '2', '0', 'No', 'Sí', 'Sí', 'No', 'No', '19.10', 'BAJA', '1974-07-19 03:01:03'),
('260873059', '4', '1', 'No', 'Sí', 'No', 'No', 'Sí', '152.40', 'ALTA', '1985-03-09 13:35:51'),
('262588883', '4', '3', 'Sí', 'Sí', 'No', 'No', 'Sí', '324.80', 'MEDIA', '1988-08-23 09:51:59'),
('265244515', '0', '2', 'No', 'No', 'Sí', 'No', 'No', '24.00', 'ALTA', '1991-03-24 16:28:10'),
('268916127', '1', '9', 'No', 'Sí', 'No', 'Sí', 'No', '23.20', 'BAJA', '1996-02-12 11:56:31'),
('272447361', '3', '5', 'Sí', 'No', 'Sí', 'Sí', 'Sí', '295.10', 'MEDIA', '2008-02-20 22:11:12'),
('274074615', '1', '4', 'No', 'No', 'No', 'Sí', 'Sí', '301.90', 'MEDIA', '1975-11-05 04:33:09'),
('275684494', '2', '7', 'Sí', 'No', 'No', 'Sí', 'Sí', '320.00', 'BAJA', '1981-10-13 20:42:58'),
('276895295', '0', '0', 'Sí', 'Sí', 'No', 'Sí', 'Sí', '293.40', 'BAJA', '2019-10-30 04:39:03'),
('277078741', '4', '7', 'No', 'Sí', 'Sí', 'No', 'Sí', '371.00', 'ALTA', '2000-09-22 19:52:39'),
('277402056', '0', '1', 'No', 'Sí', 'Sí', 'Sí', 'No', '453.80', 'MEDIA', '2007-07-02 02:31:44'),
('277861111', '1', '0', 'Sí', 'Sí', 'Sí', 'No', 'Sí', '104.10', 'ALTA', '1982-02-02 09:52:47'),
('279489864', '2', '2', 'Sí', 'Sí', 'No', 'No', 'Sí', '151.50', 'BAJA', '2016-08-26 10:30:30'),
('279988426', '2', '9', 'Sí', 'Sí', 'Sí', 'Sí', 'No', '157.50', 'MEDIA', '2017-01-06 13:51:26'),
('280863001', '3', '2', 'No', 'No', 'No', 'Sí', 'Sí', '238.50', 'BAJA', '1998-11-05 10:27:07'),
('285643996', '1', '0', 'Sí', 'No', 'No', 'Sí', 'No', '173.50', 'MEDIA', '1981-02-23 22:05:11'),
('294019337', '2', '2', 'Sí', 'Sí', 'Sí', 'No', 'No', '351.20', 'ALTA', '1983-08-16 15:34:57'),
('296416136', '3', '0', 'Sí', 'No', 'Sí', 'No', 'Sí', '294.60', 'BAJA', '1993-03-20 21:59:54'),
('301378873', '2', '7', 'Sí', 'No', 'No', 'No', 'Sí', '417.70', 'ALTA', '2015-12-01 10:34:46'),
('302992954', '0', '8', 'No', 'No', 'Sí', 'Sí', 'No', '226.10', 'ALTA', '1998-03-13 03:58:38'),
('304392473', '4', '0', 'Sí', 'Sí', 'No', 'No', 'Sí', '84.80', 'BAJA', '1978-06-08 20:15:34'),
('305064541', '4', '1', 'No', 'Sí', 'No', 'No', 'Sí', '66.50', 'MEDIA', '1970-07-02 20:54:22'),
('305353278', '3', '3', 'No', 'Sí', 'Sí', 'Sí', 'Sí', '307.70', 'BAJA', '2013-10-15 23:11:40'),
('305580167', '3', '5', 'Sí', 'No', 'No', 'Sí', 'Sí', '137.10', 'BAJA', '1979-02-07 04:26:02'),
('307372105', '1', '9', 'No', 'No', 'Sí', 'Sí', 'Sí', '415.00', 'BAJA', '2007-02-06 13:03:39'),
('308846244', '4', '6', 'No', 'No', 'Sí', 'No', 'Sí', '162.90', 'ALTA', '1984-10-04 22:22:29'),
('312139211', '4', '1', 'Sí', 'Sí', 'Sí', 'Sí', 'No', '391.90', 'ALTA', '1974-04-08 07:39:44'),
('315571019', '1', '5', 'No', 'No', 'Sí', 'No', 'Sí', '63.30', 'ALTA', '1981-08-09 14:39:51'),
('315793344', '4', '3', 'Sí', 'No', 'No', 'Sí', 'Sí', '257.90', 'MEDIA', '1972-01-19 10:24:54'),
('325115469', '0', '6', 'Sí', 'No', 'No', 'Sí', 'No', '235.60', 'ALTA', '1977-05-22 08:16:18'),
('325955168', '2', '5', 'Sí', 'Sí', 'Sí', 'No', 'Sí', '351.90', 'ALTA', '1987-01-14 18:48:27'),
('327949262', '4', '0', 'Sí', 'No', 'No', 'No', 'Sí', '368.20', 'BAJA', '1976-12-11 02:03:55'),
('335960276', '2', '1', 'Sí', 'No', 'No', 'No', 'No', '76.10', 'BAJA', '2008-01-22 18:43:56'),
('337813547', '4', '1', 'No', 'No', 'Sí', 'Sí', 'Sí', '313.50', 'ALTA', '2011-05-17 19:53:39'),
('339028209', '3', '3', 'Sí', 'Sí', 'Sí', 'No', 'No', '256.40', 'ALTA', '1971-11-09 01:12:28'),
('340351728', '0', '3', 'No', 'No', 'Sí', 'Sí', 'Sí', '344.70', 'MEDIA', '1998-03-17 08:55:24'),
('346047075', '3', '8', 'No', 'No', 'Sí', 'Sí', 'Sí', '179.20', 'ALTA', '1993-01-04 00:14:21'),
('348371444', '2', '7', 'Sí', 'No', 'No', 'No', 'Sí', '411.30', 'BAJA', '2003-01-06 02:07:00'),
('356347506', '4', '9', 'No', 'Sí', 'No', 'No', 'Sí', '425.00', 'BAJA', '1988-05-26 04:45:38'),
('357756381', '3', '3', 'Sí', 'No', 'Sí', 'No', 'Sí', '251.30', 'BAJA', '1996-06-28 04:40:36'),
('362069360', '4', '6', 'Sí', 'No', 'No', 'Sí', 'No', '320.40', 'MEDIA', '1981-03-31 00:07:34'),
('362833164', '2', '0', 'No', 'Sí', 'No', 'No', 'Sí', '18.00', 'BAJA', '1996-10-28 00:43:01'),
('366285563', '0', '8', 'Sí', 'No', 'No', 'Sí', 'Sí', '238.10', 'ALTA', '2012-08-24 11:09:23'),
('367034717', '2', '6', 'No', 'No', 'Sí', 'No', 'Sí', '230.30', 'ALTA', '1975-05-24 07:46:20'),
('367302512', '0', '4', 'Sí', 'Sí', 'Sí', 'Sí', 'Sí', '41.10', 'ALTA', '2020-01-01 08:12:46'),
('368018269', '1', '6', 'Sí', 'No', 'No', 'No', 'Sí', '155.00', 'ALTA', '2012-03-23 06:22:40'),
('368222721', '3', '8', 'No', 'Sí', 'No', 'Sí', 'Sí', '187.00', 'MEDIA', '2016-07-06 06:40:43'),
('373844219', '0', '4', 'Sí', 'No', 'No', 'Sí', 'Sí', '106.00', 'BAJA', '1980-08-19 06:41:58'),
('375869095', '3', '0', 'Sí', 'Sí', 'Sí', 'No', 'No', '384.40', 'ALTA', '1985-12-31 01:03:32'),
('382420338', '0', '3', 'Sí', 'Sí', 'Sí', 'No', 'Sí', '184.00', 'ALTA', '2015-12-01 00:24:11'),
('383056024', '3', '5', 'Sí', 'No', 'No', 'Sí', 'No', '442.70', 'ALTA', '2007-04-22 18:25:09'),
('383994373', '0', '3', 'Sí', 'Sí', 'No', 'Sí', 'No', '183.50', 'MEDIA', '2004-09-21 09:57:46'),
('386549796', '3', '5', 'No', 'Sí', 'Sí', 'No', 'No', '451.20', 'BAJA', '1998-02-09 22:55:39'),
('390753662', '3', '3', 'Sí', 'Sí', 'No', 'Sí', 'No', '448.40', 'ALTA', '1982-07-30 17:01:06'),
('390862556', '3', '6', 'Sí', 'No', 'No', 'Sí', 'Sí', '19.70', 'BAJA', '1988-05-07 06:44:51'),
('394316659', '3', '6', 'Sí', 'Sí', 'No', 'No', 'Sí', '98.60', 'MEDIA', '2001-03-27 23:59:55'),
('394344519', '0', '2', 'Sí', 'No', 'No', 'Sí', 'Sí', '456.30', 'MEDIA', '1983-12-14 23:05:27'),
('396035066', '4', '3', 'No', 'Sí', 'No', 'Sí', 'Sí', '235.60', 'BAJA', '1979-07-03 01:29:13'),
('396392220', '1', '4', 'Sí', 'No', 'No', 'Sí', 'No', '221.50', 'ALTA', '1983-11-17 15:07:30'),
('396642361', '4', '9', 'No', 'No', 'No', 'No', 'No', '476.00', 'ALTA', '1978-07-26 03:23:35'),
('397882919', '2', '0', 'No', 'Sí', 'Sí', 'No', 'No', '21.20', 'MEDIA', '1995-02-15 23:43:39'),
('403090819', '3', '1', 'Sí', 'No', 'No', 'No', 'Sí', '371.00', 'BAJA', '1975-05-18 22:32:29'),
('405803075', '3', '6', 'No', 'Sí', 'No', 'Sí', 'No', '451.80', 'ALTA', '1974-05-23 21:55:18'),
('408482935', '3', '2', 'Sí', 'Sí', 'No', 'Sí', 'No', '19.00', 'BAJA', '1984-05-29 12:29:22'),
('411424799', '3', '6', 'No', 'Sí', 'No', 'No', 'No', '118.30', 'ALTA', '1979-03-27 12:03:53'),
('414826427', '0', '1', 'No', 'No', 'No', 'No', 'Sí', '364.20', 'MEDIA', '1980-03-19 01:39:42'),
('414935528', '1', '7', 'Sí', 'No', 'No', 'Sí', 'No', '301.00', 'BAJA', '1978-07-11 00:05:52'),
('421229169', '2', '1', 'No', 'Sí', 'No', 'Sí', 'Sí', '222.70', 'MEDIA', '2018-12-04 18:40:21'),
('423564136', '2', '7', 'No', 'No', 'No', 'Sí', 'No', '32.20', 'ALTA', '1999-01-11 23:24:06'),
('425756115', '0', '9', 'Sí', 'Sí', 'Sí', 'Sí', 'Sí', '142.60', 'BAJA', '1998-01-01 09:49:04'),
('430204953', '0', '6', 'No', 'Sí', 'Sí', 'Sí', 'No', '305.90', 'ALTA', '2014-04-02 06:19:26'),
('432477074', '0', '6', 'Sí', 'Sí', 'No', 'No', 'No', '42.60', 'BAJA', '1978-05-17 06:47:52'),
('435360898', '4', '1', 'Sí', 'No', 'No', 'No', 'No', '82.10', 'BAJA', '2007-04-08 14:24:09'),
('437851451', '4', '7', 'No', 'No', 'Sí', 'Sí', 'Sí', '268.20', 'BAJA', '1981-02-23 15:24:04'),
('438584957', '4', '3', 'Sí', 'No', 'No', 'No', 'No', '410.20', 'MEDIA', '2000-03-02 08:01:37'),
('438783704', '1', '5', 'No', 'Sí', 'No', 'No', 'No', '376.20', 'MEDIA', '2016-07-15 09:45:32'),
('442056632', '2', '6', 'No', 'Sí', 'Sí', 'No', 'Sí', '187.30', 'MEDIA', '1980-05-11 22:54:06'),
('444468380', '0', '6', 'No', 'Sí', 'No', 'No', 'No', '392.80', 'BAJA', '2007-03-15 04:50:08'),
('448571502', '3', '5', 'No', 'Sí', 'No', 'Sí', 'No', '112.90', 'BAJA', '1978-09-16 05:13:23'),
('449430655', '0', '2', 'Sí', 'No', 'Sí', 'No', 'No', '474.40', 'ALTA', '1998-07-24 22:20:39'),
('449758089', '0', '4', 'Sí', 'No', 'Sí', 'Sí', 'No', '120.70', 'MEDIA', '2008-11-17 10:13:20'),
('450816309', '3', '7', 'Sí', 'Sí', 'Sí', 'No', 'No', '320.60', 'ALTA', '2013-12-06 05:57:49'),
('452786872', '0', '4', 'Sí', 'No', 'No', 'Sí', 'No', '222.80', 'BAJA', '2013-10-18 13:50:18'),
('455173273', '3', '9', 'No', 'Sí', 'Sí', 'Sí', 'No', '346.80', 'BAJA', '1989-07-05 10:55:46'),
('455937762', '1', '4', 'No', 'Sí', 'Sí', 'No', 'No', '38.70', 'MEDIA', '1993-09-29 07:26:34'),
('457353277', '3', '3', 'Sí', 'Sí', 'No', 'Sí', 'No', '404.10', 'ALTA', '1986-06-13 21:30:25'),
('458413717', '1', '9', 'No', 'Sí', 'Sí', 'Sí', 'No', '401.10', 'BAJA', '1977-11-08 17:30:06'),
('462530109', '1', '7', 'Sí', 'Sí', 'Sí', 'No', 'Sí', '457.30', 'MEDIA', '1990-05-27 15:55:22'),
('467816861', '3', '8', 'Sí', 'No', 'No', 'No', 'Sí', '395.80', 'ALTA', '1986-02-02 12:10:51'),
('469095173', '0', '3', 'No', 'Sí', 'Sí', 'No', 'Sí', '177.50', 'BAJA', '2001-05-27 22:30:52'),
('477244820', '1', '3', 'No', 'No', 'No', 'No', 'No', '484.10', 'MEDIA', '1985-10-29 23:25:40'),
('478511703', '1', '4', 'No', 'Sí', 'Sí', 'No', 'No', '242.90', 'MEDIA', '2008-04-14 11:00:39'),
('479170623', '0', '0', 'No', 'Sí', 'No', 'No', 'Sí', '305.60', 'BAJA', '1987-03-11 22:45:28'),
('479802701', '4', '1', 'Sí', 'No', 'No', 'No', 'No', '466.10', 'MEDIA', '2003-03-28 06:33:18'),
('481174946', '1', '1', 'Sí', 'Sí', 'No', 'No', 'No', '359.50', 'BAJA', '2015-12-20 13:44:51'),
('484085029', '4', '9', 'No', 'Sí', 'No', 'Sí', 'Sí', '443.20', 'ALTA', '2004-02-28 09:09:32'),
('487094093', '1', '4', 'Sí', 'Sí', 'No', 'Sí', 'Sí', '180.20', 'BAJA', '1985-10-26 18:59:31'),
('487628982', '1', '9', 'No', 'No', 'Sí', 'No', 'Sí', '72.00', 'MEDIA', '1991-06-26 15:56:23'),
('491321909', '3', '0', 'Sí', 'Sí', 'No', 'No', 'No', '29.80', 'MEDIA', '2017-07-20 13:07:55'),
('493084762', '4', '7', 'No', 'No', 'Sí', 'No', 'Sí', '358.10', 'BAJA', '2006-01-12 11:53:17'),
('495478777', '2', '0', 'No', 'Sí', 'No', 'Sí', 'Sí', '255.00', 'MEDIA', '1974-03-04 03:21:36'),
('495548945', '2', '0', 'No', 'No', 'No', 'Sí', 'No', '301.50', 'BAJA', '1981-12-18 07:58:29'),
('507065686', '3', '9', 'Sí', 'Sí', 'Sí', 'No', 'Sí', '468.60', 'MEDIA', '1990-11-06 05:16:54'),
('508297709', '4', '0', 'Sí', 'Sí', 'No', 'No', 'No', '51.00', 'ALTA', '2017-01-29 07:59:00');

-- --------------------------------------------------------

--
-- Estructura de tabla para la tabla `espacio_instalacion`
--

DROP TABLE IF EXISTS `espacio_instalacion`;
CREATE TABLE IF NOT EXISTS `espacio_instalacion` (
  `ID_ESPACIO` varchar(9) COLLATE utf8_spanish_ci NOT NULL,
  `AFORO` decimal(3,0) UNSIGNED DEFAULT NULL,
  `HORARIO_ACCESIBLE` varchar(40) COLLATE utf8_spanish_ci DEFAULT NULL,
  `ES_EXTERIOR` enum('Sí','No') COLLATE utf8_spanish_ci NOT NULL,
  `USO_INFANTIL` enum('Sí','No') COLLATE utf8_spanish_ci NOT NULL,
  `TIPO` enum('Gimnasio','Restaurante','Piscina','Pista de tenis','Pista de pádel','Campo de Golf','Spa') COLLATE utf8_spanish_ci DEFAULT NULL,
  `ESTA_INCLUIDO` enum('Sí','No') COLLATE utf8_spanish_ci NOT NULL,
  `NECESITA_RESERVA` enum('Sí','No') COLLATE utf8_spanish_ci NOT NULL,
  `ULTIMA_ACTUALIZACION` timestamp NOT NULL DEFAULT current_timestamp() ON UPDATE current_timestamp(),
  PRIMARY KEY (`ID_ESPACIO`)
) ENGINE=InnoDB DEFAULT CHARSET=utf8 COLLATE=utf8_spanish_ci;

--
-- Volcado de datos para la tabla `espacio_instalacion`
--

INSERT INTO `espacio_instalacion` (`ID_ESPACIO`, `AFORO`, `HORARIO_ACCESIBLE`, `ES_EXTERIOR`, `USO_INFANTIL`, `TIPO`, `ESTA_INCLUIDO`, `NECESITA_RESERVA`, `ULTIMA_ACTUALIZACION`) VALUES
('006266478', '472', 'aperiam', 'Sí', 'No', 'Piscina', 'No', 'No', '1984-12-26 17:43:32'),
('009012536', '653', 'et', 'No', 'Sí', 'Pista de pádel', 'No', 'Sí', '1971-03-08 09:14:23'),
('009970642', '77', 'et', 'Sí', 'Sí', 'Pista de pádel', 'Sí', 'No', '1971-06-23 22:36:35'),
('019746769', '4', 'illum', 'No', 'No', 'Gimnasio', 'No', 'No', '1986-10-03 17:27:18'),
('021388781', '436', 'veritatis', 'Sí', 'Sí', 'Piscina', 'No', 'Sí', '2008-11-11 14:13:08'),
('023616881', '356', 'qui', 'No', 'Sí', 'Pista de pádel', 'No', 'Sí', '1987-06-24 07:53:18'),
('023857958', '755', 'et', 'Sí', 'Sí', 'Pista de tenis', 'No', 'Sí', '2004-07-15 00:14:10'),
('025816112', '624', 'libero', 'No', 'No', 'Spa', 'Sí', 'No', '2005-12-02 00:20:16'),
('026161853', '914', 'et', 'No', 'Sí', 'Gimnasio', 'No', 'Sí', '1977-01-22 10:13:21'),
('027114959', '247', 'rem', 'Sí', 'Sí', 'Spa', 'Sí', 'No', '1973-12-01 20:56:41'),
('027716537', '218', 'sapiente', 'No', 'Sí', 'Pista de tenis', 'No', 'Sí', '1979-01-09 01:28:55'),
('028544426', '37', 'asperiores', 'No', 'No', 'Spa', 'No', 'Sí', '1972-03-25 18:06:54'),
('035109023', '372', 'aut', 'No', 'No', 'Piscina', 'Sí', 'Sí', '2000-06-26 15:23:34'),
('038967751', '294', 'dignissimos', 'Sí', 'Sí', 'Pista de pádel', 'Sí', 'Sí', '2008-08-25 05:58:41'),
('042150418', '73', 'magni', 'No', 'No', 'Spa', 'No', 'No', '2008-05-19 16:40:15'),
('043722307', '6', 'exercitationem', 'No', 'Sí', 'Campo de Golf', 'No', 'Sí', '1995-03-17 02:21:02'),
('044253097', '577', 'at', 'Sí', 'No', 'Gimnasio', 'Sí', 'No', '2016-10-11 09:08:17'),
('044892469', '900', 'tempora', 'Sí', 'Sí', 'Gimnasio', 'No', 'No', '1974-02-03 00:03:29'),
('045638387', '81', 'earum', 'No', 'No', 'Pista de pádel', 'No', 'Sí', '2018-05-29 06:35:17'),
('046983557', '506', 'ex', 'No', 'Sí', 'Piscina', 'Sí', 'Sí', '2014-04-16 11:13:21'),
('050591146', '753', 'animi', 'Sí', 'No', 'Spa', 'No', 'No', '1995-01-29 21:28:57'),
('054892612', '525', 'laborum', 'Sí', 'Sí', 'Piscina', 'Sí', 'Sí', '1994-12-13 18:42:24'),
('058373519', '923', 'eos', 'No', 'No', 'Pista de pádel', 'Sí', 'Sí', '1985-10-01 19:53:06'),
('062551750', '389', 'earum', 'No', 'No', 'Pista de pádel', 'Sí', 'Sí', '2002-06-10 16:24:29'),
('062680726', '390', 'quibusdam', 'No', 'No', 'Pista de tenis', 'No', 'Sí', '1991-12-08 18:54:43'),
('064461365', '152', 'autem', 'No', 'Sí', 'Restaurante', 'No', 'No', '1975-12-25 10:13:55'),
('065504977', '439', 'blanditiis', 'Sí', 'No', 'Spa', 'No', 'Sí', '2017-12-24 07:37:30'),
('067140206', '914', 'voluptas', 'Sí', 'Sí', 'Gimnasio', 'Sí', 'No', '2016-09-22 16:30:02'),
('072262117', '497', 'suscipit', 'No', 'Sí', 'Spa', 'No', 'No', '2007-01-12 12:46:08'),
('082474089', '818', 'repellat', 'Sí', 'Sí', 'Restaurante', 'No', 'Sí', '2002-07-08 06:32:50'),
('085742042', '105', 'et', 'Sí', 'Sí', 'Campo de Golf', 'No', 'No', '1987-10-06 01:33:03'),
('088111851', '300', 'quod', 'Sí', 'Sí', 'Pista de tenis', 'No', 'No', '2007-01-15 22:34:06'),
('088649618', '674', 'quibusdam', 'Sí', 'Sí', 'Pista de tenis', 'Sí', 'Sí', '1972-11-03 06:15:36'),
('089256015', '112', 'dolore', 'No', 'No', 'Pista de tenis', 'No', 'Sí', '1970-09-14 18:08:29'),
('089404976', '872', 'dignissimos', 'Sí', 'No', 'Campo de Golf', 'No', 'Sí', '1983-07-22 18:28:08'),
('092763369', '624', 'ratione', 'No', 'No', 'Gimnasio', 'Sí', 'Sí', '1974-08-19 19:32:50'),
('093531812', '361', 'odio', 'No', 'Sí', 'Pista de tenis', 'Sí', 'Sí', '1980-02-19 16:04:10'),
('093966782', '639', 'maiores', 'No', 'No', 'Spa', 'No', 'No', '1985-12-24 21:26:11'),
('103826167', '72', 'minima', 'No', 'Sí', 'Gimnasio', 'Sí', 'No', '2014-02-16 07:49:53'),
('103939765', '953', 'quia', 'Sí', 'No', 'Campo de Golf', 'No', 'Sí', '1972-07-29 18:29:12'),
('106449432', '277', 'et', 'Sí', 'No', 'Gimnasio', 'Sí', 'No', '1985-09-22 21:22:26'),
('106646255', '329', 'animi', 'Sí', 'Sí', 'Gimnasio', 'No', 'No', '1979-07-06 03:04:55'),
('108792401', '82', 'doloribus', 'No', 'Sí', 'Gimnasio', 'No', 'No', '1981-10-05 22:20:33'),
('116695114', '21', 'sapiente', 'No', 'No', 'Spa', 'Sí', 'Sí', '2007-04-15 01:13:37'),
('116912582', '659', 'pariatur', 'No', 'Sí', 'Pista de tenis', 'No', 'No', '2018-05-21 00:26:41'),
('120186699', '957', 'voluptas', 'No', 'Sí', 'Gimnasio', 'Sí', 'Sí', '2000-08-22 03:17:16'),
('127742819', '118', 'veritatis', 'No', 'Sí', 'Restaurante', 'No', 'No', '2012-07-19 06:51:22'),
('129057404', '435', 'vel', 'No', 'Sí', 'Pista de pádel', 'Sí', 'Sí', '2004-06-26 23:32:52'),
('137073792', '108', 'rerum', 'Sí', 'Sí', 'Piscina', 'No', 'Sí', '1995-11-08 03:22:28'),
('137561155', '120', 'facilis', 'No', 'Sí', 'Pista de tenis', 'No', 'Sí', '1979-05-25 11:59:03'),
('140541361', '805', 'odio', 'No', 'Sí', 'Pista de pádel', 'No', 'No', '2000-09-02 00:10:57'),
('141110557', '569', 'molestiae', 'No', 'No', 'Piscina', 'Sí', 'Sí', '1981-08-26 03:54:06'),
('141618949', '399', 'nostrum', 'No', 'No', 'Piscina', 'Sí', 'Sí', '1995-08-18 21:25:40'),
('147811515', '871', 'rerum', 'No', 'No', 'Pista de pádel', 'Sí', 'No', '1999-12-01 06:22:10'),
('151133155', '494', 'ipsum', 'No', 'Sí', 'Gimnasio', 'Sí', 'No', '1998-03-26 11:37:00'),
('151888879', '297', 'numquam', 'Sí', 'No', 'Gimnasio', 'Sí', 'Sí', '2011-07-14 15:51:29'),
('154319006', '474', 'hic', 'No', 'No', 'Spa', 'Sí', 'No', '2003-02-05 16:16:44'),
('154446053', '335', 'fugit', 'No', 'No', 'Piscina', 'Sí', 'No', '2018-10-02 02:22:32'),
('155873592', '666', 'similique', 'Sí', 'Sí', 'Gimnasio', 'No', 'No', '2009-06-02 16:18:18'),
('156511217', '433', 'et', 'Sí', 'Sí', 'Pista de tenis', 'Sí', 'No', '2011-06-14 06:29:51'),
('157510788', '817', 'voluptate', 'Sí', 'No', 'Campo de Golf', 'No', 'No', '1974-02-18 14:31:20'),
('158230915', '892', 'odio', 'No', 'Sí', 'Pista de pádel', 'Sí', 'No', '2000-04-26 00:55:19'),
('159648121', '453', 'consequatur', 'No', 'No', 'Campo de Golf', 'Sí', 'Sí', '1970-11-03 11:33:04'),
('168342232', '734', 'et', 'No', 'Sí', 'Restaurante', 'No', 'Sí', '2013-07-26 10:03:41'),
('169371929', '723', 'odio', 'No', 'No', 'Piscina', 'Sí', 'Sí', '1970-04-13 03:33:54'),
('175528814', '357', 'rerum', 'No', 'No', 'Restaurante', 'Sí', 'Sí', '1990-01-31 01:06:07'),
('182002537', '683', 'vero', 'No', 'No', 'Pista de tenis', 'Sí', 'Sí', '1985-11-15 20:06:05'),
('182205200', '521', 'ut', 'Sí', 'No', 'Pista de pádel', 'No', 'Sí', '2019-03-03 07:09:16'),
('183649722', '688', 'sint', 'No', 'Sí', 'Piscina', 'No', 'No', '1990-07-28 21:31:57'),
('184867458', '498', 'voluptatem', 'No', 'No', 'Campo de Golf', 'Sí', 'No', '1970-01-07 00:53:30'),
('186262652', '231', 'reiciendis', 'Sí', 'Sí', 'Pista de pádel', 'No', 'No', '2008-09-24 06:34:09'),
('186411222', '678', 'harum', 'Sí', 'Sí', 'Spa', 'No', 'No', '1995-10-21 17:48:20'),
('187880483', '859', 'voluptas', 'No', 'Sí', 'Gimnasio', 'Sí', 'No', '2010-10-20 07:56:47'),
('189896780', '117', 'maxime', 'Sí', 'No', 'Gimnasio', 'Sí', 'Sí', '1988-04-22 05:46:53'),
('192590886', '48', 'vel', 'No', 'Sí', 'Gimnasio', 'Sí', 'Sí', '1985-01-15 22:45:06'),
('192893433', '283', 'saepe', 'No', 'Sí', 'Pista de pádel', 'No', 'Sí', '1975-01-11 14:50:52'),
('194059162', '585', 'omnis', 'No', 'Sí', 'Restaurante', 'Sí', 'No', '2009-08-08 08:57:52'),
('195488218', '648', 'dolorum', 'Sí', 'Sí', 'Pista de pádel', 'No', 'Sí', '2008-08-06 16:12:32'),
('197863014', '217', 'officia', 'No', 'No', 'Restaurante', 'No', 'Sí', '2007-06-14 22:56:59'),
('201480418', '556', 'quae', 'No', 'No', 'Gimnasio', 'Sí', 'No', '1989-02-14 02:01:48'),
('202020877', '829', 'perferendis', 'Sí', 'No', 'Restaurante', 'No', 'Sí', '2016-11-07 19:25:57'),
('202689793', '6', 'architecto', 'Sí', 'No', 'Piscina', 'Sí', 'Sí', '1990-11-23 06:56:58'),
('204671922', '573', 'et', 'No', 'No', 'Piscina', 'Sí', 'Sí', '2010-04-09 13:29:32'),
('205686742', '933', 'consectetur', 'No', 'No', 'Piscina', 'No', 'Sí', '2008-03-05 01:02:24'),
('214836269', '349', 'et', 'No', 'Sí', 'Pista de pádel', 'Sí', 'Sí', '1980-02-14 03:39:24'),
('216254501', '578', 'dignissimos', 'Sí', 'Sí', 'Gimnasio', 'Sí', 'No', '2015-11-06 07:54:59'),
('225192625', '961', 'iure', 'Sí', 'No', 'Pista de pádel', 'No', 'No', '1991-08-19 00:27:25'),
('231958232', '158', 'est', 'Sí', 'No', 'Restaurante', 'Sí', 'No', '2003-09-05 12:58:16'),
('232096461', '31', 'qui', 'Sí', 'Sí', 'Campo de Golf', 'Sí', 'Sí', '1985-07-25 10:59:28'),
('233120476', '934', 'corporis', 'Sí', 'Sí', 'Campo de Golf', 'Sí', 'No', '2009-08-03 08:11:02'),
('236264082', '672', 'officiis', 'No', 'No', 'Restaurante', 'No', 'No', '1988-01-06 20:15:42'),
('238768447', '628', 'temporibus', 'Sí', 'Sí', 'Pista de pádel', 'Sí', 'Sí', '1974-04-21 04:39:43'),
('246827166', '408', 'labore', 'No', 'No', 'Spa', 'No', 'Sí', '1989-09-06 06:28:04'),
('247144372', '203', 'et', 'No', 'Sí', 'Piscina', 'No', 'No', '2014-12-11 17:52:21'),
('247862762', '973', 'ratione', 'Sí', 'Sí', 'Pista de tenis', 'Sí', 'Sí', '2000-11-26 18:43:33'),
('252696819', '740', 'cupiditate', 'No', 'No', 'Spa', 'Sí', 'No', '2013-05-05 14:45:35'),
('258810886', '803', 'ipsum', 'No', 'Sí', 'Restaurante', 'Sí', 'Sí', '1973-05-26 05:59:15'),
('260873059', '422', 'adipisci', 'No', 'Sí', 'Campo de Golf', 'Sí', 'No', '1987-08-06 01:29:21'),
('262588883', '730', 'recusandae', 'No', 'No', 'Campo de Golf', 'Sí', 'No', '1984-06-19 06:46:12'),
('265244515', '225', 'et', 'Sí', 'Sí', 'Pista de tenis', 'No', 'No', '1990-12-26 23:05:41'),
('268916127', '57', 'nam', 'Sí', 'No', 'Piscina', 'No', 'No', '1974-03-24 20:19:37'),
('272447361', '434', 'voluptatem', 'Sí', 'Sí', 'Restaurante', 'No', 'Sí', '1975-10-03 22:18:10'),
('274074615', '158', 'sit', 'No', 'Sí', 'Spa', 'No', 'No', '2006-12-01 06:36:28'),
('275684494', '382', 'omnis', 'Sí', 'No', 'Pista de tenis', 'No', 'No', '1975-01-11 13:15:01'),
('276895295', '450', 'ducimus', 'Sí', 'Sí', 'Pista de pádel', 'No', 'No', '1992-07-24 18:20:17'),
('277078741', '66', 'laborum', 'Sí', 'Sí', 'Pista de pádel', 'No', 'Sí', '1986-03-03 11:51:39'),
('277402056', '443', 'sunt', 'No', 'Sí', 'Piscina', 'No', 'No', '1994-08-05 14:12:39'),
('277861111', '950', 'ex', 'No', 'No', 'Restaurante', 'Sí', 'Sí', '2007-10-24 08:32:05'),
('279489864', '477', 'quos', 'No', 'Sí', 'Spa', 'Sí', 'Sí', '1994-06-30 23:31:53'),
('279988426', '184', 'itaque', 'Sí', 'No', 'Pista de tenis', 'Sí', 'No', '2011-12-27 03:23:51'),
('280863001', '1', 'laboriosam', 'Sí', 'Sí', 'Campo de Golf', 'Sí', 'No', '2011-08-06 16:21:38'),
('285643996', '529', 'quas', 'No', 'Sí', 'Gimnasio', 'No', 'Sí', '2014-12-29 06:50:49'),
('294019337', '783', 'saepe', 'No', 'Sí', 'Campo de Golf', 'No', 'No', '2012-02-01 22:58:25'),
('296416136', '440', 'aliquid', 'No', 'Sí', 'Pista de pádel', 'Sí', 'No', '1987-05-25 17:30:19'),
('301378873', '934', 'deserunt', 'Sí', 'No', 'Gimnasio', 'Sí', 'Sí', '1975-03-29 07:48:23'),
('302992954', '405', 'odit', 'Sí', 'No', 'Gimnasio', 'No', 'No', '2018-04-26 12:50:58'),
('304392473', '479', 'id', 'Sí', 'Sí', 'Spa', 'Sí', 'Sí', '2014-10-22 06:56:43'),
('305064541', '531', 'eos', 'Sí', 'No', 'Pista de pádel', 'No', 'Sí', '1983-05-24 06:22:15'),
('305353278', '169', 'provident', 'No', 'No', 'Gimnasio', 'No', 'Sí', '1973-04-11 20:28:06'),
('305580167', '953', 'laboriosam', 'Sí', 'No', 'Pista de tenis', 'Sí', 'Sí', '1977-08-07 05:42:56'),
('307372105', '603', 'voluptatem', 'Sí', 'No', 'Pista de pádel', 'No', 'No', '1976-01-14 05:45:43'),
('308846244', '909', 'unde', 'Sí', 'Sí', 'Gimnasio', 'Sí', 'No', '1972-01-18 13:11:53'),
('312139211', '924', 'suscipit', 'Sí', 'Sí', 'Spa', 'No', 'Sí', '2011-05-19 02:15:16'),
('315571019', '70', 'necessitatibus', 'No', 'Sí', 'Restaurante', 'No', 'No', '1992-05-04 08:49:36'),
('315793344', '422', 'rerum', 'No', 'Sí', 'Pista de tenis', 'No', 'No', '1986-08-10 18:54:50'),
('325115469', '32', 'a', 'Sí', 'No', 'Restaurante', 'No', 'No', '1993-06-09 06:19:45'),
('325955168', '50', 'quis', 'No', 'No', 'Spa', 'Sí', 'No', '1981-01-15 00:07:51'),
('327949262', '666', 'molestias', 'Sí', 'No', 'Pista de pádel', 'No', 'Sí', '1983-02-20 23:41:08'),
('335960276', '176', 'at', 'No', 'No', 'Spa', 'No', 'Sí', '2000-02-26 06:14:39'),
('337813547', '725', 'vero', 'Sí', 'No', 'Pista de tenis', 'Sí', 'Sí', '2001-05-15 23:31:33'),
('339028209', '435', 'deserunt', 'No', 'Sí', 'Gimnasio', 'No', 'No', '1976-03-27 13:56:58'),
('340351728', '112', 'delectus', 'Sí', 'No', 'Spa', 'Sí', 'No', '1972-05-13 00:21:56'),
('346047075', '291', 'rerum', 'No', 'Sí', 'Spa', 'Sí', 'No', '2000-06-11 21:09:46'),
('348371444', '61', 'tempore', 'Sí', 'No', 'Pista de pádel', 'No', 'No', '1996-02-26 16:09:52'),
('356347506', '139', 'praesentium', 'No', 'Sí', 'Campo de Golf', 'Sí', 'No', '2008-09-06 03:14:20'),
('357756381', '915', 'harum', 'Sí', 'No', 'Restaurante', 'Sí', 'Sí', '2013-01-09 03:12:54'),
('362069360', '317', 'facilis', 'Sí', 'No', 'Gimnasio', 'Sí', 'Sí', '1970-07-18 15:35:29'),
('362833164', '437', 'pariatur', 'Sí', 'Sí', 'Piscina', 'No', 'No', '2013-08-12 20:31:16'),
('366285563', '484', 'ratione', 'No', 'Sí', 'Pista de tenis', 'No', 'No', '2004-04-06 08:00:30'),
('367034717', '173', 'atque', 'No', 'No', 'Pista de pádel', 'No', 'No', '2019-02-07 13:51:06'),
('367302512', '147', 'quis', 'Sí', 'Sí', 'Piscina', 'Sí', 'Sí', '1989-08-03 12:09:02'),
('368018269', '429', 'molestias', 'No', 'No', 'Campo de Golf', 'Sí', 'No', '1989-02-28 20:31:29'),
('368222721', '286', 'minima', 'No', 'Sí', 'Restaurante', 'No', 'Sí', '2013-11-03 04:45:53'),
('373844219', '324', 'enim', 'Sí', 'Sí', 'Pista de pádel', 'No', 'No', '1976-08-05 07:47:20'),
('375869095', '36', 'repellendus', 'No', 'Sí', 'Piscina', 'Sí', 'No', '1988-12-20 03:38:45'),
('382420338', '535', 'nisi', 'Sí', 'Sí', 'Spa', 'No', 'Sí', '1989-11-01 22:47:32'),
('383056024', '564', 'nobis', 'Sí', 'No', 'Gimnasio', 'No', 'Sí', '2019-06-27 16:42:06'),
('383994373', '44', 'aliquam', 'No', 'Sí', 'Spa', 'No', 'Sí', '2016-12-23 22:23:52'),
('386549796', '501', 'et', 'Sí', 'Sí', 'Piscina', 'Sí', 'No', '2007-02-04 01:37:24'),
('390753662', '229', 'aperiam', 'No', 'Sí', 'Pista de tenis', 'Sí', 'Sí', '2010-10-15 00:51:53'),
('390862556', '513', 'recusandae', 'No', 'No', 'Campo de Golf', 'No', 'No', '2006-06-04 16:09:52'),
('394316659', '969', 'quae', 'Sí', 'Sí', 'Campo de Golf', 'Sí', 'Sí', '1983-02-28 06:01:35'),
('394344519', '300', 'eligendi', 'No', 'No', 'Spa', 'Sí', 'Sí', '1983-06-10 04:41:12'),
('396035066', '940', 'similique', 'Sí', 'No', 'Pista de pádel', 'Sí', 'Sí', '2015-10-24 05:54:23'),
('396392220', '363', 'quo', 'Sí', 'Sí', 'Campo de Golf', 'No', 'Sí', '1996-08-04 21:25:32'),
('396642361', '734', 'quos', 'No', 'No', 'Pista de tenis', 'No', 'No', '1987-08-21 22:36:17'),
('397882919', '250', 'maiores', 'No', 'No', 'Pista de tenis', 'No', 'No', '1999-10-03 21:13:46'),
('403090819', '839', 'id', 'Sí', 'No', 'Pista de pádel', 'Sí', 'No', '1975-03-19 21:44:56'),
('405803075', '470', 'mollitia', 'Sí', 'Sí', 'Campo de Golf', 'No', 'Sí', '1989-01-03 13:43:30'),
('408482935', '896', 'ipsa', 'Sí', 'Sí', 'Campo de Golf', 'No', 'Sí', '2012-03-16 03:18:27'),
('411424799', '128', 'et', 'Sí', 'Sí', 'Piscina', 'No', 'Sí', '1970-08-17 01:36:19'),
('414826427', '683', 'odit', 'Sí', 'No', 'Piscina', 'No', 'No', '1970-09-02 04:24:59'),
('414935528', '869', 'autem', 'No', 'No', 'Spa', 'Sí', 'No', '1986-11-09 22:10:55'),
('421229169', '669', 'dolores', 'Sí', 'No', 'Pista de tenis', 'Sí', 'No', '1976-12-13 23:35:52'),
('423564136', '519', 'totam', 'No', 'Sí', 'Piscina', 'No', 'Sí', '2004-09-13 07:54:49'),
('425756115', '263', 'mollitia', 'No', 'Sí', 'Restaurante', 'Sí', 'Sí', '1978-10-23 17:08:54'),
('430204953', '238', 'rerum', 'No', 'No', 'Gimnasio', 'No', 'No', '2018-10-24 07:27:29'),
('432477074', '958', 'in', 'No', 'Sí', 'Gimnasio', 'Sí', 'No', '1996-04-17 07:43:13'),
('435360898', '760', 'officiis', 'No', 'Sí', 'Piscina', 'Sí', 'Sí', '1984-07-28 04:28:36'),
('437851451', '38', 'voluptas', 'No', 'No', 'Restaurante', 'Sí', 'Sí', '2004-03-13 09:08:28'),
('438584957', '248', 'consequatur', 'No', 'Sí', 'Piscina', 'Sí', 'No', '2008-10-17 04:20:47'),
('438783704', '701', 'nam', 'No', 'Sí', 'Restaurante', 'Sí', 'No', '2021-01-21 14:40:59'),
('442056632', '104', 'odit', 'No', 'No', 'Pista de pádel', 'No', 'Sí', '2012-04-26 11:41:18'),
('444468380', '49', 'eius', 'Sí', 'No', 'Piscina', 'No', 'Sí', '1982-12-20 14:07:40'),
('448571502', '89', 'quia', 'No', 'No', 'Pista de pádel', 'No', 'Sí', '1977-05-20 21:10:57'),
('449430655', '691', 'tempora', 'Sí', 'No', 'Spa', 'Sí', 'No', '1997-04-15 13:39:03'),
('449758089', '922', 'dolor', 'Sí', 'Sí', 'Pista de tenis', 'Sí', 'No', '1997-09-10 15:49:21'),
('450816309', '925', 'quo', 'Sí', 'Sí', 'Gimnasio', 'Sí', 'No', '1974-03-08 16:27:05'),
('452786872', '54', 'distinctio', 'Sí', 'Sí', 'Pista de pádel', 'No', 'Sí', '1978-01-21 09:05:31'),
('455173273', '985', 'debitis', 'No', 'Sí', 'Campo de Golf', 'Sí', 'No', '1971-06-05 18:42:05'),
('455937762', '574', 'tempore', 'No', 'Sí', 'Campo de Golf', 'Sí', 'No', '2002-06-24 12:57:05'),
('457353277', '661', 'non', 'No', 'No', 'Pista de pádel', 'No', 'No', '2001-03-02 06:23:14'),
('458413717', '583', 'adipisci', 'Sí', 'No', 'Pista de tenis', 'No', 'No', '1994-09-30 12:48:23'),
('462530109', '91', 'necessitatibus', 'No', 'Sí', 'Pista de pádel', 'No', 'Sí', '1999-01-22 09:22:05'),
('467816861', '958', 'ab', 'No', 'Sí', 'Campo de Golf', 'No', 'Sí', '2009-01-25 15:52:07'),
('469095173', '842', 'odit', 'Sí', 'No', 'Gimnasio', 'Sí', 'Sí', '1987-01-22 03:17:32'),
('477244820', '427', 'qui', 'Sí', 'No', 'Campo de Golf', 'No', 'Sí', '1971-05-23 18:40:11'),
('478511703', '878', 'aliquid', 'No', 'Sí', 'Pista de tenis', 'No', 'No', '2015-04-11 15:14:52'),
('479170623', '117', 'quia', 'Sí', 'No', 'Campo de Golf', 'Sí', 'No', '1986-01-14 03:03:16'),
('479802701', '810', 'suscipit', 'No', 'Sí', 'Piscina', 'Sí', 'Sí', '1989-07-08 11:32:53'),
('481174946', '374', 'est', 'No', 'Sí', 'Restaurante', 'No', 'Sí', '1982-05-29 10:35:53'),
('484085029', '532', 'nihil', 'No', 'No', 'Pista de pádel', 'Sí', 'Sí', '1993-03-12 00:03:31'),
('487094093', '354', 'eum', 'Sí', 'Sí', 'Restaurante', 'No', 'No', '2013-05-13 12:32:13'),
('487628982', '556', 'quidem', 'No', 'No', 'Gimnasio', 'Sí', 'Sí', '1971-03-31 14:34:00'),
('491321909', '782', 'aspernatur', 'Sí', 'No', 'Campo de Golf', 'No', 'No', '1983-05-22 17:38:16'),
('493084762', '255', 'adipisci', 'Sí', 'Sí', 'Spa', 'Sí', 'Sí', '2015-10-13 19:38:08'),
('495478777', '847', 'autem', 'Sí', 'Sí', 'Piscina', 'No', 'Sí', '1987-10-27 05:17:20'),
('495548945', '618', 'eius', 'Sí', 'No', 'Pista de pádel', 'No', 'Sí', '1992-07-10 11:04:39'),
('507065686', '423', 'in', 'Sí', 'Sí', 'Spa', 'No', 'No', '1979-12-18 01:34:20'),
('508297709', '869', 'expedita', 'No', 'No', 'Gimnasio', 'No', 'Sí', '1983-01-26 14:05:13');

-- --------------------------------------------------------

--
-- Estructura de tabla para la tabla `espacio_trabajo`
--

DROP TABLE IF EXISTS `espacio_trabajo`;
CREATE TABLE IF NOT EXISTS `espacio_trabajo` (
  `ID_ESPACIO` varchar(9) COLLATE utf8_spanish_ci NOT NULL,
  `TIPO` enum('ADMINISTRATIVO','SERVICIOS','DIRECCION') COLLATE utf8_spanish_ci NOT NULL,
  PRIMARY KEY (`ID_ESPACIO`)
) ENGINE=InnoDB DEFAULT CHARSET=utf8 COLLATE=utf8_spanish_ci;

-- --------------------------------------------------------

--
-- Estructura de tabla para la tabla `habitacion`
--

DROP TABLE IF EXISTS `habitacion`;
CREATE TABLE IF NOT EXISTS `habitacion` (
  `ID_ESPACIO` varchar(9) COLLATE utf8_spanish_ci NOT NULL,
  `TIPO` enum('INDIVIDUAL','DOBLE','TRIPLE','CUADRUPLE') COLLATE utf8_spanish_ci NOT NULL,
  `ES_SUITE` enum('Sí','No') COLLATE utf8_spanish_ci NOT NULL,
  `ES_COMPARTIDO` enum('Sí','No') COLLATE utf8_spanish_ci NOT NULL,
  `BANHO_COMPARTIDO` enum('Sí','No') COLLATE utf8_spanish_ci NOT NULL,
  `TIENE_COCINA` enum('Sí','No') COLLATE utf8_spanish_ci NOT NULL,
  `ULTIMA_ACTUALIZACION` timestamp NOT NULL DEFAULT current_timestamp() ON UPDATE current_timestamp(),
  PRIMARY KEY (`ID_ESPACIO`)
) ENGINE=InnoDB DEFAULT CHARSET=utf8 COLLATE=utf8_spanish_ci;

--
-- Volcado de datos para la tabla `habitacion`
--

INSERT INTO `habitacion` (`ID_ESPACIO`, `TIPO`, `ES_SUITE`, `ES_COMPARTIDO`, `BANHO_COMPARTIDO`, `TIENE_COCINA`, `ULTIMA_ACTUALIZACION`) VALUES
('006266478', 'TRIPLE', 'No', 'Sí', 'No', 'Sí', '1975-04-05 12:53:29'),
('009012536', 'TRIPLE', 'No', 'Sí', 'Sí', 'No', '1980-09-02 13:47:20'),
('009970642', 'INDIVIDUAL', 'Sí', 'No', 'Sí', 'Sí', '1989-04-24 20:23:54'),
('019746769', 'TRIPLE', 'No', 'No', 'No', 'Sí', '1992-11-09 00:52:07'),
('021388781', 'TRIPLE', 'No', 'No', 'Sí', 'No', '2015-07-05 08:01:17'),
('023616881', 'CUADRUPLE', 'No', 'No', 'Sí', 'No', '2020-08-16 18:11:22'),
('023857958', 'INDIVIDUAL', 'No', 'No', 'Sí', 'No', '1997-05-11 18:24:14'),
('025816112', 'CUADRUPLE', 'Sí', 'Sí', 'No', 'Sí', '1997-02-13 15:12:17'),
('026161853', 'CUADRUPLE', 'Sí', 'No', 'No', 'No', '1977-11-30 02:53:40'),
('027114959', 'INDIVIDUAL', 'Sí', 'Sí', 'No', 'Sí', '1991-05-22 06:33:14'),
('027716537', 'TRIPLE', 'No', 'Sí', 'Sí', 'Sí', '2012-04-14 03:45:05'),
('028544426', 'TRIPLE', 'No', 'Sí', 'No', 'No', '2010-03-30 05:05:15'),
('035109023', 'INDIVIDUAL', 'Sí', 'Sí', 'Sí', 'Sí', '2003-07-28 02:26:12'),
('038967751', 'DOBLE', 'No', 'No', 'Sí', 'No', '1986-12-19 12:29:39'),
('042150418', 'INDIVIDUAL', 'No', 'Sí', 'No', 'Sí', '1984-12-02 02:51:32'),
('043722307', 'CUADRUPLE', 'Sí', 'Sí', 'Sí', 'No', '2000-11-04 14:29:53'),
('044253097', 'INDIVIDUAL', 'Sí', 'No', 'Sí', 'No', '1997-05-02 21:38:36'),
('044892469', 'INDIVIDUAL', 'No', 'Sí', 'Sí', 'Sí', '1984-04-14 07:11:36'),
('045638387', 'TRIPLE', 'Sí', 'Sí', 'Sí', 'No', '1984-01-26 19:35:01'),
('046983557', 'INDIVIDUAL', 'Sí', 'Sí', 'Sí', 'Sí', '2014-01-06 04:31:50'),
('050591146', 'DOBLE', 'No', 'Sí', 'No', 'No', '1990-10-05 03:48:22'),
('054892612', 'INDIVIDUAL', 'No', 'No', 'Sí', 'No', '1984-08-31 12:27:42'),
('058373519', 'INDIVIDUAL', 'Sí', 'Sí', 'Sí', 'No', '2019-12-16 05:57:50'),
('062551750', 'INDIVIDUAL', 'No', 'Sí', 'No', 'Sí', '2010-01-02 08:28:58'),
('062680726', 'DOBLE', 'Sí', 'Sí', 'No', 'Sí', '2020-10-30 16:14:37'),
('064461365', 'TRIPLE', 'No', 'Sí', 'No', 'No', '2018-07-27 01:04:16'),
('065504977', 'CUADRUPLE', 'No', 'No', 'Sí', 'Sí', '2016-07-07 19:34:24'),
('067140206', 'TRIPLE', 'No', 'Sí', 'No', 'No', '1979-01-25 11:36:01'),
('072262117', 'DOBLE', 'Sí', 'Sí', 'Sí', 'Sí', '2016-07-02 08:50:27'),
('082474089', 'INDIVIDUAL', 'No', 'No', 'No', 'No', '2018-11-11 10:13:18'),
('085742042', 'DOBLE', 'Sí', 'Sí', 'Sí', 'Sí', '2011-09-23 16:26:30'),
('088111851', 'CUADRUPLE', 'Sí', 'Sí', 'No', 'No', '2004-12-31 01:03:56'),
('088649618', 'DOBLE', 'Sí', 'No', 'No', 'No', '2016-02-25 11:26:25'),
('089256015', 'CUADRUPLE', 'No', 'No', 'No', 'No', '1985-02-16 11:01:35'),
('089404976', 'INDIVIDUAL', 'No', 'Sí', 'No', 'No', '1999-04-11 05:55:35'),
('092763369', 'DOBLE', 'Sí', 'No', 'Sí', 'No', '2011-03-26 16:01:52'),
('093531812', 'CUADRUPLE', 'No', 'No', 'No', 'No', '1992-07-29 19:57:54'),
('093966782', 'TRIPLE', 'No', 'Sí', 'Sí', 'No', '2018-10-23 03:02:36'),
('103826167', 'CUADRUPLE', 'Sí', 'No', 'No', 'Sí', '1973-01-15 16:04:23'),
('103939765', 'CUADRUPLE', 'Sí', 'No', 'Sí', 'Sí', '2004-01-22 08:29:56'),
('106449432', 'CUADRUPLE', 'Sí', 'Sí', 'Sí', 'No', '2019-01-30 02:48:50'),
('106646255', 'DOBLE', 'Sí', 'Sí', 'Sí', 'Sí', '1984-11-15 16:32:19'),
('108792401', 'INDIVIDUAL', 'Sí', 'No', 'Sí', 'Sí', '2012-03-16 08:39:26'),
('116695114', 'DOBLE', 'Sí', 'No', 'No', 'Sí', '1972-04-10 16:53:01'),
('116912582', 'INDIVIDUAL', 'No', 'Sí', 'No', 'No', '2019-09-17 18:51:54'),
('120186699', 'DOBLE', 'Sí', 'No', 'No', 'Sí', '2003-04-11 14:03:47'),
('127742819', 'TRIPLE', 'No', 'Sí', 'Sí', 'Sí', '2000-02-15 19:36:21'),
('129057404', 'TRIPLE', 'Sí', 'Sí', 'No', 'Sí', '1999-07-24 08:48:17'),
('137073792', 'TRIPLE', 'No', 'Sí', 'No', 'Sí', '1998-03-11 11:59:08'),
('137561155', 'TRIPLE', 'Sí', 'Sí', 'Sí', 'No', '1976-09-14 03:32:35'),
('140541361', 'DOBLE', 'No', 'Sí', 'Sí', 'No', '1990-08-01 21:23:49'),
('141110557', 'INDIVIDUAL', 'No', 'Sí', 'No', 'Sí', '2009-06-11 10:54:24'),
('141618949', 'DOBLE', 'Sí', 'No', 'No', 'No', '2013-04-01 22:35:41'),
('147811515', 'DOBLE', 'Sí', 'Sí', 'No', 'No', '1984-07-31 16:35:59'),
('151133155', 'INDIVIDUAL', 'No', 'Sí', 'No', 'No', '1993-07-16 15:02:50'),
('151888879', 'TRIPLE', 'Sí', 'No', 'Sí', 'Sí', '1999-03-11 22:18:06'),
('154319006', 'DOBLE', 'Sí', 'Sí', 'No', 'No', '2003-06-04 10:35:53'),
('154446053', 'INDIVIDUAL', 'Sí', 'No', 'Sí', 'Sí', '1975-03-15 04:07:07'),
('155873592', 'DOBLE', 'No', 'No', 'No', 'No', '1995-11-26 04:55:46'),
('156511217', 'TRIPLE', 'No', 'No', 'No', 'Sí', '1995-10-22 00:45:03'),
('157510788', 'CUADRUPLE', 'Sí', 'No', 'Sí', 'No', '2019-12-08 05:31:21'),
('158230915', 'INDIVIDUAL', 'No', 'No', 'No', 'No', '2015-10-10 02:45:08'),
('159648121', 'TRIPLE', 'No', 'Sí', 'Sí', 'No', '1972-07-13 05:49:59'),
('168342232', 'INDIVIDUAL', 'No', 'No', 'No', 'Sí', '2008-08-14 02:25:35'),
('169371929', 'CUADRUPLE', 'Sí', 'Sí', 'No', 'Sí', '2005-10-15 06:48:17'),
('175528814', 'CUADRUPLE', 'No', 'Sí', 'No', 'No', '2012-04-09 19:37:40'),
('182002537', 'INDIVIDUAL', 'Sí', 'Sí', 'Sí', 'No', '1977-03-11 18:18:23'),
('182205200', 'DOBLE', 'No', 'No', 'No', 'No', '2006-12-22 22:49:19'),
('183649722', 'INDIVIDUAL', 'No', 'Sí', 'No', 'Sí', '1986-05-25 07:56:13'),
('184867458', 'INDIVIDUAL', 'Sí', 'No', 'Sí', 'No', '1971-03-02 14:57:02'),
('186262652', 'DOBLE', 'No', 'Sí', 'No', 'No', '1991-02-18 15:21:26'),
('186411222', 'CUADRUPLE', 'No', 'No', 'No', 'No', '1990-06-04 17:04:13'),
('187880483', 'INDIVIDUAL', 'Sí', 'No', 'Sí', 'No', '2004-01-23 13:20:17'),
('189896780', 'DOBLE', 'No', 'No', 'No', 'Sí', '1987-04-22 17:26:33'),
('192590886', 'CUADRUPLE', 'No', 'No', 'Sí', 'Sí', '1976-08-21 12:25:23'),
('192893433', 'TRIPLE', 'Sí', 'Sí', 'Sí', 'No', '2012-07-30 03:30:37'),
('194059162', 'CUADRUPLE', 'No', 'No', 'Sí', 'No', '1990-09-02 15:39:57'),
('195488218', 'CUADRUPLE', 'Sí', 'No', 'No', 'Sí', '2018-04-09 15:11:58'),
('197863014', 'TRIPLE', 'Sí', 'Sí', 'No', 'Sí', '1981-11-18 20:21:57'),
('201480418', 'DOBLE', 'Sí', 'No', 'Sí', 'Sí', '1991-03-22 10:16:20'),
('202020877', 'TRIPLE', 'No', 'No', 'Sí', 'No', '2011-11-03 07:34:26'),
('202689793', 'INDIVIDUAL', 'No', 'No', 'Sí', 'No', '1986-12-15 15:31:05'),
('204671922', 'CUADRUPLE', 'No', 'Sí', 'No', 'No', '1979-04-30 23:30:27'),
('205686742', 'TRIPLE', 'Sí', 'Sí', 'No', 'No', '1976-08-07 21:07:19'),
('214836269', 'INDIVIDUAL', 'No', 'No', 'Sí', 'No', '1975-12-22 21:23:38'),
('216254501', 'DOBLE', 'Sí', 'Sí', 'Sí', 'Sí', '2019-02-09 01:11:25'),
('225192625', 'TRIPLE', 'Sí', 'Sí', 'No', 'Sí', '1990-09-18 07:43:16'),
('231958232', 'DOBLE', 'No', 'Sí', 'No', 'Sí', '2006-06-28 19:00:50'),
('232096461', 'CUADRUPLE', 'No', 'No', 'No', 'No', '2006-04-21 09:04:16'),
('233120476', 'TRIPLE', 'Sí', 'No', 'No', 'Sí', '1988-01-12 10:32:17'),
('236264082', 'CUADRUPLE', 'Sí', 'No', 'No', 'No', '2010-09-28 13:17:02'),
('238768447', 'INDIVIDUAL', 'No', 'No', 'No', 'Sí', '2014-06-19 15:04:27'),
('246827166', 'DOBLE', 'Sí', 'Sí', 'Sí', 'No', '2020-07-13 05:18:14'),
('247144372', 'INDIVIDUAL', 'Sí', 'Sí', 'No', 'Sí', '2010-08-03 09:59:23'),
('247862762', 'CUADRUPLE', 'No', 'Sí', 'No', 'No', '1975-09-29 18:28:29'),
('252696819', 'DOBLE', 'No', 'Sí', 'Sí', 'No', '1985-07-19 19:43:36'),
('258810886', 'TRIPLE', 'No', 'No', 'Sí', 'No', '1976-11-14 03:17:06'),
('260873059', 'DOBLE', 'Sí', 'Sí', 'Sí', 'Sí', '2018-12-17 16:55:15'),
('262588883', 'TRIPLE', 'No', 'Sí', 'No', 'No', '2009-01-10 00:16:41'),
('265244515', 'TRIPLE', 'No', 'No', 'Sí', 'Sí', '1985-10-06 05:55:20');

-- --------------------------------------------------------

--
-- Estructura de tabla para la tabla `hotel`
--

DROP TABLE IF EXISTS `hotel`;
CREATE TABLE IF NOT EXISTS `hotel` (
  `ID_HOTEL` varchar(6) COLLATE utf8_spanish_ci NOT NULL,
  `CALLE` varchar(32) COLLATE utf8_spanish_ci NOT NULL,
  `LOCALIDAD` varchar(32) COLLATE utf8_spanish_ci NOT NULL,
  `PROVINCIA` varchar(32) COLLATE utf8_spanish_ci NOT NULL,
  `ESTRELLAS` decimal(1,0) UNSIGNED NOT NULL,
  `NOMBRE` varchar(40) COLLATE utf8_spanish_ci NOT NULL,
  `DISTANCIA_PLAYA` decimal(6,1) DEFAULT NULL,
  `DISTANCIA_CENTRO` decimal(6,1) DEFAULT NULL,
  `PARKING` enum('ABIERTO','CERRADO') COLLATE utf8_spanish_ci DEFAULT NULL,
  `TRASLADO_AEROPUERTO` enum('Sí','No') COLLATE utf8_spanish_ci NOT NULL,
  `VALORACION` decimal(2,1) NOT NULL,
  `TIPO` enum('HISTORICO','CONCEPTUAL','MODERNO','TRADICIONAL') COLLATE utf8_spanish_ci NOT NULL,
  `TIENE_ASCENSOR` enum('Sí','No') COLLATE utf8_spanish_ci NOT NULL,
  `PRESUPUESTO` decimal(11,2) NOT NULL,
  `INGRESOS` decimal(11,2) NOT NULL,
  `PRES_MARKETING` decimal(11,2) NOT NULL,
  `TIENE_SH` enum('Sí','No') COLLATE utf8_spanish_ci NOT NULL,
  `ULTIMA_ACTUALIZACION` timestamp NOT NULL DEFAULT current_timestamp() ON UPDATE current_timestamp(),
  PRIMARY KEY (`ID_HOTEL`)
) ENGINE=InnoDB DEFAULT CHARSET=utf8 COLLATE=utf8_spanish_ci;

--
-- Volcado de datos para la tabla `hotel`
--

INSERT INTO `hotel` (`ID_HOTEL`, `CALLE`, `LOCALIDAD`, `PROVINCIA`, `ESTRELLAS`, `NOMBRE`, `DISTANCIA_PLAYA`, `DISTANCIA_CENTRO`, `PARKING`, `TRASLADO_AEROPUERTO`, `VALORACION`, `TIPO`, `TIENE_ASCENSOR`, `PRESUPUESTO`, `INGRESOS`, `PRES_MARKETING`, `TIENE_SH`, `ULTIMA_ACTUALIZACION`) VALUES
('000329', '9876 Upton Throughway', 'Amelieshire', 'Delaware', '3', 'Kerluke, Flatley and Konopelski', '34856.9', '46062.7', 'CERRADO', 'No', '1.1', 'TRADICIONAL', 'Sí', '648879472.75', '640311570.50', '693165992.48', 'Sí', '1990-01-12 21:43:25'),
('002139', '35373 Borer Springs', 'East Marshall', 'Arkansas', '5', 'Trantow and Sons', '67603.4', '11251.2', 'CERRADO', 'Sí', '2.4', 'MODERNO', 'No', '432650357.72', '878976291.97', '122962627.03', 'No', '1980-09-23 09:36:13'),
('016203', '354 Watson Points', 'Leilanibury', 'Indiana', '3', 'Schmeler-Koss', '43668.5', '62871.1', 'CERRADO', 'Sí', '2.9', 'CONCEPTUAL', 'Sí', '168152680.53', '686906789.53', '32508807.71', 'No', '2006-02-24 11:48:08'),
('025680', '531 Lisa Streets Apt. 162', 'Murphytown', 'NewJersey', '3', 'Kessler PLC', '55672.6', '9772.4', 'ABIERTO', 'Sí', '2.3', 'CONCEPTUAL', 'No', '717499092.30', '412388309.15', '661102363.02', 'Sí', '2000-06-09 18:00:37'),
('038070', '53165 Emiliano Glen', 'Addieshire', 'NewHampshire', '0', 'Bosco, Hartmann and Adams', '12045.7', '85559.4', 'ABIERTO', 'No', '2.7', 'TRADICIONAL', 'No', '529999417.90', '143431664.83', '624915428.59', 'Sí', '2002-09-19 10:51:37'),
('041776', '499 Everardo Valley', 'Port Isaiah', 'Pennsylvania', '0', 'Hauck-Wunsch', '78258.1', '4152.3', 'CERRADO', 'No', '2.8', 'MODERNO', 'Sí', '779746307.57', '159886971.50', '850908516.92', 'No', '1973-07-25 11:09:54'),
('043776', '37995 Gavin Stravenue', 'East Ariel', 'Illinois', '3', 'Anderson Ltd', '51610.6', '12904.5', 'CERRADO', 'Sí', '0.2', 'TRADICIONAL', 'Sí', '639777308.92', '462214149.75', '228103816.85', 'Sí', '2008-02-05 09:40:03'),
('045712', '783 Edison Crossing Suite 033', 'South Germantown', 'Nebraska', '4', 'Wolf-Mohr', '85761.5', '23264.6', 'ABIERTO', 'No', '0.2', 'HISTORICO', 'Sí', '887240268.28', '12116146.27', '555888401.05', 'No', '1984-05-14 13:04:49'),
('055062', '149 Davis Springs Suite 892', 'Enashire', 'Oregon', '0', 'Rosenbaum, Herman and Thompson', '45539.7', '53883.4', 'ABIERTO', 'No', '3.1', 'HISTORICO', 'No', '898635338.05', '341890806.15', '431852124.40', 'No', '1994-03-06 16:21:27'),
('055403', '5144 Nora Unions Apt. 272', 'Lonzoview', 'Michigan', '1', 'Mosciski Ltd', '57105.6', '2451.0', 'ABIERTO', 'No', '3.6', 'CONCEPTUAL', 'Sí', '89802410.87', '901268268.45', '700525736.53', 'Sí', '2004-04-15 20:43:21'),
('066510', '4589 Aufderhar Harbor Apt. 941', 'East Nicholausberg', 'Tennessee', '4', 'Price LLC', '50042.7', '91622.1', 'CERRADO', 'Sí', '0.2', 'HISTORICO', 'No', '135015902.97', '674005737.63', '652692824.72', 'No', '1972-07-05 23:48:25'),
('066922', '75280 Zboncak Station Suite 166', 'East Hermanberg', 'Wyoming', '0', 'Runte-Toy', '23817.2', '4095.5', 'ABIERTO', 'Sí', '1.1', 'MODERNO', 'Sí', '654736137.60', '679631913.65', '900124101.88', 'No', '1994-09-10 22:38:40'),
('070407', '388 Bill Port Suite 076', 'Lake Cameron', 'Alaska', '3', 'Boyle Inc', '102.6', '99724.2', 'ABIERTO', 'No', '0.8', 'MODERNO', 'Sí', '119304301.62', '677180770.42', '493669789.02', 'Sí', '1997-07-23 17:37:51'),
('072446', '170 Tess Canyon Apt. 264', 'Neomaside', 'NorthDakota', '3', 'Kunze-Watsica', '97080.9', '4736.8', 'ABIERTO', 'Sí', '4.1', 'CONCEPTUAL', 'No', '94077106.51', '975227443.91', '885462747.41', 'No', '2000-07-26 10:30:59'),
('079873', '6191 Jack Spurs', 'Dickiborough', 'Florida', '5', 'Ullrich, Dare and Farrell', '76347.0', '34797.2', 'ABIERTO', 'No', '0.1', 'CONCEPTUAL', 'No', '480265188.71', '235504662.96', '109211319.07', 'Sí', '2001-02-21 00:43:51'),
('080823', '6057 Beth Gardens', 'Blandamouth', 'Wisconsin', '2', 'Davis, Feest and Considine', '17342.7', '43737.3', 'CERRADO', 'Sí', '3.5', 'MODERNO', 'Sí', '983731330.78', '274741905.13', '550244530.37', 'No', '1974-06-13 05:15:44'),
('082891', '89995 Schamberger Overpass Apt. ', 'Veumbury', 'Mississippi', '3', 'Wiegand, Bogan and Collier', '78325.2', '55187.7', 'CERRADO', 'No', '4.5', 'CONCEPTUAL', 'Sí', '564026602.71', '554006128.28', '476134282.28', 'Sí', '1981-11-07 09:41:09'),
('083949', '7976 Fadel Mountains', 'Crawfordside', 'RhodeIsland', '0', 'Gusikowski, Dietrich and Turcotte', '3803.1', '91233.8', 'CERRADO', 'Sí', '2.6', 'MODERNO', 'Sí', '796208858.06', '414144842.66', '123021024.68', 'No', '2004-03-26 22:15:29'),
('085735', '92152 Ritchie Burg', 'New Jeffrey', 'California', '5', 'Russel, Heaney and Littel', '91014.8', '21833.9', 'CERRADO', 'No', '0.9', 'CONCEPTUAL', 'No', '478752738.07', '133204789.76', '222134070.35', 'No', '2005-10-23 10:08:31'),
('088100', '352 Hilpert Mountain Apt. 530', 'East Meaghan', 'Iowa', '5', 'Heathcote Ltd', '8442.8', '42351.4', 'ABIERTO', 'Sí', '3.2', 'HISTORICO', 'No', '159362174.02', '692226114.31', '384860882.33', 'Sí', '2004-04-04 10:28:38'),
('088915', '43960 Janis Isle', 'Kreigermouth', 'Nevada', '4', 'Langworth, Deckow and O\'Conner', '51193.0', '16902.0', 'ABIERTO', 'Sí', '3.7', 'TRADICIONAL', 'No', '85541601.25', '52428522.58', '747136696.31', 'No', '1991-06-13 06:14:50'),
('093128', '17826 Konopelski Lodge Apt. 103', 'Bayerberg', 'Indiana', '3', 'Gaylord, Ruecker and Moen', '10923.9', '90772.5', 'ABIERTO', 'No', '1.1', 'MODERNO', 'No', '985830290.18', '653081917.32', '906595720.89', 'No', '1999-10-23 19:22:29'),
('093643', '4132 Jody Mission', 'Lake Artport', 'Oregon', '0', 'Zemlak-Koch', '61695.5', '44091.1', 'CERRADO', 'Sí', '1.7', 'CONCEPTUAL', 'No', '8318666.36', '936354449.45', '582386824.92', 'No', '1992-08-18 14:19:47'),
('094433', '668 Nicolas Shores', 'Fletaside', 'Arizona', '3', 'Kihn-Eichmann', '44446.8', '96776.3', 'ABIERTO', 'Sí', '3.4', 'HISTORICO', 'Sí', '483906693.03', '967202427.28', '5579788.23', 'Sí', '1973-05-12 21:11:33'),
('100481', '048 Smith Throughway Apt. 209', 'Georgetteport', 'Idaho', '3', 'Lind, Gaylord and Walker', '72844.3', '9880.9', 'ABIERTO', 'Sí', '0.3', 'TRADICIONAL', 'No', '243258293.12', '624182259.33', '823218442.99', 'No', '2015-08-20 21:16:28'),
('114234', '84338 Carter Bypass', 'North Andres', 'Tennessee', '4', 'Senger, Hudson and Balistreri', '56804.4', '27425.4', 'ABIERTO', 'No', '1.7', 'HISTORICO', 'Sí', '972535395.94', '541035934.06', '802091808.10', 'Sí', '1975-01-07 06:53:10'),
('115395', '0311 Hauck Extensions Suite 939', 'South Melanyfurt', 'NewJersey', '2', 'Koss Ltd', '55074.6', '52889.5', 'CERRADO', 'Sí', '3.3', 'HISTORICO', 'No', '706992025.58', '385404019.41', '542282514.45', 'No', '1988-03-02 01:45:37'),
('117824', '577 Abbey Creek', 'Hillsland', 'Montana', '5', 'Bednar-Lemke', '22935.3', '99585.8', 'CERRADO', 'Sí', '2.2', 'MODERNO', 'Sí', '459260257.18', '292368373.68', '496107750.31', 'Sí', '1975-04-16 17:07:29'),
('123291', '2155 Felipa Meadow', 'North Tracey', 'Arizona', '5', 'McGlynn and Sons', '64986.3', '32757.8', 'CERRADO', 'Sí', '0.8', 'MODERNO', 'Sí', '250794361.21', '304528319.11', '571170455.47', 'No', '2017-12-26 23:25:39'),
('124278', '979 Kutch Shoal Apt. 971', 'Waterstown', 'Iowa', '3', 'Hintz-Graham', '43883.9', '51724.1', 'CERRADO', 'Sí', '1.4', 'HISTORICO', 'No', '699803705.88', '744363699.64', '46167265.60', 'Sí', '1977-05-26 22:50:05'),
('132678', '99969 Goodwin Plaza Apt. 909', 'West Jaydaside', 'Washington', '3', 'Boehm-Gottlieb', '21477.4', '73888.4', 'ABIERTO', 'Sí', '0.6', 'HISTORICO', 'Sí', '339596813.36', '781646158.59', '282894078.03', 'Sí', '2021-01-01 21:22:51'),
('138311', '7796 Kris Spur Apt. 567', 'Jenkinsfurt', 'WestVirginia', '4', 'Hackett-Sipes', '47827.3', '10566.4', 'ABIERTO', 'Sí', '0.3', 'MODERNO', 'No', '78120775.48', '428112990.46', '573743756.09', 'No', '2002-05-04 04:16:26'),
('139973', '9784 Grady Stravenue Apt. 001', 'South Chynaville', 'Pennsylvania', '3', 'Yundt-Carroll', '46455.9', '77758.1', 'CERRADO', 'Sí', '0.6', 'CONCEPTUAL', 'Sí', '179312500.08', '792302219.24', '971952208.26', 'No', '2020-03-24 05:58:54'),
('143424', '1777 Kareem Motorway Suite 558', 'West Barrettville', 'Delaware', '1', 'Konopelski-Huel', '50231.2', '98942.0', 'ABIERTO', 'No', '1.6', 'MODERNO', 'No', '152882272.76', '658038113.38', '838420417.64', 'Sí', '1984-11-11 16:40:22'),
('144395', '72959 Ratke Path Suite 994', 'Rustyton', 'Kentucky', '1', 'Frami and Sons', '61545.4', '43993.7', 'ABIERTO', 'No', '1.8', 'CONCEPTUAL', 'Sí', '851014318.42', '203044626.75', '344490526.53', 'Sí', '2002-08-08 04:16:11'),
('152618', '77671 Greenholt Park Apt. 255', 'Zechariahmouth', 'Ohio', '3', 'Hamill and Sons', '84610.0', '30092.1', 'CERRADO', 'Sí', '3.7', 'MODERNO', 'Sí', '886943828.77', '673232618.36', '417785409.15', 'Sí', '2006-02-10 19:35:35'),
('152676', '34686 Hagenes Falls Apt. 886', 'Elnoraborough', 'Iowa', '4', 'Leffler, Jones and Collier', '51894.2', '43313.0', 'ABIERTO', 'Sí', '2.9', 'CONCEPTUAL', 'No', '771948663.11', '755157187.18', '684817224.38', 'No', '2005-09-10 02:10:01'),
('169154', '14677 Shaina Stream', 'Kaelynfort', 'Tennessee', '1', 'Mohr-Collier', '85040.7', '44305.7', 'CERRADO', 'No', '2.1', 'CONCEPTUAL', 'No', '865895405.41', '162118917.24', '895937530.78', 'Sí', '1973-01-28 21:59:35'),
('169469', '7371 Bailey Walks', 'Nikolausfort', 'Kentucky', '5', 'Bode-Hegmann', '57800.3', '64844.4', 'CERRADO', 'No', '3.4', 'HISTORICO', 'Sí', '696199859.12', '789987572.51', '721024827.18', 'No', '1991-08-30 11:09:33'),
('170092', '33370 Schuppe Unions Suite 875', 'Johnnyhaven', 'Nevada', '3', 'Ullrich-Kunze', '39015.7', '67063.8', 'CERRADO', 'Sí', '1.3', 'TRADICIONAL', 'No', '90853703.16', '162572953.76', '494419008.69', 'No', '1974-02-26 22:22:31'),
('170279', '517 Erling Flat', 'Fadelfort', 'Oklahoma', '4', 'Dooley, Douglas and Botsford', '80598.5', '36945.7', 'CERRADO', 'No', '4.9', 'CONCEPTUAL', 'Sí', '801552892.70', '679613823.17', '19570444.70', 'No', '1981-02-02 11:55:25'),
('172175', '09389 Kari Bridge', 'North Tyreseshire', 'Massachusetts', '3', 'Ritchie, Klocko and Wehner', '90999.8', '92453.5', 'CERRADO', 'No', '4.0', 'HISTORICO', 'Sí', '279306505.66', '509487793.97', '921465434.11', 'Sí', '1977-04-11 08:46:26'),
('178538', '97607 Jamal Center', 'Baronstad', 'Virginia', '2', 'Kirlin Group', '74697.1', '18503.6', 'ABIERTO', 'Sí', '3.3', 'TRADICIONAL', 'Sí', '220020533.89', '790377615.06', '452372987.98', 'No', '1993-04-08 13:40:55'),
('182348', '2698 Monahan Squares Suite 650', 'Murielborough', 'Tennessee', '0', 'Satterfield, Pacocha and Veum', '63530.3', '73023.0', 'ABIERTO', 'No', '0.3', 'MODERNO', 'No', '862946157.35', '816495932.20', '149083636.16', 'No', '1992-12-27 04:01:36'),
('183643', '40748 Kailee Route', 'Larkinton', 'NorthCarolina', '1', 'Huel, Sipes and Kub', '22714.6', '78867.3', 'ABIERTO', 'No', '0.8', 'CONCEPTUAL', 'No', '874455364.42', '846063583.64', '833487852.03', 'Sí', '2014-08-18 21:58:33'),
('193328', '7696 Shanahan Ridge', 'North Christopherborough', 'Mississippi', '3', 'Hermann-Harris', '4920.4', '51791.1', 'CERRADO', 'No', '3.3', 'CONCEPTUAL', 'No', '929268890.96', '995019992.28', '972724601.57', 'Sí', '2017-08-12 00:32:09'),
('199313', '134 Helena Point', 'South Wyatt', 'Vermont', '4', 'Hane, Cole and Block', '30826.4', '71993.8', 'CERRADO', 'No', '1.0', 'HISTORICO', 'Sí', '853925298.44', '187116147.38', '360423322.57', 'No', '1994-08-08 00:01:58'),
('205388', '946 Enos Skyway Apt. 982', 'Lake Itzel', 'Missouri', '0', 'West PLC', '86705.5', '40124.7', 'ABIERTO', 'Sí', '0.3', 'TRADICIONAL', 'No', '879612084.01', '179742786.94', '788851233.71', 'Sí', '2008-12-02 09:56:24'),
('224300', '6042 Joesph Pines', 'Emelystad', 'NorthCarolina', '5', 'Little PLC', '40065.5', '74391.0', 'ABIERTO', 'No', '1.1', 'CONCEPTUAL', 'No', '986903387.99', '432746616.43', '597965691.38', 'Sí', '2005-08-20 16:04:54'),
('244944', '42654 Monahan Locks Suite 126', 'Port Richmondland', 'NewMexico', '0', 'Prohaska and Sons', '56886.9', '23917.2', 'ABIERTO', 'No', '0.1', 'HISTORICO', 'No', '942729624.42', '39617865.33', '18488526.80', 'No', '2004-05-03 15:49:30'),
('245069', '053 Joelle Centers Suite 033', 'Dibbertchester', 'SouthDakota', '2', 'Legros PLC', '58105.0', '70951.8', 'CERRADO', 'Sí', '1.4', 'MODERNO', 'Sí', '777313652.50', '5703568.46', '615748873.12', 'Sí', '1974-01-26 14:31:21'),
('250865', '94435 Bartell Forks', 'Braedenport', 'Oklahoma', '4', 'Smith-Turcotte', '51549.4', '60983.5', 'CERRADO', 'Sí', '3.6', 'MODERNO', 'No', '514491929.40', '320615189.91', '546365829.82', 'Sí', '2014-11-18 10:34:34'),
('261454', '419 Eden Valley Apt. 233', 'West Estelle', 'Tennessee', '4', 'McGlynn, West and Blick', '75227.0', '40932.8', 'CERRADO', 'Sí', '0.3', 'HISTORICO', 'No', '468891915.15', '117294528.92', '320430059.28', 'No', '2020-06-23 05:28:51'),
('269210', '74298 Josephine Park Suite 967', 'Lake Marianoside', 'Wisconsin', '1', 'O\'Reilly Ltd', '5754.8', '2334.8', 'ABIERTO', 'Sí', '1.6', 'MODERNO', 'No', '635768613.44', '241009048.52', '804656070.23', 'Sí', '2018-06-21 14:36:48'),
('272571', '2779 Wintheiser Park', 'Ryanstad', 'Connecticut', '4', 'Kiehn, Lang and Erdman', '25779.1', '18526.2', 'CERRADO', 'No', '5.0', 'MODERNO', 'No', '323462312.40', '429598859.75', '792481769.85', 'No', '2013-08-11 03:02:20'),
('274150', '3749 Dickens Mountain Apt. 790', 'Wardfurt', 'Utah', '5', 'Hayes-Hauck', '63628.7', '18498.4', 'CERRADO', 'Sí', '2.6', 'HISTORICO', 'No', '222672460.02', '378148434.95', '240619780.37', 'No', '2010-01-21 07:37:56'),
('275038', '04214 Whitney Course Suite 638', 'Port Anya', 'Washington', '0', 'Koepp, O\'Reilly and Pfannerstill', '17708.2', '57262.0', 'ABIERTO', 'Sí', '0.4', 'HISTORICO', 'Sí', '629527317.02', '279936264.12', '382865605.21', 'No', '1991-02-19 20:57:11'),
('288440', '295 Kaci Trafficway Apt. 497', 'Adamfort', 'Iowa', '0', 'Hauck LLC', '65792.9', '98164.5', 'ABIERTO', 'No', '4.7', 'TRADICIONAL', 'No', '130866954.50', '469448770.61', '214430340.45', 'No', '1981-08-17 23:41:14'),
('295466', '8170 Giovanni Grove Apt. 734', 'New Caleighstad', 'Kansas', '5', 'Grimes-Graham', '71753.9', '57393.1', 'CERRADO', 'No', '0.9', 'HISTORICO', 'Sí', '66948513.46', '223937108.99', '795304133.13', 'No', '1984-01-05 18:23:21'),
('296057', '0444 Della Points', 'Rockystad', 'Georgia', '4', 'Labadie, Beer and Morar', '11987.4', '87531.1', 'CERRADO', 'Sí', '4.3', 'MODERNO', 'Sí', '381464434.58', '834439698.16', '865506461.36', 'No', '1986-04-16 23:18:51'),
('296530', '894 Raheem Street', 'Kallieville', 'Maine', '4', 'Lebsack, Nicolas and Daugherty', '82376.3', '17124.5', 'CERRADO', 'Sí', '0.1', 'MODERNO', 'Sí', '685043394.67', '339542762.19', '6731574.42', 'No', '1999-05-16 14:38:39'),
('301812', '007 Schamberger Crescent Suite 8', 'Cassinbury', 'Maryland', '2', 'Lebsack, Mann and Wolff', '16464.5', '45395.0', 'ABIERTO', 'Sí', '4.6', 'MODERNO', 'No', '175803595.59', '154747639.70', '209554423.00', 'No', '2007-04-10 15:39:10'),
('307206', '0394 Louisa Valleys Suite 032', 'South Rocioton', 'Kentucky', '3', 'Powlowski, Wehner and Beatty', '33541.3', '17370.5', 'ABIERTO', 'No', '3.6', 'HISTORICO', 'Sí', '765936674.61', '987489426.91', '164939821.14', 'Sí', '2018-01-13 04:09:49'),
('308004', '5319 Wilfrid Spur', 'Kirlintown', 'WestVirginia', '2', 'Schulist-Daniel', '97311.9', '36725.9', 'ABIERTO', 'Sí', '1.2', 'TRADICIONAL', 'No', '787812074.69', '645368032.28', '918824427.27', 'Sí', '1982-04-24 00:48:16'),
('311328', '7711 Rose Well Suite 822', 'Altheachester', 'Massachusetts', '1', 'Runolfsdottir, Vandervort and Kunde', '44006.4', '91529.8', 'ABIERTO', 'No', '3.4', 'MODERNO', 'Sí', '700885299.22', '766077607.00', '190311127.24', 'No', '2005-11-25 14:45:04'),
('319356', '7703 Marcos Dale', 'West Clydechester', 'NewHampshire', '1', 'Wiegand-Hauck', '64724.3', '13367.9', 'ABIERTO', 'Sí', '4.7', 'HISTORICO', 'No', '883778076.15', '802581580.86', '959079714.45', 'No', '1999-05-25 21:18:20'),
('326461', '444 Orn Lights', 'Brooklynmouth', 'Michigan', '3', 'Dickens PLC', '29349.1', '18414.8', 'ABIERTO', 'No', '0.3', 'MODERNO', 'No', '598129633.96', '999669440.95', '903112001.70', 'No', '2013-02-27 22:09:22'),
('327080', '251 Strosin Track', 'West Mathewburgh', 'Kansas', '0', 'Krajcik-Connelly', '21601.7', '19923.0', 'CERRADO', 'Sí', '0.1', 'MODERNO', 'Sí', '299544838.56', '950393006.63', '464906828.70', 'No', '1975-11-15 19:06:14'),
('334723', '1087 Mariela Fields', 'Shyanneside', 'Oklahoma', '1', 'Raynor, Fahey and Hilll', '52256.6', '37253.2', 'ABIERTO', 'Sí', '0.6', 'CONCEPTUAL', 'Sí', '982876742.66', '928648813.60', '820106887.75', 'Sí', '1978-05-10 22:07:31'),
('337496', '488 Giovanna Curve', 'Langburgh', 'Virginia', '2', 'Johnston, Franecki and Wilderman', '78829.5', '84018.3', 'ABIERTO', 'Sí', '5.0', 'MODERNO', 'No', '620133888.11', '599664504.32', '202009159.50', 'Sí', '2014-08-02 02:22:18'),
('342341', '0207 Kris Islands Apt. 625', 'Kacibury', 'Arizona', '5', 'Aufderhar, Hilll and Bruen', '29525.7', '13949.2', 'CERRADO', 'No', '4.6', 'CONCEPTUAL', 'No', '880298221.01', '283200102.24', '173376743.59', 'No', '2010-08-17 03:56:05'),
('350520', '961 Gottlieb Roads', 'Robertsbury', 'Florida', '2', 'Rolfson-Koepp', '56554.4', '50318.2', 'ABIERTO', 'No', '1.3', 'CONCEPTUAL', 'No', '427014843.80', '950684632.13', '505237805.85', 'Sí', '1986-12-19 16:24:45'),
('352504', '467 Aufderhar Cove', 'Walkerstad', 'Oregon', '2', 'Treutel, Padberg and Wuckert', '56566.4', '51269.4', 'ABIERTO', 'Sí', '2.4', 'CONCEPTUAL', 'No', '733304314.39', '479553269.90', '572396755.38', 'No', '1976-07-31 11:02:55'),
('354687', '1606 Davis Curve', 'Ciceroberg', 'Maine', '5', 'White LLC', '78731.3', '84676.2', 'ABIERTO', 'No', '1.7', 'HISTORICO', 'No', '650701918.76', '140181551.15', '865068649.41', 'Sí', '1975-09-08 19:43:37'),
('355247', '732 Schmeler Forges Suite 406', 'Osinskimouth', 'Texas', '4', 'Weber-Mosciski', '41276.2', '64073.6', 'CERRADO', 'Sí', '0.6', 'HISTORICO', 'No', '950241663.92', '13188328.12', '966793040.69', 'No', '1984-10-02 05:10:20'),
('365693', '124 Herzog Motorway Suite 414', 'North Meaghan', 'Florida', '2', 'Harris-Russel', '28033.9', '42813.4', 'ABIERTO', 'Sí', '0.6', 'TRADICIONAL', 'No', '100529767.52', '271759207.68', '773337347.02', 'No', '2008-04-17 10:01:05'),
('366198', '078 Koss Highway', 'East Caesarchester', 'Oklahoma', '2', 'Lueilwitz-Langosh', '36283.8', '24263.7', 'ABIERTO', 'No', '1.7', 'HISTORICO', 'Sí', '133368633.62', '362453182.50', '312335538.05', 'No', '1988-09-27 15:51:04'),
('367927', '633 Mosciski Walks Apt. 217', 'Favianfort', 'Georgia', '4', 'Halvorson Inc', '69158.3', '4469.7', 'CERRADO', 'No', '3.1', 'TRADICIONAL', 'Sí', '772731517.96', '701475961.22', '782548334.96', 'No', '1985-03-15 13:39:12'),
('372161', '3627 Maegan Fords Apt. 017', 'West Ferminburgh', 'Indiana', '1', 'Tillman, Stehr and Schaden', '95322.9', '83620.7', 'CERRADO', 'Sí', '3.4', 'MODERNO', 'No', '516297009.50', '983299344.25', '542948575.87', 'No', '2003-08-08 04:40:21'),
('379036', '66385 Herman Hill', 'North Levi', 'Nevada', '4', 'Rath, Brown and O\'Conner', '3981.0', '54016.7', 'CERRADO', 'No', '3.5', 'TRADICIONAL', 'Sí', '220017736.66', '805642239.78', '984001117.70', 'No', '2012-09-30 21:38:51'),
('384320', '94543 Ledner Lane Suite 092', 'Kenyattaside', 'Kansas', '5', 'White, Boyle and Volkman', '27547.9', '96377.3', 'ABIERTO', 'Sí', '4.6', 'MODERNO', 'No', '461597996.05', '972001480.82', '676796611.04', 'Sí', '1986-07-18 13:11:27'),
('389479', '9193 Lowe Estate Apt. 850', 'Oberbrunnerfurt', 'NorthDakota', '2', 'Hackett, Hodkiewicz and Berge', '96479.7', '80738.4', 'CERRADO', 'No', '1.2', 'HISTORICO', 'Sí', '896423573.59', '297747347.34', '620264848.36', 'Sí', '1979-03-17 14:38:16'),
('390386', '8385 Kiel Parkways Suite 481', 'Parisiantown', 'Missouri', '3', 'O\'Kon, Blick and Fahey', '76050.0', '65753.9', 'ABIERTO', 'No', '0.9', 'MODERNO', 'Sí', '238414796.41', '261936505.65', '215164869.44', 'Sí', '2013-09-23 09:31:12'),
('391164', '8414 Schaden View', 'Grantfurt', 'Nebraska', '3', 'Paucek-Hodkiewicz', '83120.5', '78044.3', 'ABIERTO', 'No', '1.7', 'HISTORICO', 'No', '353338471.43', '472231935.92', '713250268.80', 'Sí', '1980-11-28 22:45:24'),
('401034', '27900 Samanta Flat Suite 143', 'West Breanna', 'Pennsylvania', '5', 'Baumbach, McDermott and Upton', '83042.7', '91125.1', 'ABIERTO', 'Sí', '3.6', 'HISTORICO', 'Sí', '253154597.58', '344545664.08', '47896787.50', 'No', '1980-02-17 11:39:46'),
('401509', '09354 Velma Turnpike Apt. 303', 'Effertzfort', 'Alaska', '4', 'Hermiston Inc', '40869.3', '85493.6', 'CERRADO', 'No', '4.0', 'HISTORICO', 'Sí', '404941355.13', '359048010.12', '215496116.20', 'No', '2016-04-27 19:31:06'),
('402848', '2709 Mazie Creek Apt. 880', 'New Arashire', 'Florida', '5', 'Gleason, Hegmann and West', '16180.8', '51195.6', 'ABIERTO', 'No', '3.1', 'TRADICIONAL', 'No', '715078075.50', '124223310.43', '805543804.11', 'No', '1979-11-25 10:42:14'),
('407310', '10216 Barton Burgs Apt. 834', 'Port Javonte', 'Mississippi', '4', 'Marvin-Ernser', '2271.2', '15058.1', 'ABIERTO', 'No', '3.9', 'TRADICIONAL', 'Sí', '972266186.44', '434740883.53', '204288917.02', 'No', '2006-12-22 22:20:56'),
('410968', '70339 Langworth Branch', 'Lelahhaven', 'Alabama', '5', 'Schoen-Hudson', '18764.1', '99496.3', 'CERRADO', 'Sí', '0.7', 'CONCEPTUAL', 'No', '263128411.35', '61533170.25', '845126690.36', 'No', '1995-01-17 07:30:25'),
('421721', '003 Flatley Viaduct Apt. 476', 'West Caesar', 'Alabama', '2', 'Lemke Ltd', '59847.7', '97341.7', 'CERRADO', 'No', '3.7', 'CONCEPTUAL', 'No', '38491307.27', '717931216.66', '695589964.84', 'No', '2018-07-28 22:30:03'),
('437025', '95004 Kuhn Glens Suite 155', 'Crooksview', 'Arkansas', '4', 'Davis, Carter and Upton', '98913.6', '12151.4', 'ABIERTO', 'No', '2.4', 'HISTORICO', 'No', '911129966.82', '554376252.63', '56793962.57', 'No', '1983-08-29 16:19:07'),
('448272', '584 Raynor Way', 'Giovannytown', 'Virginia', '3', 'Bartell PLC', '50382.7', '97902.8', 'ABIERTO', 'No', '2.0', 'TRADICIONAL', 'Sí', '219836845.88', '206783523.21', '147755935.71', 'Sí', '1988-02-14 05:29:25'),
('468142', '54487 Lucile Wells Suite 121', 'West Phoebe', 'Texas', '2', 'Medhurst, Jacobs and Rogahn', '56940.9', '70515.0', 'ABIERTO', 'Sí', '2.1', 'MODERNO', 'No', '507314657.06', '928974995.82', '787450474.73', 'No', '1995-05-10 00:13:40'),
('475721', '449 Ofelia Glen Apt. 574', 'Guidotown', 'Arkansas', '3', 'Ruecker Group', '36932.4', '96988.7', 'ABIERTO', 'Sí', '1.7', 'CONCEPTUAL', 'No', '588059064.15', '94631929.83', '818836050.60', 'No', '1986-11-26 12:13:53'),
('477686', '79746 Rex Islands', 'Kleinville', 'NewYork', '4', 'Reichel, Kunde and Pfeffer', '65770.2', '2416.4', 'ABIERTO', 'Sí', '4.9', 'HISTORICO', 'No', '710996374.11', '271452696.85', '138053031.56', 'No', '1982-11-25 22:50:24'),
('482994', '933 Dickinson Extension', 'Halvorsonfort', 'NewMexico', '2', 'Lesch-Lehner', '24423.2', '88499.5', 'CERRADO', 'No', '3.9', 'CONCEPTUAL', 'Sí', '329404471.27', '622731991.71', '924327861.02', 'No', '1988-10-01 01:19:53'),
('494980', '30766 Durgan Rue Apt. 139', 'West Kaleighland', 'Louisiana', '1', 'Gerhold, Grady and Stiedemann', '43342.3', '95316.3', 'ABIERTO', 'Sí', '3.6', 'MODERNO', 'Sí', '629135747.57', '318734588.86', '27317102.05', 'Sí', '1993-08-12 06:13:04'),
('500158', '655 Kathryne Branch', 'South Uriah', 'WestVirginia', '3', 'Batz-Goldner', '24775.9', '32286.2', 'ABIERTO', 'Sí', '0.8', 'MODERNO', 'Sí', '392276787.46', '1017687.84', '307875114.79', 'No', '1989-08-07 22:42:10'),
('501911', '887 Hansen Manor Apt. 446', 'North Layneton', 'Nebraska', '3', 'Monahan-McDermott', '87606.1', '4959.4', 'ABIERTO', 'Sí', '1.6', 'CONCEPTUAL', 'Sí', '498507448.67', '842230849.91', '909737691.26', 'Sí', '2005-03-25 12:13:57'),
('502162', '623 Kiehn Haven', 'Mayerberg', 'Ohio', '5', 'Tillman-Konopelski', '51410.1', '37357.4', 'ABIERTO', 'Sí', '3.8', 'CONCEPTUAL', 'No', '365231027.17', '821905232.99', '984909048.24', 'Sí', '2004-07-13 04:44:12'),
('502420', '1698 Runolfsdottir Walks', 'Rachelleport', 'Mississippi', '4', 'Keeling, Sawayn and Schinner', '82144.6', '19662.2', 'CERRADO', 'No', '4.0', 'CONCEPTUAL', 'No', '61121701.23', '620855350.18', '466818480.50', 'Sí', '1987-08-30 11:39:53'),
('509275', '646 Adams Skyway', 'Gabebury', 'Minnesota', '4', 'Homenick, Ruecker and Kreiger', '70294.2', '57856.4', 'ABIERTO', 'No', '0.3', 'TRADICIONAL', 'Sí', '171932900.23', '395235156.89', '914203335.04', 'No', '1996-05-12 18:20:32'),
('511502', '71665 Alexandria Points Suite 93', 'Port Rickborough', 'Tennessee', '3', 'Haley, Robel and Langworth', '62745.4', '7112.3', 'ABIERTO', 'No', '0.3', 'MODERNO', 'No', '253103806.04', '508594146.66', '129463644.63', 'No', '2020-12-27 03:27:18'),
('511670', '8413 Sam Villages Suite 834', 'Lake Yessenialand', 'NorthDakota', '0', 'Weber LLC', '80185.9', '93652.2', 'ABIERTO', 'Sí', '1.2', 'CONCEPTUAL', 'No', '672649947.57', '820949048.30', '608950831.14', 'Sí', '1980-12-06 04:40:19'),
('512005', '699 Lennie Summit', 'Lonnieburgh', 'Alaska', '2', 'Kunze, Herzog and Ortiz', '23953.9', '55625.3', 'CERRADO', 'No', '0.9', 'TRADICIONAL', 'No', '429096498.76', '74309189.30', '312963561.92', 'No', '1981-02-16 01:12:09'),
('516092', '6145 Hudson Passage Suite 512', 'Jaquantown', 'Minnesota', '3', 'Baumbach-Keebler', '1366.9', '70198.8', 'ABIERTO', 'No', '2.9', 'CONCEPTUAL', 'Sí', '701103338.13', '399237059.77', '319973582.70', 'No', '2009-06-12 10:56:53'),
('516595', '95892 Hand Ramp Suite 323', 'South Mckennaburgh', 'NewHampshire', '0', 'Rogahn Group', '55816.2', '2306.8', 'ABIERTO', 'No', '3.5', 'HISTORICO', 'No', '107727116.38', '362503049.70', '259134768.84', 'Sí', '1974-05-25 00:48:27'),
('519028', '552 Crist Manor Suite 061', 'Opheliabury', 'SouthDakota', '1', 'Murazik Group', '26486.2', '92985.7', 'ABIERTO', 'No', '3.3', 'TRADICIONAL', 'Sí', '151783252.05', '614568377.98', '593569468.39', 'No', '2002-07-04 09:31:01'),
('520781', '38666 Juliet Ridges Apt. 901', 'South Kylestad', 'Wisconsin', '3', 'Lakin Group', '20082.2', '58107.4', 'CERRADO', 'No', '2.4', 'CONCEPTUAL', 'Sí', '266433177.37', '128631043.64', '255121779.03', 'No', '2019-04-05 05:12:20'),
('529092', '18695 Twila Plaza', 'Jonasmouth', 'Wisconsin', '1', 'Powlowski, Nitzsche and Harber', '21830.7', '79626.9', 'CERRADO', 'No', '1.5', 'TRADICIONAL', 'No', '760926526.10', '235278256.58', '707866747.49', 'Sí', '1972-01-01 22:59:57'),
('533597', '510 Funk Cape', 'New Carleton', 'NewJersey', '1', 'Johns-Dooley', '9312.5', '91984.4', 'ABIERTO', 'Sí', '4.8', 'MODERNO', 'No', '325324625.07', '782179464.63', '757469133.07', 'No', '1971-03-26 06:17:52'),
('536085', '49216 Price Route Apt. 795', 'New Daphnebury', 'Colorado', '1', 'O\'Hara Inc', '35611.7', '71063.6', 'ABIERTO', 'No', '1.5', 'HISTORICO', 'Sí', '891356534.31', '270026490.41', '814816365.05', 'No', '1994-12-21 05:16:10'),
('546778', '446 Quentin Fort', 'East Esmeraldaville', 'Wisconsin', '0', 'Wuckert Group', '89986.3', '27257.4', 'CERRADO', 'Sí', '2.8', 'HISTORICO', 'No', '448373745.42', '23481280.53', '681058068.40', 'No', '1979-11-05 22:33:13'),
('567561', '583 Billy Summit Suite 739', 'North Ewellhaven', 'Florida', '4', 'Towne, Wyman and McLaughlin', '93537.5', '25480.6', 'ABIERTO', 'Sí', '2.1', 'MODERNO', 'Sí', '22380860.98', '859622282.91', '497561273.83', 'Sí', '1993-07-16 10:58:07'),
('570163', '087 Aliyah Park', 'Maximillianmouth', 'Washington', '2', 'Feest, Pollich and Dooley', '94067.2', '90547.4', 'CERRADO', 'Sí', '4.2', 'TRADICIONAL', 'No', '129322118.06', '512317248.81', '416713106.22', 'Sí', '1990-08-28 23:35:52'),
('571304', '156 Metz Estate', 'Conroyton', 'Iowa', '5', 'Schmeler-Fay', '72322.2', '15507.4', 'CERRADO', 'No', '0.3', 'MODERNO', 'No', '460991787.94', '448531884.93', '233247277.20', 'Sí', '2010-07-29 08:21:35'),
('573112', '3272 Aiyana Parkways', 'Lake Nicholas', 'RhodeIsland', '2', 'Miller-Runte', '55863.5', '52290.8', 'ABIERTO', 'Sí', '1.5', 'CONCEPTUAL', 'No', '987193448.41', '662963719.68', '632467563.86', 'No', '1986-04-23 06:40:20'),
('576470', '3019 Tromp Prairie Suite 627', 'North Cortez', 'Pennsylvania', '5', 'Ondricka LLC', '2037.5', '19362.1', 'ABIERTO', 'Sí', '2.7', 'TRADICIONAL', 'No', '700891812.42', '911369097.86', '699871220.72', 'No', '2012-01-25 04:42:24'),
('577036', '886 Kennith Lakes', 'Alexanderside', 'WestVirginia', '4', 'Huel, Bahringer and D\'Amore', '9883.5', '99495.1', 'ABIERTO', 'Sí', '2.2', 'MODERNO', 'Sí', '838544890.30', '712897570.42', '904080791.85', 'Sí', '1975-01-05 22:33:44'),
('582212', '56003 Vena Village Suite 835', 'Adityaport', 'NewMexico', '2', 'Johnston PLC', '20931.7', '96304.1', 'CERRADO', 'No', '1.8', 'CONCEPTUAL', 'Sí', '330779892.22', '114341554.64', '214885441.47', 'No', '1988-03-30 05:19:18'),
('582985', '03162 Brain Court Apt. 494', 'Cordieton', 'Ohio', '4', 'Prosacco, Gorczany and Boyle', '95871.7', '36276.8', 'CERRADO', 'No', '5.0', 'TRADICIONAL', 'Sí', '50057593.24', '729600572.57', '463032436.78', 'No', '2006-04-01 07:47:21'),
('598426', '75574 Efrain Island', 'Marquardtland', 'SouthCarolina', '0', 'Donnelly-Medhurst', '94685.5', '99399.7', 'CERRADO', 'No', '2.9', 'MODERNO', 'Sí', '256876518.81', '966844147.02', '576300530.39', 'Sí', '2003-02-22 04:20:34'),
('600988', '431 Kuhic Ridge Suite 369', 'Port Everettefort', 'Iowa', '5', 'Kirlin, Auer and Breitenberg', '60332.1', '89582.6', 'ABIERTO', 'Sí', '2.5', 'TRADICIONAL', 'No', '840995968.34', '398001286.45', '23388918.94', 'No', '2014-05-10 10:48:36'),
('603705', '14108 Elenor Flats Suite 216', 'Altaberg', 'Indiana', '0', 'Gorczany, Howell and Quigley', '17503.0', '41686.6', 'ABIERTO', 'No', '3.3', 'MODERNO', 'No', '582728562.10', '483663130.76', '418943482.23', 'Sí', '1996-03-09 21:13:04'),
('604761', '904 Misty Street', 'West Elvie', 'SouthDakota', '2', 'Murray-Konopelski', '81795.4', '30625.0', 'ABIERTO', 'Sí', '3.8', 'MODERNO', 'No', '193225027.89', '64506858.09', '956815243.65', 'Sí', '2019-07-30 07:27:09'),
('608739', '03150 Retha Glens Suite 299', 'Port Creola', 'Washington', '4', 'Dibbert Group', '36275.3', '14800.3', 'ABIERTO', 'Sí', '2.4', 'HISTORICO', 'Sí', '210873030.01', '130360804.43', '565780747.85', 'No', '1975-11-04 10:14:44'),
('608944', '09468 Ziemann Keys Suite 220', 'East Libbyhaven', 'Maine', '0', 'Emard, Parker and Medhurst', '48541.2', '4015.8', 'ABIERTO', 'Sí', '3.8', 'MODERNO', 'Sí', '982242588.36', '65785755.37', '892499093.42', 'No', '1983-09-16 00:46:10'),
('625589', '340 Sandy Gateway Apt. 889', 'Terryside', 'Massachusetts', '5', 'Marks-Stiedemann', '19391.0', '56001.2', 'ABIERTO', 'Sí', '4.1', 'CONCEPTUAL', 'No', '132941637.12', '609648297.68', '533439485.54', 'No', '1981-11-24 07:59:34'),
('637398', '372 Devon Isle Apt. 612', 'Langoshmouth', 'Hawaii', '3', 'Heidenreich Ltd', '91882.2', '72200.6', 'ABIERTO', 'Sí', '2.2', 'MODERNO', 'Sí', '536010117.45', '384291716.18', '505895623.20', 'Sí', '2006-05-26 12:06:43'),
('641086', '44684 Melany Valley Apt. 831', 'New Cortneyhaven', 'Kentucky', '1', 'Strosin-Kovacek', '43635.7', '9247.6', 'CERRADO', 'No', '2.9', 'HISTORICO', 'No', '20917382.08', '665054559.35', '239669193.39', 'Sí', '1970-04-28 05:02:11'),
('641871', '95743 Fahey Dale', 'Lake Delphia', 'NewHampshire', '0', 'Upton, Lynch and Doyle', '20977.0', '80951.0', 'CERRADO', 'No', '2.1', 'MODERNO', 'No', '156892353.12', '180103275.83', '571105882.69', 'No', '2003-05-06 20:21:41'),
('643624', '139 Tamara Plaza Suite 167', 'New Gagehaven', 'Minnesota', '0', 'Hickle Group', '50902.5', '72426.2', 'CERRADO', 'Sí', '0.9', 'HISTORICO', 'Sí', '866354718.34', '805678260.08', '513005990.73', 'No', '2013-02-04 04:43:26'),
('661708', '52125 Miller Forks', 'Sporerstad', 'Montana', '5', 'Streich, Adams and Bogisich', '9405.5', '7183.1', 'CERRADO', 'No', '3.5', 'CONCEPTUAL', 'No', '85872363.25', '249516882.80', '458911673.39', 'No', '1984-03-03 17:52:07'),
('671552', '26791 Damien Crest', 'New Linwood', 'Louisiana', '3', 'Champlin and Sons', '66962.4', '55255.0', 'ABIERTO', 'No', '2.9', 'HISTORICO', 'No', '110560569.39', '823925154.77', '305329426.03', 'Sí', '1975-03-28 10:55:53'),
('676573', '675 Walter Square', 'Goodwinfurt', 'Kentucky', '3', 'Raynor, Swift and Stracke', '25824.2', '10318.3', 'ABIERTO', 'Sí', '0.9', 'MODERNO', 'No', '83908214.65', '453958909.72', '242550045.59', 'Sí', '1977-09-14 22:36:42'),
('678409', '270 Graham Flats Apt. 243', 'Considinefurt', 'Delaware', '2', 'Cummings PLC', '37075.8', '92948.6', 'CERRADO', 'No', '1.7', 'TRADICIONAL', 'No', '458864924.72', '346581292.62', '890877623.57', 'Sí', '2016-10-03 02:02:38'),
('679825', '574 Diego Crest Apt. 162', 'Bergnaumshire', 'Georgia', '4', 'Zieme, Kunde and Cole', '86852.9', '43859.1', 'CERRADO', 'No', '1.5', 'MODERNO', 'No', '7148452.56', '721622534.18', '819113655.51', 'Sí', '1982-08-07 21:07:46'),
('682000', '816 Stamm Spurs', 'Turcotteside', 'Arizona', '1', 'Wisoky, Abbott and Bergstrom', '25360.8', '31166.4', 'CERRADO', 'Sí', '3.8', 'TRADICIONAL', 'No', '953446039.42', '550849357.79', '410173974.71', 'Sí', '1988-05-31 10:03:29'),
('688059', '915 Dietrich Junction', 'Jastside', 'Michigan', '5', 'Bogan, Hauck and Grady', '90203.7', '27667.8', 'ABIERTO', 'Sí', '0.5', 'HISTORICO', 'No', '851372246.18', '256127541.28', '781364319.43', 'No', '1986-02-15 04:34:22'),
('690474', '5340 Lula Islands', 'Port Giovanniview', 'Alaska', '4', 'Kihn-O\'Reilly', '93929.5', '39203.7', 'CERRADO', 'Sí', '2.0', 'HISTORICO', 'No', '503424541.29', '274601792.77', '65054963.31', 'No', '1973-11-10 07:39:09'),
('695328', '8921 Mario Mills', 'Waelchimouth', 'Vermont', '3', 'Cassin-Stamm', '47847.6', '3623.9', 'ABIERTO', 'Sí', '3.5', 'HISTORICO', 'Sí', '827488700.42', '425731467.79', '899975680.73', 'Sí', '1979-02-28 08:31:51'),
('707678', '30254 Lakin Crest', 'Lake Llewellyn', 'Vermont', '3', 'Harber, Price and O\'Hara', '63413.0', '1598.7', 'ABIERTO', 'Sí', '2.6', 'HISTORICO', 'Sí', '668239923.77', '599231438.39', '741868962.14', 'No', '1975-10-30 07:46:31'),
('727770', '694 Armstrong Fall', 'Emardmouth', 'Michigan', '2', 'Schultz, Nienow and Gutmann', '52816.5', '64623.8', 'CERRADO', 'No', '4.8', 'TRADICIONAL', 'Sí', '402002002.36', '537539060.41', '584886669.80', 'Sí', '2014-07-23 18:14:55'),
('730527', '35947 Witting Greens', 'East Florencio', 'Oklahoma', '2', 'Romaguera-Murazik', '95974.1', '3150.5', 'CERRADO', 'No', '3.1', 'MODERNO', 'No', '302929327.66', '721429207.91', '592256635.11', 'Sí', '2001-01-14 03:34:24'),
('731577', '296 Jesus Tunnel Suite 974', 'Marianoview', 'Montana', '2', 'Spencer, Ruecker and Buckridge', '88454.7', '30656.7', 'ABIERTO', 'No', '4.9', 'MODERNO', 'No', '630355739.16', '793636337.43', '562212376.55', 'No', '2003-12-04 20:51:49'),
('732763', '4278 Goodwin Meadows', 'Kamrenview', 'Pennsylvania', '4', 'Haley, Orn and Little', '98870.0', '84163.4', 'CERRADO', 'No', '4.4', 'TRADICIONAL', 'No', '742115904.18', '504568965.37', '470231972.38', 'Sí', '1999-05-24 20:12:42'),
('734955', '309 Claudie Cove Suite 163', 'Buckridgeborough', 'Indiana', '2', 'Stehr, Watsica and Klocko', '96163.7', '27862.5', 'CERRADO', 'Sí', '3.4', 'CONCEPTUAL', 'Sí', '622914046.65', '326580506.11', '496082997.62', 'Sí', '1989-09-09 01:15:35'),
('735599', '58971 Vidal Junctions Apt. 999', 'O\'Haraport', 'District of Columbia', '2', 'Legros-Simonis', '28109.9', '67612.1', 'CERRADO', 'No', '3.7', 'CONCEPTUAL', 'Sí', '101651471.05', '570698083.54', '433845607.33', 'Sí', '2018-11-30 17:41:41'),
('745693', '07951 Hickle Falls', 'South Thora', 'Georgia', '5', 'Oberbrunner PLC', '88662.0', '50911.9', 'CERRADO', 'Sí', '0.9', 'MODERNO', 'No', '539463425.23', '115254634.93', '316096723.38', 'No', '1985-07-14 21:50:52'),
('752533', '683 Erdman Burg Apt. 632', 'Lake Blairville', 'Delaware', '5', 'Rodriguez-Satterfield', '9977.1', '19022.6', 'ABIERTO', 'Sí', '3.0', 'HISTORICO', 'No', '854992242.07', '983304069.78', '728471661.06', 'Sí', '1999-06-27 15:07:33'),
('762159', '773 Lemke View', 'South Jaquanshire', 'Montana', '2', 'Lindgren-Simonis', '14858.7', '86767.8', 'CERRADO', 'Sí', '2.6', 'TRADICIONAL', 'Sí', '271145715.23', '847881551.84', '271360433.52', 'Sí', '1995-02-06 18:36:50'),
('768713', '2478 Cleora Mills', 'Everetteton', 'Nevada', '2', 'Greenfelder-Block', '64071.2', '12284.2', 'CERRADO', 'Sí', '1.4', 'TRADICIONAL', 'Sí', '319805521.35', '943875548.39', '578355419.61', 'No', '1998-04-11 01:02:41'),
('769844', '1866 Rico Run Suite 991', 'Dickiton', 'NewHampshire', '5', 'Dooley-Grimes', '96662.3', '22954.4', 'CERRADO', 'Sí', '3.8', 'MODERNO', 'Sí', '388134384.32', '106794689.26', '754152662.18', 'No', '2009-01-18 22:10:30'),
('771933', '196 Casimir Shore Suite 861', 'Faheyborough', 'NewYork', '2', 'Yundt Ltd', '40961.6', '95701.1', 'CERRADO', 'No', '1.8', 'TRADICIONAL', 'No', '222920780.88', '678829852.59', '163447226.78', 'No', '2017-01-18 03:43:52'),
('776748', '9158 Valerie Shoals Suite 595', 'Sawaynmouth', 'Tennessee', '3', 'Leffler PLC', '13235.4', '38244.3', 'CERRADO', 'No', '0.5', 'MODERNO', 'No', '119544832.44', '449864567.95', '944525354.50', 'Sí', '1971-11-29 00:25:06'),
('777166', '2638 Greenholt Hollow', 'Antoninatown', 'NorthDakota', '1', 'Deckow, Sporer and Schaden', '23609.9', '29076.9', 'CERRADO', 'Sí', '2.7', 'MODERNO', 'Sí', '789999728.60', '342430630.05', '540444478.10', 'No', '2001-03-24 19:29:37'),
('777468', '1751 Julius Camp Apt. 036', 'Lake Arnoldofort', 'Utah', '0', 'Hermann LLC', '43580.3', '74233.8', 'ABIERTO', 'Sí', '4.6', 'HISTORICO', 'No', '640630841.38', '484185245.10', '759389279.94', 'Sí', '1984-10-18 08:33:21'),
('785668', '334 Swaniawski Circles', 'Kadeport', 'Massachusetts', '5', 'Greenfelder-Miller', '9166.5', '87591.2', 'CERRADO', 'No', '3.7', 'TRADICIONAL', 'No', '655371994.36', '106662651.93', '466069338.59', 'No', '1984-05-05 10:39:39'),
('786882', '876 Alejandra Shores', 'East Waldoview', 'Ohio', '4', 'Hansen-McCullough', '87774.0', '46956.8', 'ABIERTO', 'Sí', '4.3', 'HISTORICO', 'No', '565949599.42', '327039466.06', '640415421.81', 'Sí', '1978-07-13 14:46:48'),
('803868', '3566 Anahi Plains', 'Johnstonland', 'Illinois', '5', 'Ledner, Thiel and Stroman', '98957.2', '26024.8', 'CERRADO', 'No', '4.0', 'CONCEPTUAL', 'No', '181551018.17', '649773927.06', '239739330.36', 'No', '2014-08-21 09:26:30'),
('805387', '79629 Patience Port Apt. 363', 'East Kelley', 'Wyoming', '5', 'Langosh, Kohler and Larkin', '73188.0', '48807.6', 'ABIERTO', 'No', '4.0', 'CONCEPTUAL', 'No', '484042403.50', '974184948.90', '236030303.75', 'No', '1981-12-20 08:54:51'),
('816807', '0388 Lubowitz Stravenue', 'Burnicemouth', 'Michigan', '0', 'Mante, Rolfson and Lebsack', '67839.2', '5722.8', 'ABIERTO', 'No', '1.5', 'TRADICIONAL', 'No', '26816211.63', '735488041.84', '71404485.93', 'No', '1982-06-20 08:50:21'),
('817009', '42919 Stroman Ville Apt. 095', 'North Cheyannebury', 'Arkansas', '1', 'Kuhlman, O\'Kon and Gottlieb', '15691.2', '22911.1', 'CERRADO', 'Sí', '0.0', 'MODERNO', 'No', '483267517.97', '24366895.66', '356523356.21', 'No', '2011-12-02 13:51:51'),
('821177', '428 Gregg Ways Apt. 199', 'Shanahanfort', 'Colorado', '2', 'Lubowitz Ltd', '14345.5', '15600.3', 'ABIERTO', 'Sí', '4.0', 'HISTORICO', 'No', '527904494.85', '592107095.90', '722447534.17', 'Sí', '2019-11-02 01:37:37'),
('830165', '1076 Tremblay Mills Suite 145', 'Myahstad', 'Utah', '2', 'Leannon-Sanford', '45019.0', '88960.9', 'ABIERTO', 'Sí', '0.7', 'MODERNO', 'Sí', '281350011.32', '98614486.35', '25981161.26', 'No', '2018-07-17 03:42:12'),
('839232', '83774 Antwon Streets', 'Port Kristystad', 'NewHampshire', '5', 'Senger, Will and Pouros', '19568.9', '76487.6', 'CERRADO', 'Sí', '0.8', 'MODERNO', 'Sí', '771993151.45', '24585060.76', '960977634.83', 'No', '1982-08-06 14:06:51'),
('846679', '6084 Gorczany Trail', 'North Daisha', 'Connecticut', '1', 'Kris PLC', '6124.4', '4680.2', 'ABIERTO', 'Sí', '0.8', 'CONCEPTUAL', 'No', '576880281.02', '694432951.60', '907950497.68', 'No', '2004-02-03 04:58:47'),
('847546', '2153 Jaylin Manors Apt. 925', 'New Hattie', 'Florida', '2', 'Hyatt-Kemmer', '4602.5', '56202.2', 'ABIERTO', 'Sí', '2.7', 'MODERNO', 'Sí', '966214356.43', '428571521.54', '319143932.61', 'Sí', '2019-08-23 21:17:13'),
('848350', '8514 Muhammad Mountains', 'Port Colton', 'NorthDakota', '5', 'Lubowitz, Buckridge and Blick', '45375.2', '7927.5', 'CERRADO', 'Sí', '0.6', 'CONCEPTUAL', 'No', '904332791.90', '370706364.31', '454725998.21', 'Sí', '1970-11-12 12:50:28'),
('862042', '4332 Bernie Avenue', 'Bettystad', 'Minnesota', '4', 'Kozey-Brakus', '63128.6', '89059.7', 'ABIERTO', 'Sí', '0.4', 'CONCEPTUAL', 'Sí', '723507212.55', '519460186.08', '425192077.88', 'No', '1990-05-10 00:43:29'),
('865590', '6687 Aliyah Ridge Apt. 712', 'South Tierra', 'Mississippi', '2', 'Collier, Murazik and Mraz', '67523.2', '15957.1', 'CERRADO', 'Sí', '0.5', 'HISTORICO', 'Sí', '465534300.29', '349733832.57', '918083109.87', 'Sí', '2019-10-30 09:50:27'),
('869190', '87387 Maggio Lodge', 'New Davionland', 'Kentucky', '0', 'Dooley PLC', '35530.0', '79422.8', 'CERRADO', 'No', '3.0', 'HISTORICO', 'No', '259627419.85', '516998741.03', '126309226.20', 'Sí', '2009-10-30 07:52:05'),
('884938', '551 Efrain Tunnel', 'Lake Christian', 'Oklahoma', '4', 'Parker, Connelly and Doyle', '89300.8', '90976.9', 'ABIERTO', 'Sí', '3.5', 'TRADICIONAL', 'Sí', '198406400.98', '680355169.45', '254017735.70', 'Sí', '1999-06-19 12:16:53'),
('887463', '102 Katharina Spur', 'East Hannah', 'Indiana', '2', 'Luettgen Ltd', '6569.7', '94618.7', 'ABIERTO', 'No', '2.2', 'HISTORICO', 'Sí', '3014093.26', '712466100.78', '548985803.67', 'Sí', '2013-05-11 03:58:09'),
('891960', '78344 Jensen Mission', 'Lake Mozelle', 'Ohio', '2', 'Thompson-Vandervort', '40808.3', '16363.9', 'CERRADO', 'Sí', '3.3', 'TRADICIONAL', 'Sí', '853038671.90', '101824024.64', '253278194.79', 'Sí', '1996-09-05 14:25:56'),
('895040', '391 Heaney Spur Apt. 430', 'Vonmouth', 'NewMexico', '5', 'Gerhold LLC', '93275.8', '15799.5', 'CERRADO', 'No', '0.2', 'CONCEPTUAL', 'Sí', '303377377.64', '774907779.93', '406785349.14', 'No', '1993-09-08 03:48:01'),
('895849', '5966 Kuvalis Harbor', 'Lake Gersonfort', 'Utah', '3', 'Leannon-Hahn', '16685.2', '47737.5', 'ABIERTO', 'No', '3.4', 'CONCEPTUAL', 'Sí', '360433997.39', '849623056.14', '281324373.41', 'No', '1991-05-17 20:05:54'),
('895868', '5436 Lori Place Suite 572', 'Elenaview', 'Iowa', '0', 'Russel, Walsh and Jacobs', '56696.3', '20693.7', 'CERRADO', 'No', '1.1', 'MODERNO', 'Sí', '402693896.34', '137200561.28', '114569570.81', 'Sí', '2007-11-25 21:33:49'),
('896974', '9515 Joany Mill Suite 042', 'East Alba', 'Indiana', '0', 'Huels, Keeling and O\'Connell', '35284.7', '88586.4', 'ABIERTO', 'No', '2.7', 'MODERNO', 'No', '333609908.64', '306108005.65', '181960276.23', 'No', '1998-12-22 19:17:24'),
('899600', '818 Dayton Place Suite 360', 'Eleanoreview', 'Alabama', '4', 'Sipes-Howe', '25840.7', '85464.9', 'ABIERTO', 'Sí', '2.0', 'TRADICIONAL', 'Sí', '196836747.59', '472999618.14', '531873697.13', 'No', '2007-06-17 05:09:13'),
('903359', '79685 Hahn Port Apt. 070', 'Fishershire', 'Minnesota', '2', 'Mueller-Pollich', '18866.1', '22642.6', 'ABIERTO', 'Sí', '3.8', 'CONCEPTUAL', 'No', '318084652.83', '605137294.30', '771856520.38', 'No', '1998-08-17 05:34:31'),
('906502', '6240 Lakin Garden Apt. 040', 'Edisonshire', 'Connecticut', '0', 'Dibbert-Fritsch', '96597.8', '29294.8', 'ABIERTO', 'Sí', '3.9', 'MODERNO', 'No', '964614638.54', '24896844.28', '462633690.55', 'No', '1976-09-28 12:12:13'),
('906667', '3405 Bernier Village', 'Connberg', 'Minnesota', '3', 'Brakus-Collins', '68599.0', '8733.9', 'ABIERTO', 'Sí', '3.7', 'HISTORICO', 'No', '87167658.33', '55713396.49', '665764979.66', 'Sí', '1997-12-18 06:43:54'),
('912490', '19571 Elna Manor', 'Collinsfort', 'Colorado', '3', 'Olson, Kuphal and Funk', '49104.2', '72772.2', 'CERRADO', 'Sí', '4.0', 'MODERNO', 'No', '642966789.78', '623395489.20', '866732746.37', 'Sí', '2004-04-01 16:05:35'),
('915147', '933 Satterfield Port Suite 549', 'North Ralph', 'Montana', '0', 'Bechtelar-Casper', '92828.7', '86299.1', 'CERRADO', 'No', '1.3', 'HISTORICO', 'No', '208789536.15', '946339040.49', '422383162.43', 'No', '1972-07-01 21:20:01'),
('917944', '2870 Mayert Lights Suite 232', 'Lake Angeloberg', 'Delaware', '3', 'Johnston PLC', '47694.8', '80858.8', 'ABIERTO', 'No', '3.0', 'MODERNO', 'No', '633478296.58', '545084355.57', '44835945.57', 'No', '2008-04-08 13:13:13'),
('925392', '55780 Watsica Ramp', 'South Cathrynfurt', 'NewJersey', '2', 'Cassin Inc', '16948.8', '21073.9', 'ABIERTO', 'No', '4.9', 'CONCEPTUAL', 'Sí', '654776101.12', '70870242.98', '279176104.66', 'Sí', '2016-05-08 10:41:33'),
('930286', '95955 Dennis Brook', 'East Laurynborough', 'RhodeIsland', '2', 'Mertz LLC', '88266.2', '71343.0', 'ABIERTO', 'No', '1.6', 'TRADICIONAL', 'Sí', '807765428.48', '991711801.32', '242973447.65', 'No', '1997-12-11 12:23:19'),
('931732', '22515 Lafayette Mountains', 'West Jaylon', 'Nebraska', '3', 'Borer and Sons', '41583.3', '6459.1', 'ABIERTO', 'No', '1.8', 'MODERNO', 'No', '341667903.87', '915060371.60', '131519749.69', 'No', '2010-07-14 06:05:24'),
('935664', '348 Zella Point Apt. 965', 'Alizebury', 'Alaska', '1', 'Pagac and Sons', '32038.4', '99493.4', 'CERRADO', 'Sí', '1.0', 'TRADICIONAL', 'No', '829456682.81', '986009593.53', '709923098.42', 'No', '2004-07-06 10:31:55'),
('936246', '1348 Ethelyn Way Apt. 489', 'West Jalonville', 'Georgia', '1', 'Kihn, Reilly and Collins', '97590.2', '88584.1', 'CERRADO', 'No', '3.5', 'HISTORICO', 'Sí', '947821920.70', '936840280.39', '643929939.37', 'Sí', '1999-06-14 15:47:49'),
('938205', '3165 Rodriguez Shore Suite 705', 'East Wiley', 'District of Columbia', '3', 'Friesen Group', '90039.9', '86395.6', 'ABIERTO', 'No', '1.7', 'TRADICIONAL', 'No', '827648817.12', '903248575.50', '726877978.15', 'No', '2002-09-11 22:26:53'),
('958459', '137 Jenkins Crossroad Apt. 242', 'West Joana', 'Michigan', '2', 'Muller Inc', '11240.9', '29027.0', 'ABIERTO', 'No', '1.5', 'MODERNO', 'Sí', '307920394.30', '768225011.94', '31767755.26', 'No', '2013-10-19 11:37:57'),
('966516', '4133 Julien Burg Apt. 827', 'Howardville', 'Iowa', '2', 'Leannon-Farrell', '67911.3', '75594.3', 'CERRADO', 'No', '0.4', 'TRADICIONAL', 'No', '247856254.56', '503005386.99', '586811847.21', 'No', '1989-11-18 15:48:26'),
('972414', '135 Dena Pike Apt. 322', 'Port Reyesmouth', 'NewMexico', '5', 'Daniel, Sanford and Funk', '48030.0', '50550.5', 'ABIERTO', 'Sí', '4.5', 'TRADICIONAL', 'No', '994486812.44', '506915862.87', '135660906.25', 'Sí', '1981-02-21 03:55:19'),
('974301', '332 Marcelina Stream Suite 159', 'Betsyside', 'District of Columbia', '1', 'Raynor Inc', '39992.5', '64807.6', 'CERRADO', 'No', '3.2', 'TRADICIONAL', 'No', '290525717.04', '899119640.69', '560007895.51', 'No', '1977-08-05 00:08:38'),
('976165', '054 Alisa Point Suite 221', 'Lake Kristaview', 'NorthCarolina', '4', 'Kulas-Gerhold', '53178.1', '44732.2', 'CERRADO', 'No', '4.1', 'TRADICIONAL', 'No', '228455547.59', '783651636.96', '132036460.96', 'Sí', '1981-05-07 05:03:08'),
('992546', '4733 Mayer Squares', 'South Michael', 'Kentucky', '4', 'Pollich, Aufderhar and Runolfsson', '26557.8', '3292.9', 'ABIERTO', 'Sí', '2.5', 'TRADICIONAL', 'No', '391949228.73', '498036571.51', '496578536.66', 'Sí', '1988-09-03 13:50:54'),
('994861', '3865 Beatty Square', 'East Rhett', 'Kentucky', '0', 'Cartwright PLC', '19503.8', '55419.5', 'ABIERTO', 'No', '4.7', 'HISTORICO', 'Sí', '234696934.34', '886599581.68', '669229099.64', 'Sí', '2013-08-07 10:38:47'),
('998085', '1671 Gussie Plaza', 'Dianachester', 'NorthDakota', '4', 'Schiller, Reynolds and Hickle', '36037.0', '14693.8', 'CERRADO', 'No', '4.5', 'MODERNO', 'No', '528956607.63', '69244307.89', '957973324.18', 'No', '1971-03-08 20:53:19');

-- --------------------------------------------------------

--
-- Estructura de tabla para la tabla `huesped`
--

DROP TABLE IF EXISTS `huesped`;
CREATE TABLE IF NOT EXISTS `huesped` (
  `NUM_ID` varchar(9) COLLATE utf8_spanish_ci NOT NULL,
  `ID_CLIENTE` varchar(9) COLLATE utf8_spanish_ci DEFAULT NULL,
  `NACIONALIDAD` varchar(20) COLLATE utf8_spanish_ci NOT NULL,
  `NUM_TARJETA` varchar(19) COLLATE utf8_spanish_ci DEFAULT NULL,
  `FAMILIA_NUMEROSA` enum('Sí','No') COLLATE utf8_spanish_ci NOT NULL,
  `ESTADO_CIVIL` enum('Soltero','Casado','Viúdo','Divorciado') COLLATE utf8_spanish_ci DEFAULT NULL,
  `SITUACION_LABORAL` enum('Empresario','Autónomo','Asalariado','Cooperativista','En paro','Jubilado') COLLATE utf8_spanish_ci DEFAULT NULL,
  `MEDIO_TRANSPORTE` enum('Coche','Avión','Tren','Moto','Bus','Camión') COLLATE utf8_spanish_ci DEFAULT NULL,
  `COMO_CONOCISTE` enum('Internet','Publicidad','Conocidos','Otros') COLLATE utf8_spanish_ci DEFAULT NULL,
  `TRAE_MASCOTA` enum('Sí','No') COLLATE utf8_spanish_ci DEFAULT NULL,
  `PAIS_RESIDENCIA` varchar(40) COLLATE utf8_spanish_ci NOT NULL,
  `ULTIMA_ACTUALIZACION` timestamp NOT NULL DEFAULT current_timestamp() ON UPDATE current_timestamp(),
  PRIMARY KEY (`NUM_ID`),
  UNIQUE KEY `ID_CLIENTE` (`ID_CLIENTE`),
  UNIQUE KEY `NUM_TARJETA` (`NUM_TARJETA`)
) ENGINE=InnoDB DEFAULT CHARSET=utf8 COLLATE=utf8_spanish_ci;

--
-- Volcado de datos para la tabla `huesped`
--

INSERT INTO `huesped` (`NUM_ID`, `ID_CLIENTE`, `NACIONALIDAD`, `NUM_TARJETA`, `FAMILIA_NUMEROSA`, `ESTADO_CIVIL`, `SITUACION_LABORAL`, `MEDIO_TRANSPORTE`, `COMO_CONOCISTE`, `TRAE_MASCOTA`, `PAIS_RESIDENCIA`, `ULTIMA_ACTUALIZACION`) VALUES
('001654488', '000144855', 'Ireland', '4716833267936397', 'Sí', 'Soltero', 'Cooperativista', 'Bus', 'Conocidos', 'No', 'Bermuda', '2012-12-28 00:10:56'),
('006370090', '000386052', 'Tanzania', '5403588266654342', 'No', 'Soltero', 'Autónomo', 'Tren', 'Otros', 'Sí', 'Haiti', '2002-12-12 08:08:05'),
('007177728', '006535407', 'Croatia', '4716975935108437', 'Sí', 'Casado', 'Jubilado', 'Avión', 'Conocidos', 'Sí', 'Latvia', '1996-11-19 08:57:36'),
('009097848', '008699963', 'Russian Federation', '4485135318866', 'No', 'Soltero', 'Empresario', 'Coche', 'Conocidos', 'No', 'Angola', '2005-07-23 13:27:06'),
('013074339', '011469097', 'United States Minor ', '4929688563470', 'Sí', 'Divorciado', 'Autónomo', 'Coche', 'Publicidad', 'Sí', 'India', '1996-11-21 20:08:42'),
('021067009', '012551176', 'Martinique', '4929435811446', 'Sí', 'Viúdo', 'Autónomo', 'Avión', 'Publicidad', 'No', 'Syrian Arab Republic', '2012-03-31 09:28:43'),
('021366498', '016848092', 'Kenya', '5551698997809477', 'No', 'Divorciado', 'Jubilado', 'Coche', 'Conocidos', 'No', 'Saint Barthelemy', '2009-07-02 13:33:24'),
('027590294', '018048607', 'Benin', '5574719763412246', 'No', 'Soltero', 'Autónomo', 'Tren', 'Otros', 'Sí', 'Macao', '2016-04-11 14:56:37'),
('033174250', '020424735', 'Dominica', '5287491558745677', 'Sí', 'Soltero', 'En paro', 'Avión', 'Otros', 'No', 'Cape Verde', '2007-11-27 03:37:40'),
('034860330', '023708426', 'Lithuania', '5361395451128738', 'Sí', 'Viúdo', 'Autónomo', 'Camión', 'Publicidad', 'No', 'Denmark', '2002-02-21 09:19:57'),
('038687382', '024358443', 'Guyana', '6011729453521273', 'Sí', 'Soltero', 'En paro', 'Tren', 'Conocidos', 'No', 'Somalia', '1981-12-10 06:27:59'),
('050839707', '026382178', 'Venezuela', '5272545240582302', 'No', 'Soltero', 'Asalariado', 'Avión', 'Conocidos', 'Sí', 'Qatar', '1989-11-03 10:22:48'),
('051014080', '026736550', 'Sao Tome and Princip', '4556483149161703', 'No', 'Viúdo', 'Empresario', 'Camión', 'Otros', 'No', 'Svalbard & Jan Mayen Islands', '2010-02-10 19:36:42'),
('052492299', '028046706', 'Bouvet Island (Bouve', '4716685382996', 'No', 'Viúdo', 'Asalariado', 'Moto', 'Conocidos', 'Sí', 'Saint Pierre and Miquelon', '2009-05-10 09:19:26'),
('053034739', '029694271', 'Croatia', '346426490184418', 'Sí', 'Viúdo', 'Autónomo', 'Tren', 'Conocidos', 'Sí', 'Tokelau', '1989-02-16 10:54:19'),
('053963100', '029780484', 'Australia', '4716583208671472', 'No', 'Soltero', 'En paro', 'Bus', 'Otros', 'No', 'South Georgia and the South Sandwich Isl', '2009-04-13 07:03:09'),
('055606756', '032926646', 'Niger', '5538920791099075', 'Sí', 'Casado', 'Jubilado', 'Coche', 'Conocidos', 'Sí', 'Japan', '2012-04-28 04:30:26'),
('060005522', '037663146', 'Croatia', '4556644993249', 'Sí', 'Casado', 'Empresario', 'Coche', 'Internet', 'Sí', 'Bahrain', '1982-05-24 21:45:16'),
('064336002', '039113880', 'Western Sahara', '5592676794199511', 'Sí', 'Soltero', 'Autónomo', 'Coche', 'Otros', 'No', 'Qatar', '2020-02-01 10:44:25'),
('064504013', '039578920', 'United States Minor ', '6011782243643373', 'Sí', 'Casado', 'En paro', 'Bus', 'Publicidad', 'No', 'Malaysia', '2014-11-23 15:38:00'),
('065445693', '039846398', 'Zimbabwe', '4532553532163', 'Sí', 'Casado', 'Jubilado', 'Coche', 'Publicidad', 'No', 'Cape Verde', '2010-05-21 04:37:46'),
('067128755', '040663371', 'Sudan', '348956958738056', 'No', 'Divorciado', 'Cooperativista', 'Moto', 'Publicidad', 'No', 'Macedonia', '2006-11-13 03:30:59'),
('067482706', '043882755', 'Maldives', '4326448255128325', 'No', 'Divorciado', 'Cooperativista', 'Coche', 'Internet', 'Sí', 'Haiti', '1998-06-23 19:19:05'),
('067731360', '043981017', 'Belarus', '5525296058660445', 'No', 'Divorciado', 'Cooperativista', 'Bus', 'Publicidad', 'Sí', 'China', '2020-09-28 14:31:31'),
('074227986', '045199540', 'Nepal', '4716644306539', 'Sí', 'Viúdo', 'Jubilado', 'Moto', 'Conocidos', 'No', 'Brazil', '1998-08-28 03:37:59'),
('078214495', '045503487', 'Greece', '4539303244475', 'No', 'Divorciado', 'Cooperativista', 'Avión', 'Publicidad', 'Sí', 'Niger', '1978-06-20 14:27:20'),
('078585369', '047655506', 'Heard Island and McD', '4539932277832991', 'No', 'Divorciado', 'Jubilado', 'Avión', 'Publicidad', 'No', 'United Arab Emirates', '1978-07-28 11:30:56'),
('080087510', '047775567', 'Angola', '4532394467379750', 'Sí', 'Viúdo', 'Autónomo', 'Bus', 'Publicidad', 'Sí', 'Andorra', '2017-04-08 02:38:42'),
('085198716', '048756632', 'Spain', '5156414684493720', 'Sí', 'Divorciado', 'Autónomo', 'Camión', 'Conocidos', 'No', 'Morocco', '2019-06-13 21:36:54'),
('088202711', '053827832', 'New Caledonia', '4460159174390733', 'No', 'Soltero', 'Autónomo', 'Coche', 'Publicidad', 'No', 'Mongolia', '2009-08-07 16:46:29'),
('088562087', '054496826', 'United States Virgin', '5328732561727363', 'No', 'Divorciado', 'Jubilado', 'Avión', 'Conocidos', 'Sí', 'Western Sahara', '1987-07-05 05:02:55'),
('089927690', '054563054', 'Turkmenistan', '5364010000666037', 'Sí', 'Viúdo', 'Asalariado', 'Tren', 'Publicidad', 'Sí', 'Iran', '2009-01-23 21:15:15'),
('091984231', '056242508', 'Jersey', '5215693903037813', 'Sí', 'Viúdo', 'Asalariado', 'Avión', 'Conocidos', 'No', 'Belarus', '1975-09-25 12:16:20'),
('098813990', '058800005', 'Tunisia', '5531268811252949', 'No', 'Divorciado', 'Cooperativista', 'Coche', 'Internet', 'Sí', 'Bolivia', '1985-06-02 01:33:33'),
('099670137', '058891496', 'Uruguay', '4916967113380', 'Sí', 'Divorciado', 'En paro', 'Tren', 'Publicidad', 'Sí', 'Armenia', '2009-09-23 08:52:02'),
('099976878', '059862343', 'Macao', '376306834040798', 'Sí', 'Soltero', 'Jubilado', 'Camión', 'Conocidos', 'No', 'Peru', '2019-10-29 00:22:42'),
('100000558', '062404223', 'Turkmenistan', '5510894472638954', 'Sí', 'Divorciado', 'Empresario', 'Avión', 'Otros', 'Sí', 'Zimbabwe', '1991-03-26 00:53:19'),
('110438685', '066250074', 'Norfolk Island', '4024007166573903', 'Sí', 'Soltero', 'Autónomo', 'Tren', 'Otros', 'Sí', 'Niger', '1976-09-04 02:39:35'),
('111141880', '068210762', 'Israel', '4916274311836', 'No', 'Casado', 'Empresario', 'Avión', 'Internet', 'Sí', 'Turkey', '1981-06-13 09:15:51'),
('113501813', '071544130', 'United Kingdom', '5257575970432096', 'No', 'Soltero', 'Cooperativista', 'Bus', 'Conocidos', 'No', 'Syrian Arab Republic', '1980-05-21 07:55:41'),
('117682801', '075408473', 'San Marino', '5179710882246764', 'Sí', 'Viúdo', 'Jubilado', 'Coche', 'Publicidad', 'No', 'Belize', '2008-04-24 04:05:34'),
('119547209', '079615425', 'Belize', '5529739241918633', 'No', 'Soltero', 'Autónomo', 'Moto', 'Conocidos', 'No', 'Gibraltar', '1997-11-13 09:03:57'),
('120771615', '082262322', 'Suriname', '5293870326033180', 'No', 'Viúdo', 'Cooperativista', 'Camión', 'Internet', 'No', 'Latvia', '1982-09-13 08:18:34'),
('125732421', '083093760', 'Bosnia and Herzegovi', '5461788164216182', 'No', 'Soltero', 'Cooperativista', 'Camión', 'Publicidad', 'Sí', 'Burkina Faso', '2011-10-14 06:35:38'),
('126839352', '083674879', 'Pitcairn Islands', '5188769467241671', 'Sí', 'Casado', 'Jubilado', 'Camión', 'Conocidos', 'Sí', 'Uruguay', '1996-06-04 14:46:10'),
('126891036', '085350641', 'Japan', '341753848831981', 'Sí', 'Viúdo', 'Cooperativista', 'Avión', 'Publicidad', 'Sí', 'Albania', '2006-10-01 18:55:17'),
('128181932', '085674811', 'Faroe Islands', '5101514344889279', 'Sí', 'Viúdo', 'Jubilado', 'Bus', 'Conocidos', 'No', 'Saint Vincent and the Grenadines', '2012-10-10 18:53:32'),
('133586642', '089125656', 'Bangladesh', '5257539641125248', 'No', 'Casado', 'Cooperativista', 'Avión', 'Internet', 'Sí', 'Palestinian Territory', '2017-01-03 19:12:59'),
('135142719', '091229867', 'Cyprus', '4916951491265129', 'Sí', 'Viúdo', 'Empresario', 'Camión', 'Otros', 'Sí', 'Cocos (Keeling) Islands', '2000-07-03 02:13:15'),
('138322098', '092830234', 'Malta', '4556723689408244', 'No', 'Casado', 'Cooperativista', 'Bus', 'Internet', 'Sí', 'Ethiopia', '2006-06-05 23:50:42'),
('140531595', '092903803', 'Iran', '5521779552989578', 'No', 'Divorciado', 'Asalariado', 'Camión', 'Otros', 'No', 'Ethiopia', '1974-07-08 12:40:57'),
('140681353', '092957080', 'Iceland', '4318330097906', 'Sí', 'Viúdo', 'Asalariado', 'Tren', 'Conocidos', 'Sí', 'Palestinian Territory', '2009-01-24 03:57:13'),
('141025169', '093005325', 'Nigeria', '4539437444840', 'Sí', 'Viúdo', 'Autónomo', 'Bus', 'Internet', 'Sí', 'Botswana', '1984-01-06 21:52:57'),
('141132650', '100493853', 'Chad', '4916377639927', 'No', 'Divorciado', 'Cooperativista', 'Camión', 'Conocidos', 'Sí', 'Dominica', '2015-07-21 01:01:15'),
('145406886', '100758359', 'Norway', '5216775282414943', 'No', 'Viúdo', 'Autónomo', 'Coche', 'Otros', 'No', 'Oman', '1970-08-14 17:18:31'),
('151315633', '100897663', 'Ireland', '4916952391164909', 'No', 'Viúdo', 'En paro', 'Moto', 'Conocidos', 'No', 'Nepal', '2013-10-18 22:04:36'),
('151554096', '102476974', 'Morocco', '6011578802094334', 'No', 'Viúdo', 'Autónomo', 'Moto', 'Publicidad', 'Sí', 'United Kingdom', '2005-03-18 13:50:41'),
('156918287', '102688633', 'Azerbaijan', '5153620453613972', 'Sí', 'Viúdo', 'Asalariado', 'Tren', 'Internet', 'Sí', 'Sierra Leone', '1996-07-18 00:06:20'),
('163884999', '109618390', 'Palestinian Territor', '4916113046246080', 'No', 'Soltero', 'Cooperativista', 'Tren', 'Conocidos', 'No', 'Djibouti', '1981-12-12 08:20:30'),
('168690834', '120920269', 'Niue', '5318759684576197', 'Sí', 'Viúdo', 'Jubilado', 'Moto', 'Internet', 'No', 'Guinea', '2013-07-15 01:29:16'),
('169379994', '124147719', 'French Guiana', '4556696841917361', 'Sí', 'Casado', 'Asalariado', 'Coche', 'Otros', 'Sí', 'Nepal', '1996-07-07 04:26:00'),
('170313791', '129663280', 'United Arab Emirates', '371210335324733', 'Sí', 'Soltero', 'Cooperativista', 'Bus', 'Otros', 'Sí', 'Costa Rica', '1971-03-31 09:46:22'),
('174401135', '130317491', 'Cote d\'Ivoire', '4929578354894504', 'No', 'Divorciado', 'Jubilado', 'Avión', 'Conocidos', 'No', 'Haiti', '1987-03-11 03:17:11'),
('176173362', '131992297', 'American Samoa', '5444259382382144', 'Sí', 'Soltero', 'Jubilado', 'Bus', 'Conocidos', 'No', 'Cote d\'Ivoire', '2002-10-29 01:49:34'),
('181056291', '133410039', 'Austria', '6011065625164150', 'Sí', 'Soltero', 'En paro', 'Tren', 'Internet', 'No', 'Korea', '1986-02-13 00:42:12'),
('182209849', '134863228', 'Spain', '5201266137441973', 'Sí', 'Divorciado', 'Cooperativista', 'Camión', 'Conocidos', 'No', 'Algeria', '1993-09-01 12:44:25'),
('182683144', '138586149', 'Greece', '4024007156878452', 'Sí', 'Casado', 'Asalariado', 'Tren', 'Internet', 'Sí', 'Saint Helena', '1980-02-19 10:13:43'),
('183013059', '141893798', 'Macedonia', '5319632358161681', 'Sí', 'Divorciado', 'Jubilado', 'Bus', 'Publicidad', 'No', 'Portugal', '1981-05-04 01:29:47'),
('183197503', '145794365', 'Algeria', '5432944657212633', 'No', 'Divorciado', 'Asalariado', 'Coche', 'Conocidos', 'No', 'Peru', '2019-02-07 18:22:44'),
('184074441', '146226228', 'Croatia', '5466370032286972', 'No', 'Casado', 'En paro', 'Avión', 'Conocidos', 'Sí', 'Iran', '2001-09-23 22:44:02'),
('184682549', '148359089', 'Gabon', '4485218786476', 'Sí', 'Divorciado', 'Empresario', 'Bus', 'Conocidos', 'Sí', 'Denmark', '1999-06-25 08:44:25'),
('188310282', '156786566', 'Peru', '5142646963744778', 'No', 'Divorciado', 'En paro', 'Camión', 'Conocidos', 'Sí', 'Saint Helena', '1980-05-05 12:42:43'),
('190444080', '158720351', 'Martinique', '6011846642871722', 'No', 'Casado', 'Cooperativista', 'Bus', 'Conocidos', 'Sí', 'Lithuania', '2004-05-03 21:53:43'),
('190849627', '162706412', 'Ukraine', '4024007104241', 'Sí', 'Casado', 'Empresario', 'Moto', 'Conocidos', 'Sí', 'Norfolk Island', '1986-12-11 05:28:48'),
('192105285', '168079469', 'Lesotho', '5489434271108509', 'Sí', 'Soltero', 'Autónomo', 'Coche', 'Internet', 'No', 'Brazil', '1980-08-10 08:03:22'),
('192680182', '170922610', 'Rwanda', '5135020020723126', 'Sí', 'Viúdo', 'Cooperativista', 'Camión', 'Otros', 'No', 'Saint Helena', '1999-11-02 17:48:15'),
('194929489', '174258334', 'Korea', '4532293479943378', 'No', 'Soltero', 'Autónomo', 'Bus', 'Internet', 'Sí', 'Tunisia', '1997-07-30 06:54:15'),
('196558210', '174451287', 'Pakistan', '6011983018680721', 'Sí', 'Divorciado', 'En paro', 'Bus', 'Conocidos', 'Sí', 'Austria', '2003-03-20 07:18:44'),
('197201448', '175908862', 'San Marino', '6011099105969959', 'Sí', 'Casado', 'Autónomo', 'Tren', 'Otros', 'No', 'Lithuania', '1990-07-13 20:09:12'),
('198387529', '177744342', 'Vietnam', '4485763399666', 'No', 'Divorciado', 'Asalariado', 'Bus', 'Otros', 'Sí', 'British Indian Ocean Territory (Chagos A', '2012-07-25 22:52:24'),
('203201754', '188723767', 'Bermuda', '5213224493627465', 'Sí', 'Viúdo', 'Autónomo', 'Moto', 'Internet', 'No', 'Costa Rica', '2013-01-20 20:59:19'),
('208363447', '190257889', 'Isle of Man', '5313254561000675', 'Sí', 'Casado', 'Jubilado', 'Moto', 'Conocidos', 'Sí', 'Antarctica (the territory South of 60 de', '1998-09-22 03:26:32'),
('208573493', '201919676', 'Cape Verde', '4916082149725677', 'No', 'Casado', 'Autónomo', 'Tren', 'Conocidos', 'Sí', 'Peru', '1983-04-30 03:21:04'),
('214009880', '204337228', 'Djibouti', '4532627120533', 'Sí', 'Soltero', 'Asalariado', 'Bus', 'Otros', 'No', 'Saint Kitts and Nevis', '2011-01-31 14:17:37'),
('214063489', '210880251', 'Cocos (Keeling) Isla', '5108225235480773', 'Sí', 'Viúdo', 'Autónomo', 'Coche', 'Conocidos', 'No', 'Comoros', '1979-11-30 06:07:34'),
('218011434', '213242844', 'Russian Federation', '4929408802207', 'Sí', 'Divorciado', 'Jubilado', 'Moto', 'Publicidad', 'Sí', 'Portugal', '2018-01-01 06:17:48'),
('220124051', '213653035', 'South Georgia and th', '4916905636393', 'No', 'Viúdo', 'En paro', 'Avión', 'Publicidad', 'Sí', 'Burkina Faso', '2011-10-02 13:58:07'),
('221436535', '214803187', 'Guyana', '377533790829412', 'No', 'Casado', 'En paro', 'Camión', 'Internet', 'Sí', 'Equatorial Guinea', '1986-09-07 20:51:41'),
('223803603', '220432704', 'Vanuatu', '4929926980789077', 'No', 'Soltero', 'Empresario', 'Tren', 'Otros', 'Sí', 'Guam', '2010-01-16 19:29:26'),
('225598255', '220760817', 'Denmark', '5321327706175438', 'No', 'Soltero', 'En paro', 'Moto', 'Conocidos', 'No', 'Anguilla', '1982-02-03 12:14:11'),
('228492257', '221590118', 'Honduras', '4929068872888', 'No', 'Divorciado', 'Cooperativista', 'Tren', 'Publicidad', 'No', 'Honduras', '1985-11-15 08:20:36'),
('229956738', '224271872', 'Wallis and Futuna', '4556658499933', 'Sí', 'Viúdo', 'En paro', 'Bus', 'Conocidos', 'No', 'Spain', '1997-02-05 15:03:28'),
('231245743', '226590348', 'Saint Pierre and Miq', '4107150693999366', 'Sí', 'Soltero', 'En paro', 'Tren', 'Internet', 'Sí', 'Monaco', '1996-10-17 18:33:09'),
('231869039', '227490943', 'Cyprus', '4485953012429682', 'Sí', 'Casado', 'Asalariado', 'Coche', 'Conocidos', 'Sí', 'Bhutan', '2016-08-06 23:54:05'),
('237960760', '235180109', 'Tajikistan', '5132162338598962', 'No', 'Soltero', 'Asalariado', 'Coche', 'Otros', 'No', 'Luxembourg', '1979-07-22 08:16:29'),
('241464686', '238456686', 'Eritrea', '348550662764413', 'Sí', 'Casado', 'Jubilado', 'Coche', 'Otros', 'Sí', 'Cote d\'Ivoire', '2001-06-12 17:01:15'),
('244552584', '238760974', 'Algeria', '5343510282918752', 'No', 'Viúdo', 'Cooperativista', 'Bus', 'Conocidos', 'No', 'Barbados', '1990-01-16 17:08:34'),
('247258929', '239543312', 'Bhutan', '4532966087876299', 'Sí', 'Divorciado', 'En paro', 'Camión', 'Otros', 'Sí', 'Guam', '2020-02-20 12:38:14'),
('248692571', '243225166', 'Macedonia', '6011904100455142', 'Sí', 'Casado', 'Empresario', 'Tren', 'Publicidad', 'Sí', 'Saint Vincent and the Grenadines', '1975-04-04 00:34:33'),
('250879285', '253466467', 'Heard Island and McD', '5529191752927399', 'Sí', 'Viúdo', 'Autónomo', 'Coche', 'Otros', 'Sí', 'Senegal', '1970-12-31 19:12:56'),
('253154590', '254888097', 'Kuwait', '5368523528980259', 'No', 'Viúdo', 'Asalariado', 'Bus', 'Conocidos', 'Sí', 'Iraq', '1981-06-11 00:58:22'),
('253655641', '256798041', 'Hong Kong', '5435958707783911', 'No', 'Divorciado', 'Autónomo', 'Bus', 'Otros', 'Sí', 'Ethiopia', '1980-07-31 10:59:31'),
('255791510', '258123457', 'Dominican Republic', '5279829305161988', 'No', 'Viúdo', 'Cooperativista', 'Tren', 'Conocidos', 'Sí', 'Haiti', '1986-05-17 07:22:44'),
('257070336', '264671197', 'Venezuela', '5222798069160915', 'Sí', 'Casado', 'Autónomo', 'Avión', 'Internet', 'No', 'Turks and Caicos Islands', '1972-12-12 14:31:12'),
('258299857', '267854379', 'Philippines', '4024007153323080', 'No', 'Viúdo', 'Autónomo', 'Tren', 'Internet', 'No', 'Ethiopia', '1999-10-22 08:24:58'),
('261389186', '272028564', 'Sweden', '5524598089999116', 'No', 'Viúdo', 'Autónomo', 'Camión', 'Otros', 'No', 'Ireland', '1991-11-19 20:07:10'),
('261551020', '272214540', 'Western Sahara', '4929687252055677', 'No', 'Soltero', 'Asalariado', 'Camión', 'Conocidos', 'No', 'British Virgin Islands', '2018-03-09 20:32:27'),
('263352646', '272474806', 'Malawi', '4916891351253', 'No', 'Viúdo', 'Asalariado', 'Bus', 'Conocidos', 'Sí', 'Guatemala', '1986-02-28 12:11:56'),
('263525252', '273534972', 'Sao Tome and Princip', '4736172836084142', 'No', 'Divorciado', 'Autónomo', 'Bus', 'Otros', 'Sí', 'Christmas Island', '2004-08-10 16:45:19'),
('264840640', '283754080', 'Greece', '5386829804605668', 'No', 'Divorciado', 'Cooperativista', 'Avión', 'Publicidad', 'Sí', 'French Southern Territories', '1974-06-12 03:35:44'),
('267339226', '284475905', 'Comoros', '4168749567164', 'Sí', 'Casado', 'Jubilado', 'Avión', 'Otros', 'No', 'Korea', '1986-11-06 07:58:35'),
('271562376', '285082119', 'Greece', '4929721864967864', 'Sí', 'Casado', 'Asalariado', 'Camión', 'Otros', 'Sí', 'Ethiopia', '1990-05-31 02:31:44'),
('285179953', '287433284', 'Brazil', '5506614779470533', 'No', 'Soltero', 'En paro', 'Bus', 'Otros', 'No', 'Liechtenstein', '1970-12-01 13:56:31'),
('286713494', '287710519', 'Greece', '6011784383105560', 'No', 'Soltero', 'En paro', 'Coche', 'Internet', 'No', 'Hungary', '1991-12-11 15:24:38'),
('287160596', '290200955', 'Norway', '4556480194585468', 'No', 'Casado', 'Autónomo', 'Moto', 'Internet', 'Sí', 'Iran', '1984-02-17 06:44:58'),
('288153025', '292904628', 'Hungary', '4716604224377', 'Sí', 'Casado', 'Asalariado', 'Avión', 'Otros', 'Sí', 'Bahamas', '1977-04-17 19:55:40'),
('292400063', '296973822', 'United States of Ame', '4485917056144', 'Sí', 'Divorciado', 'Jubilado', 'Tren', 'Conocidos', 'No', 'Bhutan', '1990-12-03 15:47:37'),
('294530072', '297808984', 'Singapore', '347842673379819', 'No', 'Casado', 'Jubilado', 'Tren', 'Otros', 'No', 'Timor-Leste', '1976-10-24 12:38:56'),
('294567529', '298511633', 'Finland', '5179054989656156', 'No', 'Viúdo', 'Cooperativista', 'Bus', 'Otros', 'Sí', 'Belgium', '2019-12-21 08:40:50'),
('295705605', '301814784', 'Guyana', '6011403967165380', 'No', 'Viúdo', 'Jubilado', 'Moto', 'Conocidos', 'Sí', 'Ethiopia', '1976-02-21 00:22:09'),
('297779200', '305044282', 'Spain', '4929226693137008', 'No', 'Divorciado', 'Empresario', 'Camión', 'Publicidad', 'No', 'Isle of Man', '2005-11-09 00:09:43'),
('300236357', '306618280', 'Macedonia', '4916774011592187', 'Sí', 'Divorciado', 'Autónomo', 'Bus', 'Conocidos', 'No', 'Guyana', '1970-11-03 18:22:59'),
('304948442', '308917149', 'Monaco', '5191526165609849', 'Sí', 'Soltero', 'Autónomo', 'Camión', 'Otros', 'Sí', 'British Virgin Islands', '2007-06-30 22:51:43'),
('310096827', '309386835', 'Netherlands Antilles', '5123583737420006', 'No', 'Viúdo', 'En paro', 'Moto', 'Conocidos', 'No', 'Dominica', '1995-04-26 19:30:55'),
('311050673', '311015346', 'Argentina', '345873644571911', 'Sí', 'Divorciado', 'Cooperativista', 'Moto', 'Conocidos', 'Sí', 'Ecuador', '2013-05-21 06:19:09'),
('311180342', '312551012', 'Korea', '5504777686417126', 'No', 'Casado', 'Autónomo', 'Moto', 'Conocidos', 'Sí', 'Slovakia (Slovak Republic)', '2011-12-18 17:10:51'),
('313032018', '313924409', 'Iran', '4532836991547', 'No', 'Casado', 'Jubilado', 'Coche', 'Conocidos', 'Sí', 'France', '2017-09-25 12:57:52'),
('313634137', '316422995', 'Sierra Leone', '371060574592524', 'Sí', 'Casado', 'En paro', 'Bus', 'Internet', 'Sí', 'Madagascar', '2017-02-04 05:47:07'),
('314723053', '316879933', 'Niue', '4916617302470718', 'No', 'Soltero', 'En paro', 'Avión', 'Otros', 'No', 'Tuvalu', '1971-03-22 16:21:46'),
('316180108', '323853111', 'Austria', '4916586363188834', 'Sí', 'Divorciado', 'Asalariado', 'Tren', 'Internet', 'No', 'Afghanistan', '1978-08-27 16:50:17'),
('316378481', '324617533', 'Guinea', '5195852106322919', 'Sí', 'Divorciado', 'En paro', 'Avión', 'Publicidad', 'Sí', 'United Kingdom', '2014-11-16 11:27:34'),
('316761516', '326608522', 'Svalbard & Jan Mayen', '5459340253278054', 'No', 'Casado', 'Cooperativista', 'Moto', 'Otros', 'Sí', 'Croatia', '2004-10-01 07:20:14'),
('317034358', '327686644', 'Senegal', '5176658428894123', 'No', 'Soltero', 'Cooperativista', 'Camión', 'Otros', 'Sí', 'Madagascar', '2006-09-27 05:28:59'),
('319254229', '329215268', 'Canada', '5482281152781067', 'Sí', 'Viúdo', 'Jubilado', 'Moto', 'Conocidos', 'Sí', 'United States Virgin Islands', '1977-04-08 21:25:53'),
('320136553', '339131785', 'Guyana', '5491234910851482', 'Sí', 'Casado', 'Autónomo', 'Moto', 'Otros', 'No', 'Holy See (Vatican City State)', '1979-01-22 20:13:49'),
('323934543', '343125883', 'Egypt', '5502150021076035', 'Sí', 'Divorciado', 'Jubilado', 'Tren', 'Otros', 'Sí', 'Belgium', '2001-10-14 03:34:21'),
('331348050', '351222394', 'Malta', '5125692143789650', 'Sí', 'Divorciado', 'Empresario', 'Coche', 'Publicidad', 'Sí', 'Germany', '2006-05-21 11:37:54'),
('334247273', '351898586', 'United States Minor ', '6011754404673543', 'Sí', 'Divorciado', 'Autónomo', 'Coche', 'Publicidad', 'No', 'Lesotho', '2000-10-06 06:54:56'),
('334942638', '354448635', 'Lao People\'s Democra', '4929431973381', 'Sí', 'Casado', 'Empresario', 'Avión', 'Internet', 'Sí', 'Finland', '1972-03-16 11:26:45'),
('337340224', '354883101', 'Korea', '5572252239365081', 'Sí', 'Soltero', 'Empresario', 'Avión', 'Publicidad', 'No', 'Armenia', '1992-01-03 19:40:41'),
('349777269', '355710516', 'Belize', '5294266788066182', 'No', 'Viúdo', 'Empresario', 'Moto', 'Internet', 'No', 'Qatar', '1974-05-12 21:33:39'),
('352618472', '359897634', 'Latvia', '4485980875471', 'Sí', 'Casado', 'Asalariado', 'Tren', 'Otros', 'No', 'Paraguay', '1992-08-04 23:12:30'),
('356593972', '365733544', 'Andorra', '4485680809244123', 'Sí', 'Divorciado', 'Jubilado', 'Tren', 'Otros', 'Sí', 'Bosnia and Herzegovina', '2020-04-11 20:56:23'),
('361886028', '369318171', 'Latvia', '4539088001876', 'No', 'Casado', 'En paro', 'Camión', 'Publicidad', 'No', 'Dominica', '2010-04-26 23:04:46'),
('371413021', '372319726', 'Brazil', '5359940954446287', 'Sí', 'Divorciado', 'Empresario', 'Tren', 'Otros', 'No', 'Sao Tome and Principe', '1998-09-26 04:18:13'),
('371797112', '373148898', 'Belarus', '6011522109802487', 'Sí', 'Soltero', 'Asalariado', 'Tren', 'Internet', 'Sí', 'Myanmar', '1988-03-14 08:31:02'),
('378107388', '374368035', 'Denmark', '5366323357889661', 'No', 'Viúdo', 'Autónomo', 'Camión', 'Internet', 'Sí', 'Greenland', '2010-10-12 05:44:03'),
('378223474', '377422554', 'Heard Island and McD', '5328840339284860', 'Sí', 'Casado', 'Cooperativista', 'Moto', 'Otros', 'Sí', 'Djibouti', '2006-07-15 01:02:02'),
('380520823', '378004514', 'Anguilla', '5579560687576472', 'No', 'Viúdo', 'Empresario', 'Avión', 'Conocidos', 'Sí', 'India', '2020-11-07 21:40:35'),
('382690090', '381822501', 'Mexico', '378281844356724', 'Sí', 'Soltero', 'Cooperativista', 'Tren', 'Otros', 'No', 'Honduras', '1987-12-22 23:40:29'),
('383060974', '386704505', 'Philippines', '4557424728402', 'Sí', 'Divorciado', 'Cooperativista', 'Tren', 'Publicidad', 'Sí', 'Belarus', '1974-04-30 11:21:03'),
('386565342', '391172231', 'Algeria', '5271398471106433', 'No', 'Casado', 'Cooperativista', 'Camión', 'Internet', 'Sí', 'Slovenia', '1970-03-12 08:30:24'),
('388970430', '391987210', 'Nigeria', '4024007116887340', 'Sí', 'Divorciado', 'En paro', 'Avión', 'Internet', 'Sí', 'Timor-Leste', '1979-05-12 10:40:34'),
('390526232', '392080595', 'Bangladesh', '349060365223301', 'Sí', 'Casado', 'Empresario', 'Avión', 'Internet', 'Sí', 'Greece', '2007-01-07 19:31:22'),
('397732946', '394104652', 'Guadeloupe', '5590692677692826', 'Sí', 'Divorciado', 'En paro', 'Avión', 'Otros', 'Sí', 'Austria', '1980-01-22 20:50:29'),
('402184486', '394795112', 'Western Sahara', '341904394767051', 'Sí', 'Viúdo', 'Autónomo', 'Tren', 'Publicidad', 'Sí', 'Malaysia', '1984-02-09 17:05:53'),
('405861534', '395113084', 'Bhutan', '5142984662001024', 'Sí', 'Viúdo', 'Empresario', 'Coche', 'Conocidos', 'No', 'Italy', '1978-08-12 02:35:49'),
('409254635', '398335475', 'China', '373060731250219', 'No', 'Casado', 'Autónomo', 'Camión', 'Otros', 'No', 'Serbia', '2016-05-07 23:51:22'),
('410456407', '399772302', 'Guam', '4556513891799', 'No', 'Viúdo', 'Cooperativista', 'Bus', 'Conocidos', 'Sí', 'Uganda', '1976-07-28 19:58:08'),
('415662868', '400425735', 'Australia', '5488579062993750', 'Sí', 'Divorciado', 'Cooperativista', 'Camión', 'Internet', 'Sí', 'Saint Martin', '2003-02-07 15:52:12'),
('417405934', '400666975', 'Sierra Leone', '5289228851440443', 'No', 'Divorciado', 'En paro', 'Bus', 'Conocidos', 'Sí', 'Guinea', '2010-11-27 14:37:38'),
('418675295', '403612530', 'New Caledonia', '5198417600500175', 'No', 'Viúdo', 'Cooperativista', 'Avión', 'Publicidad', 'No', 'Barbados', '1972-12-23 18:03:20'),
('418791699', '404462354', 'United States of Ame', '344258720541603', 'No', 'Soltero', 'Jubilado', 'Bus', 'Internet', 'No', 'Norway', '1980-09-15 05:56:57'),
('427047860', '410573383', 'Solomon Islands', '4556656282747177', 'Sí', 'Casado', 'Autónomo', 'Avión', 'Internet', 'Sí', 'United States of America', '1997-06-08 07:27:00'),
('430508402', '413966234', 'Peru', '4539788094528545', 'Sí', 'Divorciado', 'Cooperativista', 'Bus', 'Publicidad', 'Sí', 'United Arab Emirates', '2014-07-13 21:03:55'),
('433438601', '417493474', 'Kiribati', '4532553420939199', 'Sí', 'Soltero', 'En paro', 'Coche', 'Otros', 'No', 'Heard Island and McDonald Islands', '1984-05-14 00:56:37'),
('433889190', '420758815', 'Haiti', '5430959503134356', 'No', 'Viúdo', 'Autónomo', 'Moto', 'Publicidad', 'No', 'Mozambique', '1982-01-28 03:31:22'),
('434993654', '421050279', 'Zambia', '6011857852076771', 'No', 'Viúdo', 'Asalariado', 'Avión', 'Internet', 'No', 'United States Virgin Islands', '2014-03-20 09:22:18'),
('437001599', '422496918', 'Greenland', '4556372067193', 'No', 'Soltero', 'En paro', 'Moto', 'Internet', 'Sí', 'Iraq', '2019-09-24 19:52:20'),
('437822664', '422797247', 'Russian Federation', '5120619035756274', 'No', 'Soltero', 'Empresario', 'Tren', 'Conocidos', 'Sí', 'Kiribati', '1999-11-28 05:53:04'),
('439052005', '424550250', 'New Caledonia', '348666933050210', 'Sí', 'Divorciado', 'Empresario', 'Tren', 'Conocidos', 'No', 'Togo', '1972-06-25 16:11:43'),
('442335865', '427429225', 'Kuwait', '5174708042469349', 'No', 'Divorciado', 'Empresario', 'Moto', 'Publicidad', 'No', 'Yemen', '1994-02-09 12:22:16'),
('445261917', '432964889', 'Saint Helena', '4532664337236366', 'No', 'Casado', 'Autónomo', 'Bus', 'Otros', 'Sí', 'Portugal', '1986-10-20 03:40:44'),
('447118327', '435695729', 'Holy See (Vatican Ci', '6011442773333704', 'Sí', 'Divorciado', 'En paro', 'Camión', 'Publicidad', 'Sí', 'South Georgia and the South Sandwich Isl', '1993-05-29 08:45:58'),
('450302745', '437765492', 'Iraq', '5258190863006965', 'Sí', 'Divorciado', 'Jubilado', 'Tren', 'Internet', 'No', 'Panama', '2011-09-29 04:39:37'),
('450396389', '438312898', 'Guatemala', '4997288189210', 'No', 'Soltero', 'Autónomo', 'Bus', 'Otros', 'No', 'Antarctica (the territory South of 60 de', '1992-03-29 01:43:57'),
('452500322', '441593726', 'Saudi Arabia', '346943026441642', 'Sí', 'Divorciado', 'En paro', 'Tren', 'Otros', 'Sí', 'Nigeria', '2008-01-16 22:31:05'),
('454857108', '441779451', 'Jordan', '5496265632205874', 'Sí', 'Viúdo', 'Autónomo', 'Bus', 'Otros', 'No', 'Bermuda', '1970-06-21 23:46:00'),
('456592433', '442562890', 'Dominican Republic', '5459041747618910', 'Sí', 'Divorciado', 'Asalariado', 'Bus', 'Publicidad', 'No', 'Albania', '2019-12-05 00:52:20'),
('460860167', '444054859', 'Liechtenstein', '5129936614276184', 'No', 'Viúdo', 'Jubilado', 'Bus', 'Conocidos', 'Sí', 'Pitcairn Islands', '2014-02-15 01:00:59'),
('460899803', '445712376', 'Netherlands', '4556265309936', 'Sí', 'Viúdo', 'Empresario', 'Avión', 'Conocidos', 'Sí', 'Tunisia', '1994-06-19 00:21:11'),
('461740370', '446604035', 'Botswana', '4929927277570', 'Sí', 'Casado', 'En paro', 'Avión', 'Publicidad', 'No', 'Micronesia', '1997-01-03 16:22:51'),
('463145512', '446731482', 'Croatia', '4996725320470', 'Sí', 'Casado', 'Empresario', 'Tren', 'Publicidad', 'No', 'Poland', '1983-05-03 17:54:01'),
('463152164', '450143827', 'Netherlands Antilles', '345742124129237', 'No', 'Divorciado', 'Cooperativista', 'Avión', 'Publicidad', 'No', 'United Arab Emirates', '2017-01-02 22:23:30'),
('463413654', '450574066', 'China', '5220646810978752', 'No', 'Soltero', 'Autónomo', 'Camión', 'Otros', 'Sí', 'Costa Rica', '1973-05-21 10:57:22'),
('465467967', '450795262', 'Sudan', '6011322374445436', 'Sí', 'Viúdo', 'Jubilado', 'Camión', 'Internet', 'Sí', 'Tuvalu', '1980-08-17 18:58:46'),
('468908117', '451180727', 'United States Minor ', '6011276233954757', 'No', 'Viúdo', 'Jubilado', 'Camión', 'Conocidos', 'Sí', 'Australia', '2002-08-27 19:50:00'),
('472332883', '451783075', 'Niue', '5132342873786713', 'Sí', 'Casado', 'Empresario', 'Moto', 'Otros', 'Sí', 'Romania', '1975-08-23 05:33:46'),
('472987691', '455063437', 'Rwanda', '5251452860786516', 'No', 'Viúdo', 'En paro', 'Moto', 'Otros', 'Sí', 'Mauritius', '2006-08-30 01:45:57'),
('477582918', '455246552', 'Somalia', '4556669333832', 'No', 'Viúdo', 'En paro', 'Avión', 'Conocidos', 'No', 'Mongolia', '1979-02-16 07:19:09'),
('477835429', '455414041', 'Lao People\'s Democra', '6011721722844204', 'Sí', 'Viúdo', 'Empresario', 'Bus', 'Otros', 'No', 'Lithuania', '2015-11-08 13:17:02'),
('479100213', '456561348', 'Belize', '375611781144524', 'No', 'Divorciado', 'Jubilado', 'Tren', 'Internet', 'No', 'Nepal', '1990-10-17 14:13:44'),
('479636693', '457294200', 'Haiti', '5434389486304754', 'Sí', 'Casado', 'En paro', 'Tren', 'Internet', 'No', 'Norfolk Island', '2010-07-10 02:20:54'),
('479697307', '458290065', 'Palestinian Territor', '5575086391340505', 'Sí', 'Divorciado', 'Jubilado', 'Tren', 'Publicidad', 'No', 'Luxembourg', '1974-04-26 23:08:29'),
('480358821', '459172647', 'Aruba', '6011555501913473', 'Sí', 'Soltero', 'Cooperativista', 'Moto', 'Publicidad', 'Sí', 'Dominican Republic', '1979-11-10 06:37:16'),
('482938497', '459367466', 'Netherlands Antilles', '4716285010876531', 'No', 'Soltero', 'Autónomo', 'Moto', 'Publicidad', 'No', 'Kuwait', '2017-11-03 08:34:35'),
('485630921', '464996096', 'Thailand', '4024007174396750', 'Sí', 'Soltero', 'Cooperativista', 'Tren', 'Publicidad', 'Sí', 'Iceland', '1978-05-18 18:31:15'),
('487704520', '468217103', 'Mexico', '5240440014114307', 'Sí', 'Divorciado', 'Jubilado', 'Avión', 'Publicidad', 'No', 'Lithuania', '2006-02-17 15:49:00'),
('490917362', '472961525', 'Mozambique', '4929740472536', 'No', 'Soltero', 'Cooperativista', 'Bus', 'Conocidos', 'No', 'Benin', '1999-09-25 01:41:58'),
('496234200', '473076890', 'Solomon Islands', '5197028217157806', 'No', 'Viúdo', 'Jubilado', 'Bus', 'Publicidad', 'No', 'Falkland Islands (Malvinas)', '2005-10-22 11:43:58');

-- --------------------------------------------------------

--
-- Estructura de tabla para la tabla `persona`
--

DROP TABLE IF EXISTS `persona`;
CREATE TABLE IF NOT EXISTS `persona` (
  `NUM_ID` varchar(9) COLLATE utf8_spanish_ci NOT NULL,
  `NOMBRE` varchar(40) COLLATE utf8_spanish_ci NOT NULL,
  `TELEFONO` varchar(31) COLLATE utf8_spanish_ci NOT NULL,
  `FECHA_NACIMIENTO` date DEFAULT NULL,
  `GENERO` enum('Masculino','Femenino','Otro') COLLATE utf8_spanish_ci DEFAULT NULL,
  `ULTIMA_ACTUALIZACION` timestamp NOT NULL DEFAULT current_timestamp() ON UPDATE current_timestamp(),
  PRIMARY KEY (`NUM_ID`),
  UNIQUE KEY `TELEFONO` (`TELEFONO`)
) ENGINE=InnoDB DEFAULT CHARSET=utf8 COLLATE=utf8_spanish_ci;

--
-- Volcado de datos para la tabla `persona`
--

INSERT INTO `persona` (`NUM_ID`, `NOMBRE`, `TELEFONO`, `FECHA_NACIMIENTO`, `GENERO`, `ULTIMA_ACTUALIZACION`) VALUES
('001654488', 'Helen Sanford', '1-707-441-4149', '2020-07-20', 'Otro', '2018-11-07 21:30:30'),
('006370090', 'Reina Wintheiser', '537-043-5306x3415', '2003-07-02', 'Otro', '1972-09-09 08:50:51'),
('007177728', 'Patricia Bradtke', '1-054-914-2319', '1983-05-31', 'Masculino', '2017-08-27 16:57:28'),
('009097848', 'Betty Bashirian', '1-413-318-6867x343', '1991-09-10', 'Otro', '1983-01-17 11:27:20'),
('013074339', 'Mrs. Amely Beier', '(272)501-4697x78244', '1986-08-01', 'Masculino', '2019-04-05 17:49:11'),
('021067009', 'Prof. Hermann Roob', '328-310-4238x2498', '2017-05-28', 'Masculino', '2007-04-24 13:33:49'),
('021366498', 'Shanie Jenkins', '993-179-6622', '1994-06-07', 'Masculino', '2002-09-17 17:12:41'),
('027590294', 'John Hartmann', '+97(6)9563950219', '1978-08-16', 'Femenino', '2002-08-12 17:50:54'),
('033174250', 'Princess Brown', '1-115-612-9400', '1993-06-11', 'Masculino', '1995-07-09 23:24:24'),
('034860330', 'Jimmie Beier', '04359507256', '2007-01-19', 'Masculino', '1983-11-16 10:55:50'),
('038687382', 'Ms. Ernestine Batz DVM', '422-748-6273x416', '2012-02-23', 'Otro', '1973-09-26 03:14:45'),
('050839707', 'Maureen Cassin Sr.', '+93(0)1449063810', '1982-10-20', 'Femenino', '2013-03-13 19:15:17'),
('051014080', 'Dr. Vincenzo Cummings Jr.', '751-866-1814', '2016-08-02', 'Femenino', '1983-03-17 07:40:10'),
('052492299', 'Marcelino Pollich Jr.', '+98(4)7859898415', '1998-10-29', 'Femenino', '2002-05-10 12:58:01'),
('053034739', 'Hillard Hettinger', '743.206.7727x9714', '2011-04-26', 'Otro', '1989-03-10 14:54:04'),
('053963100', 'Ms. Estell Casper Sr.', '1-717-054-6006x5527', '1985-06-08', 'Otro', '2012-11-26 13:54:24'),
('055606756', 'Jamil Stamm PhD', '1-429-760-4150x4051', '2000-02-17', 'Femenino', '2009-08-04 04:01:14'),
('060005522', 'Electa Legros', '908-584-2873x8099', '2021-02-07', 'Otro', '1985-04-22 23:41:26'),
('064336002', 'Mr. Ignatius Gleichner DDS', '863.253.8698', '2006-04-04', 'Otro', '2013-11-09 03:34:02'),
('064504013', 'Wilton Windler', '(377)760-9597x742', '1977-09-19', 'Otro', '2013-03-25 19:21:10'),
('065445693', 'Maryse Hudson', '425-452-3049x0053', '2012-05-24', 'Masculino', '1973-11-04 00:55:25'),
('067128755', 'Nelda Robel', '311-417-6081', '2011-12-22', 'Masculino', '1988-10-14 16:12:37'),
('067482706', 'Rahsaan Kunze', '+47(9)7769974285', '2000-06-11', 'Otro', '1988-07-02 20:52:39'),
('067731360', 'Ezequiel Schultz', '605-684-6499', '2003-08-07', 'Otro', '2017-12-03 18:21:17'),
('074227986', 'Makayla Satterfield', '1-536-679-7526x900', '1974-02-27', 'Otro', '1999-01-08 12:52:08'),
('078214495', 'Mr. Oliver Price DDS', '(645)175-1188x1160', '1992-02-08', 'Otro', '1975-01-20 18:38:08'),
('078585369', 'Lonnie Treutel', '(243)307-8759x23753', '2009-01-17', 'Masculino', '1999-09-10 10:29:10'),
('080087510', 'Alyson Bayer', '048-887-7049x7310', '1985-11-01', 'Masculino', '1981-03-19 04:29:53'),
('085198716', 'Kaci Treutel', '664.571.8580', '1978-03-01', 'Femenino', '1988-07-14 22:52:33'),
('088202711', 'Aleen Becker', '+61(5)2822168387', '2008-01-22', 'Otro', '1981-07-21 11:36:30'),
('088562087', 'Jules Pfeffer Jr.', '+28(6)6364969289', '2008-05-11', 'Otro', '1976-12-09 22:27:17'),
('089927690', 'Rosendo Stracke Jr.', '1-122-030-6769x3927', '2005-06-02', 'Masculino', '1970-09-01 13:33:31'),
('091984231', 'Miss Nedra Hoppe MD', '1-582-275-7668x35690', '2008-06-05', 'Masculino', '2014-08-23 05:17:23'),
('098813990', 'Quincy Weber', '(083)679-8831x283', '1991-03-25', 'Femenino', '2001-10-14 08:03:26'),
('099670137', 'Ms. Otha Gutmann', '(599)566-0511', '2014-10-15', 'Femenino', '1987-10-04 04:19:31'),
('099976878', 'Juana Corkery Jr.', '1-360-958-3071x933', '2018-03-24', 'Masculino', '1983-11-21 02:40:02'),
('100000558', 'Bennett Bailey', '035-443-9543', '1970-11-11', 'Femenino', '2019-05-06 14:49:50'),
('110438685', 'Oleta Hyatt', '873-340-4033', '2013-02-17', 'Otro', '1990-09-09 20:41:47'),
('111141880', 'Nicolette Denesik', '1-063-297-4679x6654', '1982-05-15', 'Femenino', '2014-09-28 15:32:23'),
('113501813', 'Dr. Makayla Schuster PhD', '845-240-5459x80344', '2017-03-13', 'Masculino', '2017-09-28 02:08:34'),
('117682801', 'Declan Hegmann', '06152089859', '1983-04-29', 'Masculino', '2021-03-01 06:25:34'),
('119547209', 'Lindsay Pacocha', '1-890-207-6486', '2000-06-17', 'Masculino', '1979-01-26 03:23:37'),
('120771615', 'Grover Douglas', '1-071-573-5946x671', '1996-09-30', 'Masculino', '2000-03-24 15:28:58'),
('125732421', 'Mr. Green Gerlach', '+31(9)5971395602', '2007-11-16', 'Femenino', '1987-12-12 02:33:54'),
('126839352', 'Meagan Stokes', '03916120935', '2017-08-15', 'Masculino', '1981-07-06 15:45:12'),
('126891036', 'Dr. Filomena Rogahn II', '(880)157-1272x7117', '1996-01-04', 'Femenino', '2008-08-19 22:26:55'),
('128181932', 'Cleo Hodkiewicz', '368.668.3270x65117', '1986-09-08', 'Femenino', '1973-08-14 17:15:07'),
('133586642', 'Prof. Lorenza Kassulke', '792.329.5731x61974', '1991-11-10', 'Masculino', '1985-11-03 22:45:24'),
('135142719', 'Rosa Weimann V', '422-823-1990x59154', '1972-10-13', 'Femenino', '2000-11-10 00:56:30'),
('138322098', 'Laurie Waelchi', '974.547.0847x3871', '1974-04-28', 'Masculino', '1999-01-05 08:03:49'),
('140531595', 'Dr. Simone Gleason Jr.', '005-643-3288', '2009-03-12', 'Masculino', '1996-04-25 21:46:46'),
('140681353', 'Quinn Torp MD', '1-744-934-5307', '1976-03-08', 'Otro', '1976-09-25 07:28:24'),
('141025169', 'Monty Quitzon', '840.773.8094x679', '1981-11-17', 'Masculino', '2008-04-01 21:03:32'),
('141132650', 'Aglae Doyle', '1-135-746-9464', '1999-08-12', 'Masculino', '2019-10-10 03:01:42'),
('145406886', 'Miss Gwendolyn Powlowski V', '+60(0)1704341335', '1999-07-26', 'Femenino', '1970-07-10 22:43:06'),
('151315633', 'Virginie King', '(265)850-0907x29329', '1982-12-13', 'Masculino', '1990-08-27 22:47:48'),
('151554096', 'Omari Mayer', '627.778.0093', '2005-06-04', 'Otro', '2013-11-25 09:12:13'),
('156918287', 'Buster Ernser', '235-333-8842x70455', '1986-12-03', 'Femenino', '1985-05-14 22:29:46'),
('163884999', 'Enid Parker', '093-480-6773', '2002-01-11', 'Masculino', '1983-09-01 12:27:40'),
('168690834', 'Ms. Sandy Auer', '04132827189', '1980-05-19', 'Otro', '2004-08-08 09:57:58'),
('169379994', 'Nellie Deckow', '(524)454-3733', '1993-09-20', 'Otro', '2006-06-22 20:15:18'),
('170313791', 'Miss Helene Dietrich PhD', '621-921-5626x3303', '1975-07-10', 'Femenino', '1973-10-07 04:44:19'),
('174401135', 'Addie Green', '1-214-356-5139', '1992-04-05', 'Femenino', '2014-11-13 20:23:04'),
('176173362', 'Dr. Jerry Hahn DVM', '777-505-6078x42040', '1980-01-17', 'Femenino', '2013-09-09 14:16:28'),
('181056291', 'Norene Durgan', '1-844-960-8502', '2000-04-25', 'Femenino', '1972-06-10 06:39:22'),
('182209849', 'Aniya Orn', '759-189-9956x482', '1978-01-17', 'Femenino', '2008-06-20 14:57:06'),
('182683144', 'Roscoe Abernathy', '879-836-6001x41614', '2015-12-22', 'Otro', '1998-10-24 14:36:50'),
('183013059', 'Enrique Hermiston', '715-840-8683', '1976-04-04', 'Otro', '2013-05-19 22:45:59'),
('183197503', 'Ms. Marilyne Harris Sr.', '561-865-8548x15048', '2006-10-26', 'Masculino', '2014-11-19 11:52:43'),
('184074441', 'Athena Predovic', '1-294-748-9815x185', '2019-10-02', 'Femenino', '1999-10-25 19:36:33'),
('184682549', 'Ms. Annamae Legros', '135.307.8042x4594', '2003-08-03', 'Masculino', '1980-04-04 05:55:51'),
('188310282', 'Kellen Bosco', '(598)311-7999', '2000-09-25', 'Masculino', '2004-07-16 07:53:33'),
('190444080', 'Mrs. Cassandra Conroy', '576-077-5955x014', '1975-04-30', 'Femenino', '2020-07-12 03:24:02'),
('190849627', 'Curtis Weissnat IV', '1-793-571-2541', '2017-07-26', 'Masculino', '1974-10-18 15:06:10'),
('192105285', 'Prof. Adan Hermann', '970-953-3791x0564', '1996-01-31', 'Masculino', '1990-07-06 23:26:01'),
('192680182', 'Ms. Brielle Schmidt', '957.088.0492', '2016-06-10', 'Otro', '2000-10-18 15:06:45'),
('194929489', 'Oscar Stark', '1-173-562-5255', '1982-10-07', 'Femenino', '1983-09-08 07:45:58'),
('196558210', 'Augustus Jacobi', '834-890-1811x244', '2007-02-04', 'Masculino', '1998-08-29 11:40:42'),
('197201448', 'Dewayne Lindgren', '335.604.6090x09503', '1993-04-04', 'Femenino', '2001-11-09 11:16:54'),
('198387529', 'Baron Stanton', '03732162051', '1999-07-14', 'Masculino', '1999-06-18 22:25:19'),
('203201754', 'Dr. Mohamed Glover', '(750)146-1038', '2015-01-28', 'Masculino', '2011-06-26 20:26:22'),
('208363447', 'Bert Luettgen', '768.430.5432x67755', '1985-05-07', 'Otro', '2001-04-24 20:36:47'),
('208573493', 'Floyd Hintz', '1-207-818-0552x3465', '1976-01-04', 'Femenino', '1977-02-10 04:32:17'),
('214009880', 'Deondre Hammes', '(896)810-8930', '1993-07-22', 'Masculino', '2009-11-09 00:35:55'),
('214063489', 'Jonas Trantow PhD', '02248327302', '2003-05-20', 'Otro', '2013-11-01 04:44:18'),
('218011434', 'Sigurd Rutherford Sr.', '060.068.0022x4429', '1977-10-10', 'Masculino', '2017-07-23 22:05:23'),
('220124051', 'Antonetta Baumbach', '(239)155-9532', '2001-01-25', 'Femenino', '2006-11-18 02:04:48'),
('221436535', 'Nat Welch', '04433531737', '1999-01-18', 'Femenino', '2009-02-28 13:06:33'),
('223803603', 'Emile Schowalter', '(630)603-5218', '2005-02-21', 'Masculino', '1983-01-04 09:12:56'),
('225598255', 'Monserrat Kub', '+22(9)1744652250', '1994-08-06', 'Otro', '1971-10-21 11:03:03'),
('228492257', 'Chanelle Heidenreich', '(666)679-9383x1735', '1985-08-20', 'Otro', '2015-11-08 20:17:06'),
('229956738', 'Wade Gusikowski Sr.', '1-968-971-9039x15741', '1999-10-01', 'Otro', '2017-03-25 05:27:56'),
('231245743', 'Prof. Ethel Bayer', '02526709411', '2006-08-19', 'Otro', '1985-06-11 06:28:23'),
('231869039', 'Juston Daniel', '566.045.4923', '2017-10-02', 'Masculino', '1981-11-08 05:51:45'),
('237960760', 'Waino Wilkinson', '333.125.5808', '1999-02-15', 'Masculino', '1999-04-07 19:21:05'),
('241464686', 'Lawrence Grady', '1-162-916-8497x9058', '2015-03-06', 'Otro', '2007-04-18 17:16:30'),
('244552584', 'Miss Alanis Mraz', '202.969.2815x08706', '1984-07-03', 'Femenino', '2017-02-23 06:09:46'),
('247258929', 'Lorenzo Beahan', '+84(5)3079504943', '1975-11-30', 'Masculino', '2004-09-05 01:24:28'),
('248692571', 'Amanda Konopelski', '(932)943-1369x325', '2004-12-23', 'Femenino', '1995-01-04 15:47:15'),
('250879285', 'Jacinthe Grady', '348.838.1780', '1981-06-12', 'Otro', '2017-02-11 23:36:00'),
('253154590', 'Hassie Moore', '(292)551-6002', '1972-04-12', 'Femenino', '1990-11-24 04:28:26'),
('253655641', 'Mateo Grimes', '(132)723-9695x50255', '2013-03-24', 'Otro', '1998-06-09 02:58:00'),
('255791510', 'Dr. Derick Watsica', '1-559-628-8778x8770', '1974-02-13', 'Otro', '2005-10-07 17:49:01'),
('257070336', 'Dr. Noemy Konopelski IV', '+13(2)9293174566', '2018-06-14', 'Femenino', '1995-09-10 06:40:10'),
('258299857', 'Kasandra Fadel', '+32(6)6857359785', '1999-02-27', 'Masculino', '1992-02-19 11:59:19'),
('261389186', 'Marcus Dickinson DVM', '(224)223-4996x01297', '1983-02-06', 'Femenino', '1972-03-22 05:35:40'),
('261551020', 'Prof. Julien Hettinger PhD', '976-984-1222x31952', '2011-01-10', 'Masculino', '1988-03-25 19:15:44'),
('263352646', 'Elsa Schiller', '+65(9)0647181553', '1997-06-25', 'Masculino', '1994-07-15 00:55:33'),
('263525252', 'Aida Schamberger III', '+11(0)3174302454', '2015-10-18', 'Femenino', '1993-08-07 17:48:05'),
('264840640', 'Miss Jakayla Rempel IV', '(785)911-7701x9725', '1984-08-21', 'Otro', '2013-02-17 13:25:51'),
('267339226', 'Prof. Jerel Thompson', '+01(8)9968752622', '1978-02-15', 'Masculino', '2011-08-01 22:34:45'),
('271562376', 'Ola Green', '+99(5)8097707525', '1973-08-21', 'Femenino', '1992-08-27 10:28:00'),
('285179953', 'Hulda Trantow Sr.', '220-508-4598', '1973-05-29', 'Masculino', '1999-08-06 18:26:01'),
('286713494', 'Gust Padberg', '131.228.6054', '2020-09-27', 'Otro', '1977-02-15 04:59:20'),
('287160596', 'Dr. Matteo Larkin PhD', '(297)611-7424', '1971-05-22', 'Otro', '1986-10-18 15:36:10'),
('288153025', 'Humberto Torphy', '+32(4)7128589312', '2003-12-07', 'Femenino', '1982-10-09 11:44:36'),
('292400063', 'Natalie Armstrong', '(302)345-2669x664', '2003-01-18', 'Otro', '1986-08-26 02:55:56'),
('294530072', 'Elliott Pfeffer', '(068)509-7849', '2000-03-14', 'Masculino', '1984-03-05 04:03:52'),
('294567529', 'Velma Dibbert', '(527)869-9332x488', '2004-08-09', 'Masculino', '2019-06-19 19:40:38'),
('295705605', 'Flavio Tremblay', '02311739016', '2009-02-01', 'Masculino', '2015-06-10 05:33:56'),
('297779200', 'Miss Leonora Zulauf', '1-125-445-4540', '2001-06-22', 'Femenino', '1983-09-15 06:52:31'),
('300236357', 'Ricky Dicki', '+83(7)0679514235', '2017-12-09', 'Masculino', '2010-03-05 23:35:23'),
('304948442', 'Virgil Volkman', '1-383-310-6584', '2001-09-12', 'Otro', '1992-07-09 21:51:17'),
('310096827', 'Wilmer Lind', '06334793489', '1983-03-11', 'Femenino', '1983-01-19 11:34:50'),
('311050673', 'Dr. Adrianna Breitenberg IV', '1-803-330-1879', '1974-11-29', 'Masculino', '2012-06-22 09:14:48'),
('311180342', 'Abbey Farrell', '281.173.3466', '2020-10-04', 'Otro', '2010-07-04 09:28:24'),
('313032018', 'Genesis Strosin', '(544)780-5960', '1983-05-02', 'Otro', '2020-11-25 18:48:55'),
('313634137', 'Genesis Macejkovic', '(369)549-2634', '2021-01-30', 'Femenino', '2020-03-05 17:39:42'),
('314723053', 'Sarina Beatty', '(811)204-2263', '2017-08-18', 'Masculino', '2003-04-08 21:38:55'),
('316180108', 'Rebekah Green I', '931.076.7790x69977', '2007-02-09', 'Otro', '2018-10-15 08:56:54'),
('316378481', 'Prof. Clementina Spencer Sr.', '+75(1)5997439589', '1976-03-19', 'Otro', '2009-10-29 23:56:11'),
('316761516', 'Prof. Major Simonis I', '607.182.9416', '1979-03-17', 'Masculino', '2020-10-30 19:38:48'),
('317034358', 'Pink Littel', '232.043.4306', '2017-01-02', 'Femenino', '2003-09-20 16:13:41'),
('319254229', 'Ralph Fisher', '709.916.8312', '2013-12-24', 'Femenino', '2016-12-23 14:29:15'),
('320136553', 'Krystal Kling', '1-205-368-2221', '1994-05-01', 'Masculino', '2015-09-13 05:30:35'),
('323934543', 'Dr. Andreane Wilderman', '1-611-283-1976x209', '1994-10-25', 'Masculino', '2011-04-03 15:36:44'),
('331348050', 'Cathy Beer', '419.292.9801', '1971-07-09', 'Masculino', '2006-06-16 18:21:09'),
('334247273', 'Carol Eichmann Jr.', '841.428.4027x46708', '1971-10-03', 'Otro', '2009-12-12 09:55:02'),
('334942638', 'Karli Pouros', '08354378290', '2012-09-12', 'Femenino', '1984-06-13 01:45:05'),
('337340224', 'Isac Schiller', '752.722.5713', '2012-10-03', 'Femenino', '1988-07-21 17:33:46'),
('349777269', 'Gus Daniel', '(543)431-7019x869', '1971-08-08', 'Masculino', '1974-06-25 18:10:39'),
('352618472', 'Manuel Dooley', '(461)842-3844', '2002-03-15', 'Masculino', '1981-06-13 23:08:59'),
('356593972', 'Eldridge Gulgowski', '1-728-692-6860x528', '2015-07-04', 'Otro', '1990-08-02 10:37:37'),
('361886028', 'Gaetano Renner', '1-789-992-4813x85906', '1994-11-21', 'Masculino', '1995-01-02 08:27:40'),
('371413021', 'Dr. Jayne Doyle', '(693)062-2073x3271', '2001-04-13', 'Otro', '2016-10-19 19:52:01'),
('371797112', 'Georgianna Paucek', '+89(9)0132268523', '2015-11-03', 'Femenino', '2012-09-27 07:57:17'),
('378107388', 'Jack Sporer', '066.519.0261', '1999-01-29', 'Femenino', '1981-11-23 07:55:08'),
('378223474', 'Mr. Dewitt Becker DDS', '917.072.9199x9262', '1992-03-11', 'Femenino', '1988-05-07 00:42:37'),
('380520823', 'Annabel Bode', '056.088.4729x3343', '1982-07-02', 'Otro', '2007-11-28 00:58:21'),
('382690090', 'Jimmie Orn', '1-602-088-1600x72600', '1986-08-12', 'Femenino', '1980-06-20 07:44:15'),
('383060974', 'Mr. Russel Gaylord', '207-411-9569', '2019-08-24', 'Masculino', '1973-05-22 19:25:46'),
('386565342', 'Lisa McGlynn', '476.045.6426x3959', '1983-11-08', 'Masculino', '2000-07-27 09:26:30'),
('388970430', 'Dr. Lonny Kautzer I', '(345)145-6175x681', '2004-01-21', 'Otro', '2010-10-03 20:17:16'),
('390526232', 'Brielle Simonis', '1-040-743-0209x227', '1992-01-17', 'Otro', '1986-10-28 11:38:59'),
('397732946', 'Mortimer Orn', '151.459.1511', '1995-12-04', 'Femenino', '1995-01-11 05:47:24'),
('402184486', 'Vergie Bins', '760-103-0881', '2010-07-24', 'Femenino', '2004-06-03 06:45:09'),
('405861534', 'Dora Hills MD', '1-724-333-6989x579', '1970-10-20', 'Femenino', '1995-07-01 16:22:00'),
('409254635', 'Miles White', '957-306-1948x104', '2006-12-22', 'Masculino', '2008-04-25 02:40:15'),
('410456407', 'Lucy Okuneva', '09929246126', '1977-03-05', 'Femenino', '2002-05-11 06:12:14'),
('415662868', 'Berta Runolfsson', '1-704-637-5016', '1996-09-29', 'Masculino', '2002-09-20 13:53:01'),
('417405934', 'Prof. Isac Crona', '1-198-506-9224x2581', '2015-09-25', 'Femenino', '2004-01-14 05:28:24'),
('418675295', 'Miss Marcelle Schiller', '1-594-887-1953x67541', '1985-05-17', 'Otro', '2017-06-16 13:13:29'),
('418791699', 'Landen Kirlin', '(329)285-0729', '1987-04-29', 'Masculino', '1983-11-25 05:34:08'),
('427047860', 'Rosendo Legros', '1-872-490-4919', '2020-10-11', 'Otro', '2004-09-29 05:29:55'),
('430508402', 'Rupert Olson', '(978)857-2459', '1974-08-24', 'Otro', '1981-11-29 16:43:23'),
('433438601', 'Prof. Matt Quigley', '738-950-1672', '1978-04-14', 'Otro', '2003-02-10 13:25:49'),
('433889190', 'Prof. Norval Schinner V', '(845)933-1935', '1970-12-20', 'Masculino', '1980-12-28 07:01:38'),
('434993654', 'Ms. Lupe Klocko', '(395)831-0675', '2001-07-15', 'Masculino', '1986-08-16 15:12:00'),
('437001599', 'Lavinia Goodwin', '(280)250-2793', '2005-07-25', 'Otro', '1978-07-19 18:08:56'),
('437822664', 'Winfield Hamill', '1-042-947-9317x321', '1974-05-09', 'Femenino', '1970-08-30 23:12:47'),
('439052005', 'Delilah Ondricka', '750.056.9351x12934', '1989-03-09', 'Otro', '2007-01-27 03:55:08'),
('442335865', 'Jolie McLaughlin DVM', '(937)789-9616', '2016-10-29', 'Femenino', '1988-03-18 23:16:02'),
('445261917', 'Mr. Loy Heathcote', '1-577-736-4670x0149', '2006-03-14', 'Otro', '2001-05-09 04:53:35'),
('447118327', 'Rocky Cole', '1-219-569-2813x490', '2008-04-16', 'Femenino', '1971-05-21 17:39:00'),
('450302745', 'Mr. Israel Johns III', '(051)483-2678', '1995-09-19', 'Masculino', '2009-05-12 21:25:44'),
('450396389', 'Vivien Schimmel', '1-227-834-6927x84898', '2013-05-02', 'Femenino', '1989-12-28 08:13:14'),
('452500322', 'Vivien Ullrich', '718-916-6368x816', '1973-09-05', 'Otro', '2010-11-06 21:03:47'),
('454857108', 'Shad Bednar III', '1-289-504-4358x13646', '1997-11-11', 'Femenino', '1987-09-04 06:52:23'),
('456592433', 'Prof. Angie Hudson', '1-843-848-9176', '1980-05-29', 'Otro', '2003-10-13 14:51:23'),
('460860167', 'Cesar Rippin', '860-929-4324', '2020-07-15', 'Femenino', '1981-08-21 00:08:39'),
('460899803', 'Ally Hoeger', '1-964-996-2446', '1991-11-16', 'Masculino', '1981-09-24 04:20:45'),
('461740370', 'Dr. Jasmin Skiles', '(004)104-3342x7195', '1988-06-26', 'Femenino', '1971-04-19 12:44:39'),
('463145512', 'Christ Auer', '+76(1)3477487427', '2011-08-31', 'Otro', '2010-07-17 03:08:25'),
('463152164', 'Ashleigh Dietrich', '1-617-180-3261', '2006-12-01', 'Otro', '2017-12-04 19:29:33'),
('463413654', 'Michel Schmeler', '607-077-8594x21700', '1999-08-23', 'Femenino', '1975-05-11 19:44:42'),
('465467967', 'Vivienne Quitzon MD', '1-649-789-1638x11457', '2004-01-07', 'Otro', '1996-10-04 08:10:30'),
('468908117', 'Dr. Seamus Collier', '101-990-1357', '1980-11-01', 'Masculino', '1978-03-15 15:27:59'),
('472332883', 'Dr. Kyra Goodwin', '1-757-322-2842x460', '1990-10-06', 'Masculino', '2021-02-15 22:03:19'),
('472987691', 'Clare Wehner', '908.761.3258x8675', '1973-02-05', 'Masculino', '1973-04-29 21:57:57'),
('477582918', 'Prof. Jesse Schiller', '04793479761', '2000-05-07', 'Otro', '2010-09-10 03:43:51'),
('477835429', 'Zella Ernser', '190.661.1314x800', '1973-07-01', 'Masculino', '1973-07-20 00:07:03'),
('479100213', 'Queenie Hintz IV', '1-150-088-5662', '2016-01-10', 'Femenino', '2008-06-02 00:21:23'),
('479636693', 'Prof. Gladys Stark Jr.', '(367)327-8658x65526', '1987-12-04', 'Otro', '1973-01-25 18:30:28'),
('479697307', 'Mr. Harley Nicolas MD', '017.328.4914x9859', '1983-07-22', 'Masculino', '1987-04-25 16:05:36'),
('480358821', 'Gregory Schmidt', '+99(2)7547573915', '1970-02-28', 'Otro', '2009-09-26 09:33:36'),
('482938497', 'Tamia Altenwerth', '297.214.8906', '1985-01-04', 'Femenino', '1987-09-15 04:15:32'),
('485630921', 'Jessika Barrows', '910.744.5387x988', '2020-08-29', 'Masculino', '1988-11-01 15:46:52'),
('487704520', 'Toby Kessler', '600.048.0938x738', '1983-09-18', 'Masculino', '2017-09-14 19:13:26'),
('490917362', 'Orval Renner I', '(303)750-1974', '1995-02-01', 'Masculino', '1998-11-15 23:30:27'),
('496234200', 'Prince Carroll', '(902)708-8575x3204', '2000-02-11', 'Femenino', '2014-03-30 14:47:57'),
('497778340', 'Gonzalo Lynch', '249.033.4036', '2017-11-15', 'Otro', '2015-03-05 16:49:04'),
('497948446', 'Kamille Rippin', '415-862-4986x35163', '2020-12-26', 'Otro', '1976-11-26 16:47:08'),
('497959810', 'Dakota Upton', '1-039-313-6816x024', '1998-12-17', 'Otro', '2018-04-16 07:18:59'),
('498307082', 'Isabelle Kertzmann', '115-549-3238', '1975-01-24', 'Otro', '1973-03-02 15:27:39'),
('499737574', 'Camille Ankunding Jr.', '935-155-5200x139', '1990-10-06', 'Femenino', '1992-01-21 22:51:31'),
('499928803', 'Dr. Maye Purdy II', '823.251.4623', '2008-08-23', 'Femenino', '1991-01-31 03:35:08'),
('502381174', 'Anabelle Stamm', '04375463678', '1979-04-07', 'Femenino', '2002-02-24 20:04:27'),
('508830251', 'Leta Sawayn', '1-487-355-1470', '1994-06-18', 'Otro', '2016-10-28 09:28:15'),
('509096748', 'Mrs. Alexa Greenholt II', '968.628.4807x494', '1988-11-05', 'Masculino', '2020-01-12 10:26:58'),
('517930637', 'Nash Jakubowski', '1-500-113-2159x08669', '1990-12-25', 'Femenino', '1984-10-05 01:33:19'),
('521570995', 'Mrs. Tamara Wintheiser', '+90(6)5086987140', '1996-09-01', 'Femenino', '2007-11-28 08:43:05'),
('522124286', 'Maximo Langosh', '426-133-4288x6289', '1993-10-24', 'Masculino', '2004-04-21 22:29:46'),
('524489700', 'Griffin Okuneva', '1-628-945-1940x264', '1992-08-15', 'Masculino', '2003-02-17 19:06:51'),
('526485513', 'Kadin Thompson Sr.', '1-995-268-9754x37755', '1971-05-06', 'Otro', '1986-06-13 13:29:54'),
('530295604', 'Tyshawn Schultz', '+10(4)9294648432', '1983-09-28', 'Masculino', '1985-03-03 00:54:30'),
('533632170', 'Mr. Broderick Heathcote', '095.702.7258', '1985-10-30', 'Masculino', '1979-04-30 15:47:30'),
('536249183', 'Reece Marks Jr.', '1-688-841-5047x4256', '1987-05-20', 'Masculino', '1974-02-24 01:09:28'),
('537394720', 'Granville Crona IV', '781-934-1069', '1993-01-23', 'Otro', '2019-10-04 10:35:52'),
('539697134', 'Ramona Spinka', '+69(7)2261186768', '1995-11-02', 'Femenino', '1985-07-18 20:02:06'),
('550306440', 'Claudia Hoeger', '(801)801-0141', '1984-11-27', 'Femenino', '1985-03-09 14:54:00'),
('553635210', 'Ms. Eryn Lakin', '852.043.2832x7410', '1982-10-20', 'Otro', '2004-01-22 02:09:35'),
('555259328', 'Yasmin Herman Jr.', '754.131.4897', '1995-03-25', 'Otro', '2009-04-29 23:19:58'),
('557154858', 'Kenyatta Glover', '963.215.7853x013', '1979-09-02', 'Masculino', '1987-12-05 06:23:25'),
('558572616', 'Cecil Leannon', '1-117-083-0948x0364', '1992-11-21', 'Femenino', '1989-08-29 04:23:02'),
('558635813', 'Makayla Welch III', '211.624.9074x5433', '1975-09-06', 'Otro', '1970-08-22 12:54:32'),
('559045547', 'Mrs. Margarita Veum II', '487-401-8641', '2020-07-26', 'Otro', '2019-11-24 17:09:05'),
('563795719', 'Alycia Conroy', '296.215.5169x33870', '1976-01-07', 'Masculino', '1985-04-01 19:15:42'),
('568903981', 'Miss Clementine Bergnaum', '510.404.1154x9542', '1973-03-22', 'Masculino', '2000-12-27 19:43:37'),
('577664259', 'Dr. Cristian Heidenreich Jr.', '944-460-6115x19894', '1972-07-24', 'Masculino', '1987-08-13 19:19:50'),
('578930181', 'Dr. Hayley Kovacek', '967-772-8123', '1982-11-07', 'Masculino', '1982-01-30 05:01:59'),
('582036311', 'Madisyn Mills', '(955)582-2341x200', '1982-12-22', 'Otro', '1975-12-23 16:18:29'),
('589541445', 'Ruth Stracke', '073-274-1979', '2017-07-19', 'Femenino', '1995-08-10 20:15:53'),
('590765826', 'Mr. Webster O\'Kon', '(693)281-7262', '1982-12-11', 'Otro', '1974-06-10 17:39:39'),
('592171158', 'Lolita Swaniawski DDS', '978-830-0104x1168', '1980-10-19', 'Femenino', '2019-09-26 11:02:17'),
('595431912', 'Prof. Miracle Mertz I', '05762435865', '2010-04-05', 'Otro', '1978-08-25 22:25:03'),
('597770069', 'Kolby Orn', '1-523-793-1443', '2014-05-16', 'Otro', '1987-12-21 08:57:06'),
('599582414', 'Dr. Damion Wolf Sr.', '+94(6)3961172670', '1990-03-17', 'Femenino', '1978-05-27 17:26:10'),
('604529513', 'Consuelo Glover', '1-824-630-1437x657', '1995-02-09', 'Otro', '2015-05-14 02:27:06'),
('605227492', 'Ms. Liana Raynor DVM', '335.104.5011x90600', '1970-11-16', 'Otro', '2006-05-06 13:47:35'),
('606190363', 'Kaitlyn Goldner', '806-855-0844x09498', '1977-09-23', 'Femenino', '1982-02-10 19:27:07'),
('608877051', 'Angelita Schuppe', '039.621.2708x754', '1989-10-26', 'Femenino', '1992-08-20 20:03:21'),
('613661615', 'Elsa Romaguera', '09936699323', '1978-09-11', 'Femenino', '1970-01-19 09:17:12'),
('619593962', 'Carroll Jakubowski', '747-112-3382', '2013-12-28', 'Masculino', '2013-08-12 03:16:40'),
('620524744', 'Albin Schimmel', '04596503816', '2001-08-15', 'Masculino', '1993-09-04 09:36:29'),
('620641723', 'Prof. Blanche Hilpert MD', '+73(3)1292009253', '1982-06-03', 'Femenino', '2007-08-09 03:52:35'),
('621723521', 'Melvin Little', '1-837-666-0019x5003', '1982-01-10', 'Femenino', '2006-08-16 17:29:38'),
('623964093', 'Claud Haag DDS', '(091)246-4867x3724', '2016-11-10', 'Otro', '1989-07-11 02:25:07'),
('624915747', 'Hershel Buckridge MD', '1-535-402-3237x54462', '1970-02-22', 'Otro', '2000-08-19 08:23:39'),
('626476103', 'Maybelle Wunsch', '263-705-1113', '2018-11-20', 'Femenino', '1978-05-08 21:04:50'),
('626765930', 'Samanta Cummings', '00293740712', '1986-05-31', 'Femenino', '1992-02-20 21:15:36'),
('627221290', 'Obie Satterfield', '09102144932', '2001-06-16', 'Masculino', '1987-04-17 03:21:28'),
('627630668', 'Lura Hauck', '04570115719', '2016-10-31', 'Masculino', '2012-01-26 07:02:31'),
('631363218', 'Earline Kunde', '322-597-2295', '1981-07-25', 'Otro', '2016-07-25 04:17:50'),
('636832294', 'Dr. Ray Skiles DVM', '1-321-870-6305x42566', '1976-10-14', 'Masculino', '2013-12-14 09:14:40'),
('637003464', 'Judy Kozey', '455-573-6608x28175', '2013-12-14', 'Femenino', '2009-10-17 15:48:51'),
('639614869', 'Joanne Lemke III', '+84(4)4806581755', '1997-10-16', 'Femenino', '1971-08-12 08:06:14'),
('640078434', 'Katarina Larson', '1-031-942-2502x05435', '2015-09-08', 'Otro', '1973-03-30 11:12:48'),
('640347021', 'Mr. Odell Heidenreich', '914.673.4935x85253', '2020-12-19', 'Femenino', '2017-01-10 20:19:26'),
('649257219', 'Mr. Kyler Hoeger', '471.949.4091x67877', '1980-02-03', 'Masculino', '1980-05-20 14:01:44'),
('651123967', 'Rosanna Brown DDS', '1-209-989-9701x558', '1973-06-06', 'Femenino', '2009-12-26 11:06:51'),
('652875260', 'Zelma Treutel', '+41(8)7314004727', '2007-07-25', 'Femenino', '2017-10-16 18:51:15'),
('653789552', 'Jaron Bergnaum', '112.748.3278x501', '1983-09-25', 'Otro', '1972-09-02 09:49:57'),
('654624861', 'Caroline Dickens DDS', '183.115.0173x4429', '1972-01-01', 'Femenino', '1989-09-05 03:09:58'),
('656410385', 'Moses Rice', '(785)292-0765x835', '1984-12-03', 'Femenino', '1989-09-15 05:45:12'),
('657411590', 'Cathy Walsh', '1-262-602-3069x3591', '1999-02-03', 'Otro', '1986-10-12 18:19:01'),
('665433492', 'Sylvia Kautzer', '563-659-1478', '2017-01-02', 'Otro', '2015-12-25 03:25:23'),
('667650596', 'Kamille Lemke MD', '1-170-901-0313', '1991-08-11', 'Femenino', '1980-01-07 18:01:29'),
('671060168', 'Marion Hand', '(444)354-4688x685', '1993-02-24', 'Otro', '1997-03-25 08:03:16'),
('673301044', 'Eloise Murphy', '182-967-5992', '1976-06-03', 'Otro', '2019-10-04 03:48:43'),
('677136486', 'Jerry Leuschke IV', '1-739-025-6113', '1971-09-24', 'Masculino', '1989-07-05 20:47:21'),
('677400876', 'Ocie Weissnat', '479.698.7346x79091', '1974-07-10', 'Femenino', '1973-08-19 20:49:07'),
('678855352', 'Josephine Harris', '(789)192-5816', '1979-05-05', 'Otro', '2006-03-22 02:47:04'),
('683613550', 'Regan Nicolas PhD', '(400)425-2206x518', '2013-04-15', 'Otro', '1986-12-08 13:16:54'),
('684663723', 'Luz Deckow', '(612)306-1332x62510', '2008-09-14', 'Femenino', '2000-08-23 20:39:42'),
('690252457', 'Hailie Stanton', '+10(2)5966441719', '1983-11-04', 'Otro', '1989-08-27 21:11:20'),
('690429341', 'Shyann Lemke', '+64(2)4430858543', '1971-08-30', 'Femenino', '1983-02-04 12:59:39'),
('693059007', 'Marjory Balistreri', '07918988368', '1974-07-29', 'Masculino', '2020-10-06 03:44:46'),
('695899536', 'Ms. Rosemarie Hansen', '+73(6)6410329121', '1989-12-11', 'Masculino', '1970-05-03 20:23:42'),
('699199450', 'Dannie Cummings', '1-749-001-6882', '1995-05-23', 'Femenino', '1974-03-21 11:49:05'),
('700389957', 'Alison Russel', '08804430121', '1973-10-27', 'Masculino', '2019-09-21 12:43:52'),
('704536530', 'Dr. Quinton Ritchie', '615-464-9349x6809', '2013-03-02', 'Femenino', '2007-08-11 08:26:28'),
('704868571', 'Scarlett Boyle', '186-968-6479', '1993-07-12', 'Otro', '2020-12-16 11:02:31'),
('714185124', 'Lou Mohr', '07550952640', '1988-10-22', 'Femenino', '1983-10-17 05:39:45'),
('715910297', 'Emilio Haag', '(162)168-6435x44611', '1997-09-22', 'Otro', '1991-05-24 23:17:06'),
('720131171', 'Ashly VonRueden', '671-431-6657x14126', '2016-12-05', 'Femenino', '2006-07-23 07:44:51'),
('725099942', 'Devon Marquardt', '1-634-039-0474x876', '1973-03-01', 'Masculino', '1979-11-27 00:52:22'),
('729896059', 'Mrs. Ivory Donnelly', '920.019.6707x892', '2020-04-29', 'Masculino', '1987-06-11 00:19:50'),
('731974760', 'Prof. Zachariah Crooks MD', '1-841-693-0428x563', '1994-07-10', 'Masculino', '1972-12-30 14:45:53'),
('732778521', 'Winifred Lowe Sr.', '687-812-3787x26394', '1994-12-25', 'Femenino', '2015-07-14 03:09:33'),
('733816850', 'Meaghan Rice', '1-935-311-0213x310', '2008-09-05', 'Femenino', '1976-03-02 12:17:17'),
('734038497', 'Prof. Kacie Dare', '+73(3)0043773688', '1989-01-21', 'Masculino', '2018-05-18 19:56:37'),
('735074564', 'Mrs. Beatrice Mueller III', '646.904.0788x01082', '1997-05-18', 'Femenino', '1972-10-23 02:28:50'),
('735513168', 'Taurean Zboncak Jr.', '302.253.9269x41237', '2012-06-03', 'Otro', '2011-02-25 01:10:32'),
('735841912', 'Noelia Lesch', '542-635-8240', '1974-11-30', 'Masculino', '1975-06-03 13:38:29'),
('736206277', 'Angeline Gleason', '(290)114-4446', '2003-07-22', 'Masculino', '2006-04-08 17:15:54'),
('737348992', 'Wilma Waters DVM', '1-388-132-9527', '1996-04-20', 'Otro', '1984-03-30 19:20:08'),
('742197826', 'Velma Bogan Jr.', '(825)438-3602x85789', '1984-07-01', 'Otro', '2020-09-13 09:14:38'),
('744002517', 'Tristin Bechtelar', '(671)616-6468x80168', '1994-01-26', 'Femenino', '1984-11-29 16:57:45'),
('746344270', 'Prof. Eliseo Grimes', '262-142-6148x7925', '1971-07-07', 'Otro', '1973-12-19 06:00:35'),
('747808805', 'Ezequiel Greenholt', '1-071-458-4320x36453', '1972-02-17', 'Otro', '1971-12-24 00:17:29'),
('749421428', 'Sally Stark', '318.478.0865x81912', '1985-05-19', 'Masculino', '2010-10-07 23:15:53'),
('756767064', 'Mrs. Sadie Boyle', '1-817-282-8514x0867', '1987-10-11', 'Femenino', '2000-11-23 08:57:40'),
('759968713', 'Etha Weissnat', '(898)177-8837', '1981-02-21', 'Otro', '2017-11-19 16:18:23'),
('761268250', 'Deron Hettinger PhD', '(712)904-2395x80108', '1997-12-18', 'Otro', '1995-11-20 20:55:34'),
('762051306', 'Tyrique Kris PhD', '024.839.7313x76822', '2007-04-06', 'Otro', '1991-11-15 00:14:58'),
('770389799', 'Dr. Donnie Funk Sr.', '(454)716-3517x828', '1975-09-29', 'Masculino', '1977-09-09 09:29:49'),
('770554120', 'Prof. Gage Streich', '341.183.6517', '2015-08-31', 'Femenino', '2006-07-26 09:02:04'),
('771055589', 'Lorenza Walsh', '(120)984-1658x9421', '1981-04-15', 'Femenino', '1993-04-18 17:57:04'),
('771368025', 'Aurelia Beer', '382-632-2811x21449', '1970-08-21', 'Otro', '1993-11-04 02:04:29'),
('772259954', 'Dr. Nicole Koss', '(943)794-1808x41228', '2013-10-02', 'Masculino', '2020-01-30 03:41:55'),
('772325926', 'Jameson Buckridge', '1-983-225-0843x7330', '1988-03-07', 'Femenino', '1980-06-11 19:10:29'),
('778188942', 'Mr. Darrion Gutmann I', '07527498066', '1978-08-07', 'Otro', '2019-01-07 07:18:30'),
('779291228', 'Nigel Bartoletti Jr.', '838-627-8747x78442', '2013-08-16', 'Otro', '1982-05-09 22:44:07'),
('779470012', 'Dr. Tabitha Thompson', '(116)550-2836', '2007-12-07', 'Femenino', '1980-12-24 10:02:17'),
('780884036', 'Olga Huels PhD', '1-687-605-8898', '2003-07-22', 'Masculino', '2013-09-04 16:02:39'),
('788631655', 'Prof. Cornell Kassulke V', '(969)042-0283x226', '2007-03-09', 'Femenino', '1983-03-30 08:52:09'),
('798494791', 'Miss Lucienne Dare', '1-014-958-7039x25537', '2006-08-17', 'Femenino', '2016-09-03 01:04:50'),
('811006816', 'Nicholas Eichmann', '603-474-4592x7877', '2003-09-30', 'Femenino', '1973-03-08 15:24:29'),
('816685989', 'Allen Nicolas Sr.', '(748)846-0498', '1976-03-03', 'Masculino', '2009-03-31 21:58:09'),
('817942700', 'Fatima Deckow Jr.', '(054)179-3803x50438', '1989-04-15', 'Femenino', '1983-12-29 09:32:42'),
('820663691', 'Rosetta Okuneva', '433.281.7974', '1977-04-17', 'Otro', '2017-01-14 00:50:19'),
('824954373', 'Prof. Lexus Schneider', '510.428.9248', '1989-01-13', 'Masculino', '1977-02-07 18:34:14'),
('828602412', 'Mary Champlin', '634.600.3886x6622', '1979-01-19', 'Femenino', '1993-10-06 22:04:09'),
('832975071', 'Mr. Ryann Volkman DVM', '188.528.3426x249', '2000-05-21', 'Femenino', '1986-10-28 23:41:48'),
('834448816', 'Cale Dicki', '(106)501-8392x805', '2008-12-01', 'Masculino', '2020-08-31 23:56:25'),
('839347575', 'Santino Ziemann', '447.839.0054x53789', '1993-05-19', 'Masculino', '2003-03-06 01:01:35'),
('842138823', 'Prof. Holly Schamberger', '1-546-284-3949x183', '1998-12-24', 'Masculino', '2016-02-28 14:45:58'),
('842385246', 'Agustin Mante', '487-793-8814', '1996-04-15', 'Femenino', '2005-03-09 02:32:48'),
('842438981', 'Jennifer Shields', '298.620.6480x235', '1986-08-18', 'Otro', '1979-08-30 03:31:09'),
('844454244', 'Mr. Michale Kertzmann II', '1-611-260-0595', '1998-09-18', 'Otro', '1976-07-18 12:58:14'),
('847220182', 'Miss Shanelle Bogan', '+14(4)6579868559', '1999-08-19', 'Masculino', '2010-06-26 19:30:27'),
('847731215', 'Al Tillman', '558.452.4551', '2019-06-27', 'Femenino', '1992-03-27 08:35:25'),
('853601698', 'Mr. Maxwell Pfannerstill MD', '914.410.6720x16178', '2011-08-18', 'Otro', '2009-03-28 14:41:18'),
('854359595', 'Karley Hansen', '1-681-851-0855x7849', '1989-11-17', 'Otro', '1996-06-14 08:37:34'),
('860446543', 'Arvilla Nienow', '+81(5)3177996664', '1995-02-17', 'Femenino', '2002-02-08 20:32:41'),
('861347745', 'Dr. Ana Herzog', '+56(6)2346258471', '2002-03-22', 'Otro', '1972-04-18 01:06:22'),
('863609653', 'Lori Marquardt', '1-181-493-9820', '1976-09-15', 'Masculino', '1997-03-25 04:44:34'),
('864310913', 'Carter Leuschke', '03184429641', '2014-08-10', 'Otro', '2005-03-27 08:57:36'),
('868786071', 'Ronny Lueilwitz', '073.693.9200x518', '1992-10-19', 'Otro', '1995-11-10 06:11:08'),
('869903765', 'Tanner Adams', '(205)811-1895x25730', '1970-07-25', 'Otro', '2002-09-14 19:20:25'),
('869907607', 'Ignacio McClure III', '703-535-0072x09259', '1981-11-22', 'Otro', '1986-07-25 04:51:31'),
('871265235', 'Dr. Kelsie Okuneva DDS', '+25(4)1115185592', '1975-08-24', 'Otro', '1978-04-14 10:18:22'),
('871683822', 'Zena Herman', '+64(0)3104950820', '2005-04-14', 'Femenino', '2001-04-22 16:27:36'),
('871913392', 'Prof. Vicente Kassulke Jr.', '595.670.4753', '2004-04-14', 'Femenino', '2018-12-05 09:31:00'),
('873359886', 'Micaela Crona', '05475243308', '1993-09-15', 'Femenino', '2015-12-30 16:16:29'),
('878019899', 'Emerson Dach', '+60(8)3082293533', '2008-01-10', 'Masculino', '1998-06-28 12:14:57'),
('881998579', 'Ariane Murray', '998.865.0606x4436', '1985-06-04', 'Masculino', '2002-07-16 20:48:26'),
('889419301', 'Sarina Witting IV', '004.500.2327', '1983-08-18', 'Masculino', '2010-09-29 01:53:25'),
('891545296', 'Travis Green PhD', '1-089-095-0322', '2010-03-14', 'Otro', '2004-07-04 05:07:02'),
('893191189', 'Prof. Jarvis Kemmer DDS', '961-766-3348', '2013-11-24', 'Masculino', '1983-03-07 01:15:16'),
('894520290', 'Roberto Jenkins DVM', '032-088-7802x7843', '1997-09-14', 'Masculino', '1984-08-04 23:34:05'),
('894549032', 'Erwin Gleason', '+55(7)9380510224', '1993-09-12', 'Masculino', '1998-07-01 22:01:26'),
('897489834', 'Lexie Jacobs', '(703)465-4838x95512', '1984-07-17', 'Otro', '1980-05-16 20:51:24'),
('903090107', 'Justen Gerhold Jr.', '809.221.1874x7390', '1980-12-26', 'Masculino', '2008-07-22 06:11:19'),
('904343040', 'Prof. Ubaldo Durgan', '+44(4)4040288129', '1990-07-03', 'Masculino', '1985-04-08 23:39:39'),
('906201014', 'Paolo Miller', '03895139246', '1982-10-11', 'Otro', '2012-05-24 04:19:10'),
('906392083', 'Sonny Corwin', '1-680-905-0198x0446', '1973-07-17', 'Masculino', '1978-09-03 10:41:23'),
('906666183', 'Camylle Schmidt', '664-740-3599x85222', '2009-03-15', 'Femenino', '1970-02-22 11:03:42'),
('909060645', 'Dr. Kasey Gaylord', '228.489.0431', '2020-01-21', 'Femenino', '2013-06-22 20:00:45'),
('909337702', 'Reggie Morar DVM', '+82(9)0645662217', '2005-05-27', 'Femenino', '2005-12-14 16:10:42'),
('910275936', 'Mrs. Juana Stark', '572.124.6376', '1993-05-25', 'Femenino', '2014-01-23 05:15:52'),
('910767181', 'Dr. Edwardo Hane', '323-066-1075', '2003-11-06', 'Femenino', '1995-10-03 03:00:42'),
('911587793', 'Dayna Bednar', '04864919248', '1982-02-05', 'Femenino', '1991-11-21 00:00:49'),
('911826586', 'Ariel Trantow', '1-784-409-0741x57717', '1994-07-11', 'Masculino', '1978-01-24 14:33:51'),
('917543266', 'Ms. Nya Doyle', '(669)497-1901x43781', '1981-11-07', 'Otro', '1989-09-07 20:13:04'),
('922153004', 'Prof. Destany Rath Sr.', '194-674-2655', '2006-05-19', 'Masculino', '2012-10-26 04:21:12'),
('924520761', 'Gabrielle O\'Hara', '08368042306', '2016-04-20', 'Femenino', '1983-08-26 22:17:53'),
('925229415', 'Annabel Rodriguez', '892.019.1154x559', '1991-02-18', 'Masculino', '1975-03-11 01:32:04'),
('925975637', 'Penelope Cole', '274.284.0961x2883', '2000-01-23', 'Otro', '2017-05-27 14:59:33'),
('926442360', 'Kasandra Nicolas', '1-573-305-7560x78148', '1975-05-24', 'Femenino', '1975-04-19 01:27:01'),
('927896863', 'Dr. Rae Zulauf', '07097630354', '1982-09-09', 'Otro', '1978-12-27 09:39:21'),
('930577418', 'Concepcion Greenholt', '306-850-2761x24741', '1994-12-04', 'Femenino', '2009-03-16 17:03:50'),
('935246476', 'Emil D\'Amore', '1-032-294-4921x4666', '2004-05-27', 'Otro', '1972-12-01 16:02:02'),
('936117786', 'Jamir Batz II', '1-775-694-3855x75683', '1998-02-18', 'Otro', '1976-02-15 13:42:27'),
('942842732', 'Myriam Murphy', '+01(0)1619600140', '1978-04-27', 'Femenino', '1980-09-06 16:38:34'),
('943404556', 'Prof. Jany Greenholt MD', '1-439-835-4729x797', '1991-09-09', 'Masculino', '2009-12-08 16:56:20'),
('946785873', 'Ms. Marilie Doyle', '(914)793-0581x8801', '2000-07-24', 'Femenino', '1991-04-17 08:30:27'),
('950332222', 'Ima Kreiger', '1-199-304-9502x756', '2014-07-29', 'Femenino', '2007-09-14 23:27:35'),
('952160986', 'Miss Maymie Kozey Jr.', '(082)638-7213', '1977-03-09', 'Masculino', '1999-01-25 07:22:27'),
('956674720', 'Kacie Weimann', '(128)791-0179', '2017-06-20', 'Femenino', '1971-03-23 11:52:18'),
('958975457', 'Katlyn Cruickshank', '866-282-2238x2199', '1995-08-18', 'Masculino', '2005-07-14 00:13:35'),
('961976808', 'Miss Alfreda Corkery DVM', '+76(8)3167019231', '1994-10-23', 'Femenino', '1990-04-07 01:55:29'),
('964010228', 'Emery Nikolaus', '1-977-777-2707x5883', '2001-06-12', 'Femenino', '1998-07-27 07:38:44'),
('964412214', 'Roberta Little', '07176276614', '1984-05-18', 'Femenino', '1998-03-08 18:22:59'),
('965125346', 'Ruby Heller', '1-881-297-2844', '1998-08-28', 'Otro', '1970-02-19 22:23:03'),
('966585588', 'Diamond Grant', '1-020-361-5058x3717', '2020-12-28', 'Femenino', '2017-11-25 16:10:28'),
('971997217', 'Henri Cruickshank', '(894)160-4206', '2001-05-01', 'Otro', '1995-06-30 18:15:39'),
('974054265', 'Marjory O\'Hara', '1-875-405-0321x757', '2015-07-21', 'Masculino', '1984-06-30 19:23:45'),
('975376130', 'Cordie Hilpert V', '1-867-993-4154', '1988-11-12', 'Masculino', '1981-12-20 03:59:06'),
('978690517', 'Jenifer Gislason', '149.589.1620x4685', '2014-10-28', 'Otro', '1999-05-05 21:02:57'),
('982881272', 'Laverne Rau', '477-807-5036x67436', '2000-02-18', 'Femenino', '2004-09-05 14:00:34'),
('985779664', 'Paolo Rolfson', '794-475-4274', '2003-03-10', 'Masculino', '2020-02-13 14:52:52'),
('988114286', 'Zelda Mayer', '685.070.6318x522', '1991-02-06', 'Otro', '1988-01-27 14:24:05'),
('989713805', 'Christina Smith', '993.869.5985x165', '2013-07-18', 'Otro', '2004-10-16 09:01:21'),
('990549449', 'Greta Gulgowski', '762.701.1446x74429', '1986-02-26', 'Femenino', '1971-08-04 14:11:05'),
('996304974', 'Elisabeth Rutherford IV', '08367337978', '1993-07-11', 'Masculino', '2010-07-11 23:12:32'),
('996512668', 'Clay Rogahn', '082.494.8461', '1972-10-22', 'Masculino', '1973-08-19 02:21:56'),
('996590543', 'Bulah Bayer', '352-576-6379x9264', '2019-11-15', 'Femenino', '2003-04-18 17:05:08'),
('996829902', 'Wilfrid Metz', '952-439-5264', '1980-05-13', 'Masculino', '2013-11-20 09:33:37'),
('998171395', 'Dr. Duncan Konopelski', '+19(8)3321107414', '1978-07-12', 'Otro', '2001-12-18 08:31:31');

-- --------------------------------------------------------

--
-- Estructura de tabla para la tabla `planta`
--

DROP TABLE IF EXISTS `planta`;
CREATE TABLE IF NOT EXISTS `planta` (
  `ID_EDIFICIO` varchar(6) COLLATE utf8_spanish_ci NOT NULL,
  `NUM_PLANTA` int(2) NOT NULL,
  `ACCESIBILIDAD` varchar(20) COLLATE utf8_spanish_ci DEFAULT NULL,
  PRIMARY KEY (`ID_EDIFICIO`,`NUM_PLANTA`)
) ENGINE=InnoDB DEFAULT CHARSET=utf8 COLLATE=utf8_spanish_ci;

-- --------------------------------------------------------

--
-- Estructura de tabla para la tabla `practica`
--

DROP TABLE IF EXISTS `practica`;
CREATE TABLE IF NOT EXISTS `practica` (
  `ID_PRACTICA` varchar(3) COLLATE utf8_spanish_ci NOT NULL,
  `NOMBRE` varchar(40) COLLATE utf8_spanish_ci NOT NULL,
  `HORAS_TOTALES` float(4,1) UNSIGNED NOT NULL,
  `DESCRIPCION` varchar(300) COLLATE utf8_spanish_ci DEFAULT NULL,
  PRIMARY KEY (`ID_PRACTICA`)
) ENGINE=InnoDB DEFAULT CHARSET=utf8 COLLATE=utf8_spanish_ci;

--
-- Restricciones para tablas volcadas
--

--
-- Filtros para la tabla `agencia`
--
ALTER TABLE `agencia`
  ADD CONSTRAINT `agencia_ibfk_1` FOREIGN KEY (`ID_CLIENTE`) REFERENCES `cliente` (`ID_CLIENTE`) ON DELETE SET NULL;

--
-- Filtros para la tabla `apartamento`
--
ALTER TABLE `apartamento`
  ADD CONSTRAINT `apartamento_ibfk_1` FOREIGN KEY (`ID_ESPACIO`) REFERENCES `espacio_hospedaje` (`ID_ESPACIO`) ON DELETE CASCADE;

--
-- Filtros para la tabla `aprendiz`
--
ALTER TABLE `aprendiz`
  ADD CONSTRAINT `aprendiz_ibfk_1` FOREIGN KEY (`NUM_ID`) REFERENCES `persona` (`NUM_ID`) ON DELETE CASCADE;

--
-- Filtros para la tabla `aprendiz_realiza_practica`
--
ALTER TABLE `aprendiz_realiza_practica`
  ADD CONSTRAINT `aprendiz_realiza_practica_ibfk_1` FOREIGN KEY (`NUM_ID_APRENDIZ`) REFERENCES `aprendiz` (`NUM_ID`) ON DELETE CASCADE,
  ADD CONSTRAINT `aprendiz_realiza_practica_ibfk_2` FOREIGN KEY (`ID_PRACTICA`) REFERENCES `practica` (`ID_PRACTICA`) ON DELETE CASCADE;

--
-- Filtros para la tabla `cliente_prioritario`
--
ALTER TABLE `cliente_prioritario`
  ADD CONSTRAINT `cliente_prioritario_ibfk_1` FOREIGN KEY (`NUM_ID`) REFERENCES `empleado` (`NUM_ID`) ON DELETE CASCADE,
  ADD CONSTRAINT `cliente_prioritario_ibfk_2` FOREIGN KEY (`ID_CLIENTE`) REFERENCES `cliente` (`ID_CLIENTE`) ON DELETE CASCADE;

--
-- Filtros para la tabla `cliente_reserva_esp_hospedaje`
--
ALTER TABLE `cliente_reserva_esp_hospedaje`
  ADD CONSTRAINT `cliente_reserva_esp_hospedaje_ibfk_1` FOREIGN KEY (`ID_CLIENTE`) REFERENCES `cliente` (`ID_CLIENTE`) ON DELETE CASCADE,
  ADD CONSTRAINT `cliente_reserva_esp_hospedaje_ibfk_2` FOREIGN KEY (`ID_ESPACIO`) REFERENCES `espacio_hospedaje` (`ID_ESPACIO`) ON DELETE CASCADE;

--
-- Filtros para la tabla `contrato_asignado_a_empleado`
--
ALTER TABLE `contrato_asignado_a_empleado`
  ADD CONSTRAINT `contrato_asignado_a_empleado_ibfk_1` FOREIGN KEY (`COD_CONTRATO`) REFERENCES `contrato` (`COD_CONTRATO`) ON DELETE CASCADE,
  ADD CONSTRAINT `contrato_asignado_a_empleado_ibfk_2` FOREIGN KEY (`NUM_ID_EMPLEADO`) REFERENCES `empleado` (`NUM_ID`) ON DELETE CASCADE;

--
-- Filtros para la tabla `edificio`
--
ALTER TABLE `edificio`
  ADD CONSTRAINT `edificio_ibfk_1` FOREIGN KEY (`ID_HOTEL`) REFERENCES `hotel` (`ID_HOTEL`) ON DELETE CASCADE;

--
-- Filtros para la tabla `empleado`
--
ALTER TABLE `empleado`
  ADD CONSTRAINT `empleado_ibfk_1` FOREIGN KEY (`NUM_ID`) REFERENCES `persona` (`NUM_ID`) ON DELETE CASCADE,
  ADD CONSTRAINT `empleado_ibfk_2` FOREIGN KEY (`ID_HOTEL`) REFERENCES `hotel` (`ID_HOTEL`) ON DELETE CASCADE,
  ADD CONSTRAINT `empleado_ibfk_3` FOREIGN KEY (`ID_PRACTICA_SUPERVISADA`) REFERENCES `aprendiz_realiza_practica` (`ID_APRENDIZ_PRACTICA`) ON DELETE SET NULL;

--
-- Filtros para la tabla `empresa`
--
ALTER TABLE `empresa`
  ADD CONSTRAINT `empresa_ibfk_1` FOREIGN KEY (`ID_CLIENTE`) REFERENCES `cliente` (`ID_CLIENTE`) ON DELETE SET NULL;

--
-- Filtros para la tabla `espacio`
--
ALTER TABLE `espacio`
  ADD CONSTRAINT `espacio_ibfk_1` FOREIGN KEY (`ID_HOTEL`) REFERENCES `hotel` (`ID_HOTEL`) ON DELETE CASCADE,
  ADD CONSTRAINT `espacio_ibfk_2` FOREIGN KEY (`ID_ESPACIO_CONT`) REFERENCES `espacio` (`ID_ESPACIO`) ON DELETE SET NULL;

--
-- Filtros para la tabla `espacio_en_planta`
--
ALTER TABLE `espacio_en_planta`
  ADD CONSTRAINT `espacio_en_planta_ibfk_1` FOREIGN KEY (`ID_EDIFICIO`,`NUM_PLANTA`) REFERENCES `planta` (`ID_EDIFICIO`, `NUM_PLANTA`) ON DELETE CASCADE,
  ADD CONSTRAINT `espacio_en_planta_ibfk_2` FOREIGN KEY (`ID_ESPACIO`) REFERENCES `espacio` (`ID_ESPACIO`) ON DELETE CASCADE;

--
-- Filtros para la tabla `espacio_hospedaje`
--
ALTER TABLE `espacio_hospedaje`
  ADD CONSTRAINT `espacio_hospedaje_ibfk_1` FOREIGN KEY (`ID_ESPACIO`) REFERENCES `espacio` (`ID_ESPACIO`) ON DELETE CASCADE;

--
-- Filtros para la tabla `espacio_instalacion`
--
ALTER TABLE `espacio_instalacion`
  ADD CONSTRAINT `espacio_instalacion_ibfk_1` FOREIGN KEY (`ID_ESPACIO`) REFERENCES `espacio` (`ID_ESPACIO`) ON DELETE CASCADE;

--
-- Filtros para la tabla `espacio_trabajo`
--
ALTER TABLE `espacio_trabajo`
  ADD CONSTRAINT `espacio_trabajo_ibfk_1` FOREIGN KEY (`ID_ESPACIO`) REFERENCES `espacio` (`ID_ESPACIO`) ON DELETE CASCADE;

--
-- Filtros para la tabla `habitacion`
--
ALTER TABLE `habitacion`
  ADD CONSTRAINT `habitacion_ibfk_1` FOREIGN KEY (`ID_ESPACIO`) REFERENCES `espacio_hospedaje` (`ID_ESPACIO`) ON DELETE CASCADE;

--
-- Filtros para la tabla `huesped`
--
ALTER TABLE `huesped`
  ADD CONSTRAINT `huesped_ibfk_1` FOREIGN KEY (`ID_CLIENTE`) REFERENCES `cliente` (`ID_CLIENTE`) ON DELETE SET NULL,
  ADD CONSTRAINT `huesped_ibfk_2` FOREIGN KEY (`NUM_ID`) REFERENCES `persona` (`NUM_ID`) ON DELETE CASCADE;

--
-- Filtros para la tabla `planta`
--
ALTER TABLE `planta`
  ADD CONSTRAINT `planta_ibfk_1` FOREIGN KEY (`ID_EDIFICIO`) REFERENCES `edificio` (`ID_EDIFICIO`) ON DELETE CASCADE;
SET FOREIGN_KEY_CHECKS=1;
COMMIT;

/*!40101 SET CHARACTER_SET_CLIENT=@OLD_CHARACTER_SET_CLIENT */;
/*!40101 SET CHARACTER_SET_RESULTS=@OLD_CHARACTER_SET_RESULTS */;
/*!40101 SET COLLATION_CONNECTION=@OLD_COLLATION_CONNECTION */;
